timestamp,open,high,low,close,volume
2024-01-01 00:00:00+00:00,1.0851870090157667,1.0852289979548468,1.0851583149833928,1.0851870090157667,1303
2024-01-01 00:05:00+00:00,1.0851870090157667,1.0852357587454773,1.08449813974408,1.0846444241351094,1134
2024-01-01 00:10:00+00:00,1.0846444241351094,1.0851864924161398,1.084404890617967,1.0850731033761507,498
2024-01-01 00:15:00+00:00,1.0850731033761507,1.0856748700636958,1.0850266679717833,1.0856050955760885,562
2024-01-01 00:20:00+00:00,1.0856050955760885,1.0856433055406431,1.084432889864347,1.0845677808067746,1482
2024-01-01 00:25:00+00:00,1.0845677808067746,1.0848265559187684,1.0838726557574074,1.0838833211934058,1434
2024-01-01 00:30:00+00:00,1.0838833211934058,1.0842428126556751,1.0836447583965758,1.0839742809002135,1047
2024-01-01 00:35:00+00:00,1.0839742809002135,1.0840433329539294,1.083568357301248,1.0838245609675188,151
2024-01-01 00:40:00+00:00,1.0838245609675188,1.083969678360958,1.083549811153892,1.0838371327051604,421
2024-01-01 00:45:00+00:00,1.0838371327051604,1.0838862372180857,1.0832714477504568,1.083396529105548,594
2024-01-01 00:50:00+00:00,1.083396529105548,1.084021532516983,1.0832558272258181,1.0838945653929646,850
2024-01-01 00:55:00+00:00,1.0838945653929646,1.0845444868341485,1.0838631459981396,1.0843377655101814,1314
2024-01-01 01:00:00+00:00,1.0843377655101814,1.0846248516995598,1.0842726410948211,1.0843952520550157,1287
2024-01-01 01:05:00+00:00,1.0843952520550157,1.0853006482873733,1.0842740372187645,1.0850281274664353,483
2024-01-01 01:10:00+00:00,1.0850281274664353,1.0853606925700776,1.0848956677958965,1.085303458422083,252
2024-01-01 01:15:00+00:00,1.085303458422083,1.085371708922273,1.0847438433411747,1.08485886795037,485
2024-01-01 01:20:00+00:00,1.08485886795037,1.0852325965049208,1.084827994031172,1.0850805864068167,429
2024-01-01 01:25:00+00:00,1.0850805864068167,1.0851636668251654,1.0844349717717623,1.0845820555711434,1358
2024-01-01 01:30:00+00:00,1.0845820555711434,1.0852739028855332,1.0843923691771589,1.0850801229290092,119
2024-01-01 01:35:00+00:00,1.0850801229290092,1.0852239088775781,1.085042519528432,1.0850747377246526,1262
2024-01-01 01:40:00+00:00,1.0850747377246526,1.085201162682794,1.0849563951085268,1.0849961444790877,1019
2024-01-01 01:45:00+00:00,1.0849961444790877,1.085174116600898,1.0845804406330268,1.0846484414368072,248
2024-01-01 01:50:00+00:00,1.0846484414368072,1.0853983705614407,1.0846470262357861,1.0853331481844284,1059
2024-01-01 01:55:00+00:00,1.0853331481844284,1.085503005565345,1.085182132119587,1.0852709968627616,912
2024-01-01 02:00:00+00:00,1.0852709968627616,1.0853403947751699,1.0848570610317514,1.0850602764014274,105
2024-01-01 02:05:00+00:00,1.0850602764014274,1.0854873832707652,1.0848031792101647,1.084890934543144,412
2024-01-01 02:10:00+00:00,1.084890934543144,1.0852210398006545,1.0848434006387055,1.0852013810667251,587
2024-01-01 02:15:00+00:00,1.0852013810667251,1.085449072946982,1.0849423167518555,1.0854213752960218,401
2024-01-01 02:20:00+00:00,1.0854213752960218,1.0858013875301586,1.0853051875789177,1.0856670781229816,910
2024-01-01 02:25:00+00:00,1.0856670781229816,1.0862299127427961,1.0855830351020983,1.085922655554309,961
2024-01-01 02:30:00+00:00,1.085922655554309,1.0872966668263857,1.0858704332151359,1.0871072058324194,337
2024-01-01 02:35:00+00:00,1.0871072058324194,1.0872410177434233,1.0868102966546411,1.0869080396301007,273
2024-01-01 02:40:00+00:00,1.0869080396301007,1.0871121680624034,1.086561588570012,1.0866513974206584,1017
2024-01-01 02:45:00+00:00,1.0866513974206584,1.0866599908841947,1.085890825860766,1.0862309868124402,757
2024-01-01 02:50:00+00:00,1.0862309868124402,1.086752512507539,1.0861091346976202,1.0865872594001966,471
2024-01-01 02:55:00+00:00,1.0865872594001966,1.0874622900107012,1.0863233126191187,1.0872223546001276,458
2024-01-01 03:00:00+00:00,1.0872223546001276,1.0873386407880452,1.0870108345649345,1.0871821559356136,154
2024-01-01 03:05:00+00:00,1.0871821559356136,1.087307915094755,1.0866324942646135,1.0867471980137586,1295
2024-01-01 03:10:00+00:00,1.0867471980137586,1.0870163964608857,1.0861621668704105,1.0863209316322353,1278
2024-01-01 03:15:00+00:00,1.0863209316322353,1.0868792741890276,1.0863056697713447,1.0866960343325593,876
2024-01-01 03:20:00+00:00,1.0866960343325593,1.0871225158864728,1.086491846064821,1.0871216139334199,589
2024-01-01 03:25:00+00:00,1.0871216139334199,1.0875730499538565,1.0868705444349729,1.087438593738086,401
2024-01-01 03:30:00+00:00,1.087438593738086,1.0874999372689533,1.087016257088072,1.087098492039854,530
2024-01-01 03:35:00+00:00,1.087098492039854,1.0875413250944201,1.086749325970384,1.0872464251218028,1397
2024-01-01 03:40:00+00:00,1.0872464251218028,1.0876785322220588,1.0871883053220386,1.0873316031647307,224
2024-01-01 03:45:00+00:00,1.0873316031647307,1.087696108294286,1.08706533973266,1.0874722433080315,1252
2024-01-01 03:50:00+00:00,1.0874722433080315,1.0881153158753996,1.087300448020618,1.087967820056917,526
2024-01-01 03:55:00+00:00,1.087967820056917,1.088282474541954,1.087667770327063,1.0881112117942053,471
2024-01-01 04:00:00+00:00,1.0881112117942053,1.0885028305161908,1.0879879827061147,1.08850234074835,1233
2024-01-01 04:05:00+00:00,1.08850234074835,1.0887273601098693,1.0884174192409835,1.0885608907828273,1445
2024-01-01 04:10:00+00:00,1.0885608907828273,1.0888084841077852,1.088544173511559,1.0887400240357332,1488
2024-01-01 04:15:00+00:00,1.0887400240357332,1.0891296678026523,1.0887088393483875,1.0891054532153004,474
2024-01-01 04:20:00+00:00,1.0891054532153004,1.0892843639576106,1.0881409731051892,1.0883337371495703,927
2024-01-01 04:25:00+00:00,1.0883337371495703,1.088453026005408,1.0881797860954041,1.0881815493395346,509
2024-01-01 04:30:00+00:00,1.0881815493395346,1.0881866385114207,1.0877835977512733,1.0879473875486638,370
2024-01-01 04:35:00+00:00,1.0879473875486638,1.087950300305574,1.0876183561227946,1.0876216137534354,640
2024-01-01 04:40:00+00:00,1.0876216137534354,1.0876661130382042,1.087358311038924,1.087493740856065,187
2024-01-01 04:45:00+00:00,1.087493740856065,1.0883919958493067,1.0872902373159585,1.0883283603903393,330
2024-01-01 04:50:00+00:00,1.0883283603903393,1.0883402560758095,1.0877468615398098,1.0878789726782885,933
2024-01-01 04:55:00+00:00,1.0878789726782885,1.0884330325978593,1.08781495093236,1.088427415088572,1061
2024-01-01 05:00:00+00:00,1.088427415088572,1.0885985856969027,1.0874772910015997,1.0875333428391485,478
2024-01-01 05:05:00+00:00,1.0875333428391485,1.0876641398070737,1.087242426717515,1.0873729941879415,880
2024-01-01 05:10:00+00:00,1.0873729941879415,1.0876424986723534,1.087012406174125,1.0874832282916838,1170
2024-01-01 05:15:00+00:00,1.0874832282916838,1.0878593413609465,1.0874147147662596,1.087823731432951,1352
2024-01-01 05:20:00+00:00,1.087823731432951,1.088280532547177,1.0876772493210778,1.0882323324835421,895
2024-01-01 05:25:00+00:00,1.0882323324835421,1.0887442495324102,1.0881198534732273,1.088685770186307,437
2024-01-01 05:30:00+00:00,1.088685770186307,1.0890318259320961,1.0883942620784604,1.088517717889779,1097
2024-01-01 05:35:00+00:00,1.088517717889779,1.088663183557568,1.08812658117604,1.08828784918503,338
2024-01-01 05:40:00+00:00,1.08828784918503,1.0888870409801232,1.088262844916204,1.0887764773052468,294
2024-01-01 05:45:00+00:00,1.0887764773052468,1.0889757174060264,1.0883090870209418,1.088694109010324,602
2024-01-01 05:50:00+00:00,1.088694109010324,1.0887721953107923,1.0878992226934807,1.0880214667999226,560
2024-01-01 05:55:00+00:00,1.0880214667999226,1.0880294382303919,1.0874044875452247,1.0874267068208159,304
2024-01-01 06:00:00+00:00,1.0874267068208159,1.0877388721284826,1.0868900288963659,1.0869485368692293,173
2024-01-01 06:05:00+00:00,1.0869485368692293,1.0872856999103038,1.0866630309456997,1.0872404699116358,1424
2024-01-01 06:10:00+00:00,1.0872404699116358,1.0875416978213261,1.0870574318308213,1.0873396402331406,1048
2024-01-01 06:15:00+00:00,1.0873396402331406,1.0877431536905497,1.0869301053598248,1.0877367830741846,1104
2024-01-01 06:20:00+00:00,1.0877367830741846,1.0878045630254984,1.0872439761309936,1.087526168600303,192
2024-01-01 06:25:00+00:00,1.087526168600303,1.087645540557479,1.0872770077588638,1.0876341271550791,1214
2024-01-01 06:30:00+00:00,1.0876341271550791,1.0881344554563828,1.0875700407298456,1.0879960865686717,610
2024-01-01 06:35:00+00:00,1.0879960865686717,1.0881079649254721,1.0878275148422303,1.0878495625780984,1147
2024-01-01 06:40:00+00:00,1.0878495625780984,1.088280385338556,1.0875963781022708,1.0881197709405366,786
2024-01-01 06:45:00+00:00,1.0881197709405366,1.0882239980472366,1.087745623421405,1.087781405984269,439
2024-01-01 06:50:00+00:00,1.087781405984269,1.0877976754482714,1.0873132876570182,1.0876057000005563,467
2024-01-01 06:55:00+00:00,1.0876057000005563,1.087641724566031,1.0873984263048544,1.087419861959847,296
2024-01-01 07:00:00+00:00,1.087419861959847,1.0875357170110658,1.0866993725256586,1.08679142046592,1261
2024-01-01 07:05:00+00:00,1.08679142046592,1.0872905267763817,1.0865048220494402,1.0870777750513896,701
2024-01-01 07:10:00+00:00,1.0870777750513896,1.0872368968766573,1.0866193515530418,1.086844378181095,1192
2024-01-01 07:15:00+00:00,1.086844378181095,1.0869925610082594,1.0868329526533227,1.0868729046500085,1260
2024-01-01 07:20:00+00:00,1.0868729046500085,1.0873901097899321,1.0865865026861232,1.0871558973668847,333
2024-01-01 07:25:00+00:00,1.0871558973668847,1.0877515453263216,1.087005174233835,1.0874203649855214,562
2024-01-01 07:30:00+00:00,1.0874203649855214,1.0878536031517971,1.0872119818569537,1.0878038900518485,273
2024-01-01 07:35:00+00:00,1.0878038900518485,1.0878821796763796,1.0877505836437258,1.087772079683068,113
2024-01-01 07:40:00+00:00,1.087772079683068,1.0879907558723974,1.0875297849343382,1.0875636090820524,1481
2024-01-01 07:45:00+00:00,1.0875636090820524,1.0875637999476724,1.087459920586941,1.0875420110416525,1024
2024-01-01 07:50:00+00:00,1.0875420110416525,1.0876250853282154,1.086519582125907,1.0866462383400701,732
2024-01-01 07:55:00+00:00,1.0866462383400701,1.0866874370691149,1.0858688861156478,1.0858817216025303,380
2024-01-01 08:00:00+00:00,1.0858817216025303,1.0860569349639038,1.0850123707045165,1.085185291570849,927
2024-01-01 08:05:00+00:00,1.085185291570849,1.0855616063409705,1.0846077810467531,1.084665896481991,859
2024-01-01 08:10:00+00:00,1.084665896481991,1.085058521429235,1.0841704223599904,1.0849044005349302,412
2024-01-01 08:15:00+00:00,1.0849044005349302,1.0850707305775638,1.0843430968245535,1.0844349195170648,120
2024-01-01 08:20:00+00:00,1.0844349195170648,1.0845776999163066,1.0841046463328607,1.0842515618760282,756
2024-01-01 08:25:00+00:00,1.0842515618760282,1.085238995577371,1.084084646679869,1.0849775920628197,812
2024-01-01 08:30:00+00:00,1.0849775920628197,1.0851472318871114,1.0847716979363504,1.0848060224019307,1217
2024-01-01 08:35:00+00:00,1.0848060224019307,1.0852498109698212,1.0845262179358643,1.0852277491875228,651
2024-01-01 08:40:00+00:00,1.0852277491875228,1.0852337005218693,1.0846949310945249,1.0847428598357671,235
2024-01-01 08:45:00+00:00,1.0847428598357671,1.0848757208160065,1.0843431421760037,1.0846531312309444,1332
2024-01-01 08:50:00+00:00,1.0846531312309444,1.0847979368424734,1.084133310532566,1.0841596020952704,679
2024-01-01 08:55:00+00:00,1.0841596020952704,1.0842213832268395,1.0837777892776417,1.0839975023049795,1110
2024-01-01 09:00:00+00:00,1.0839975023049795,1.084516935177376,1.0839355041397927,1.0844746282161108,160
2024-01-01 09:05:00+00:00,1.0844746282161108,1.084573660775282,1.0834614417797601,1.0835597001217994,150
2024-01-01 09:10:00+00:00,1.0835597001217994,1.083847296101215,1.0831852157645279,1.0838167332922648,132
2024-01-01 09:15:00+00:00,1.0838167332922648,1.084005444854823,1.0836414800418266,1.0839672405388843,1205
2024-01-01 09:20:00+00:00,1.0839672405388843,1.0839689600153375,1.0836424662330506,1.0836669003397237,437
2024-01-01 09:25:00+00:00,1.0836669003397237,1.0837961853901137,1.0827874868726313,1.0829050511613418,1207
2024-01-01 09:30:00+00:00,1.0829050511613418,1.0832332283111894,1.0827637531164183,1.0829657639664858,1422
2024-01-01 09:35:00+00:00,1.0829657639664858,1.0830608731982052,1.0825845967236545,1.082700712043672,1028
2024-01-01 09:40:00+00:00,1.082700712043672,1.0829788055270417,1.0825668794396806,1.0828483254077677,1480
2024-01-01 09:45:00+00:00,1.0828483254077677,1.0829142764032542,1.0827690518364745,1.0828818136538692,1401
2024-01-01 09:50:00+00:00,1.0828818136538692,1.083885803497676,1.0825164526817423,1.0837707399055954,1111
2024-01-01 09:55:00+00:00,1.0837707399055954,1.083877055577015,1.0835950948263628,1.08366271200765,1224
2024-01-01 10:00:00+00:00,1.08366271200765,1.083690547102109,1.0829657263274135,1.0831298222275962,944
2024-01-01 10:05:00+00:00,1.0831298222275962,1.0834797332856605,1.0830702438297843,1.0832485742173508,406
2024-01-01 10:10:00+00:00,1.0832485742173508,1.083442708808571,1.0831182842760456,1.0833893947359576,243
2024-01-01 10:15:00+00:00,1.0833893947359576,1.0841608081140548,1.0832593768519083,1.0841473272260884,634
2024-01-01 10:20:00+00:00,1.0841473272260884,1.0847047500373095,1.0838808254384018,1.0846217019852302,765
2024-01-01 10:25:00+00:00,1.0846217019852302,1.0850780456909517,1.084403538239951,1.084836929467052,589
2024-01-01 10:30:00+00:00,1.084836929467052,1.0857304894699495,1.0847406698057867,1.085652348713337,242
2024-01-01 10:35:00+00:00,1.085652348713337,1.085875967299557,1.0849176175214703,1.0850287700593164,806
2024-01-01 10:40:00+00:00,1.0850287700593164,1.0850716436574643,1.0845027705251786,1.0847033962253563,798
2024-01-01 10:45:00+00:00,1.0847033962253563,1.0847166384747433,1.0839980380097354,1.0842225602580289,1435
2024-01-01 10:50:00+00:00,1.0842225602580289,1.08437488233059,1.083946776074184,1.0840329244178386,1436
2024-01-01 10:55:00+00:00,1.0840329244178386,1.0840348642188524,1.083294949281175,1.0833084185210564,961
2024-01-01 11:00:00+00:00,1.0833084185210564,1.0836762388034913,1.0831792947962484,1.0836741168732846,1290
2024-01-01 11:05:00+00:00,1.0836741168732846,1.0838963427629265,1.0833893589590717,1.0835753818631082,538
2024-01-01 11:10:00+00:00,1.0835753818631082,1.0836630746657205,1.082500579346447,1.0828001886246392,1457
2024-01-01 11:15:00+00:00,1.0828001886246392,1.082852696193437,1.0822011259237365,1.0822720100180643,1418
2024-01-01 11:20:00+00:00,1.0822720100180643,1.082530445554514,1.0821087473777704,1.082463309089189,275
2024-01-01 11:25:00+00:00,1.082463309089189,1.0830135210596334,1.0824527052679782,1.0829385789844301,1080
2024-01-01 11:30:00+00:00,1.0829385789844301,1.0841359322089386,1.0829191466778436,1.0840414062132415,740
2024-01-01 11:35:00+00:00,1.0840414062132415,1.0857188145363135,1.0840010604318653,1.085642460823947,472
2024-01-01 11:40:00+00:00,1.085642460823947,1.0859187815409899,1.0854897448769034,1.0858891239116288,676
2024-01-01 11:45:00+00:00,1.0858891239116288,1.0863565372878412,1.0852381104894264,1.0853735773529878,1369
2024-01-01 11:50:00+00:00,1.0853735773529878,1.085452489769743,1.0842065374953558,1.0842382514751352,1393
2024-01-01 11:55:00+00:00,1.0842382514751352,1.0845805768564918,1.084166363993912,1.0844050677440806,581
2024-01-01 12:00:00+00:00,1.0844050677440806,1.084678631546898,1.0839684552347209,1.0839859771236695,746
2024-01-01 12:05:00+00:00,1.0839859771236695,1.0840043004758189,1.0836856117548295,1.0837825361204463,822
2024-01-01 12:10:00+00:00,1.0837825361204463,1.0840402478833147,1.0834405980596267,1.0834725218605505,1126
2024-01-01 12:15:00+00:00,1.0834725218605505,1.0835961373457044,1.0829924333819767,1.0834179197826075,770
2024-01-01 12:20:00+00:00,1.0834179197826075,1.0840173886290583,1.0833883116445968,1.084017039183088,654
2024-01-01 12:25:00+00:00,1.084017039183088,1.0843358984524796,1.0839438281925464,1.0841238411854164,1393
2024-01-01 12:30:00+00:00,1.0841238411854164,1.0843884591967858,1.0839448163042826,1.084059533757802,621
2024-01-01 12:35:00+00:00,1.084059533757802,1.0840730843871174,1.0833540693154946,1.0835198597862659,471
2024-01-01 12:40:00+00:00,1.0835198597862659,1.0835274379527908,1.0825107895236654,1.0826342540687452,557
2024-01-01 12:45:00+00:00,1.0826342540687452,1.082854185879884,1.0822680734377197,1.082392659953633,566
2024-01-01 12:50:00+00:00,1.082392659953633,1.0825000568574954,1.0823503116219195,1.0823852008877124,877
2024-01-01 12:55:00+00:00,1.0823852008877124,1.0835059328285939,1.0822172920795279,1.0833636391790629,1024
2024-01-01 13:00:00+00:00,1.0833636391790629,1.0835610683520083,1.0831569845536855,1.083455873791684,288
2024-01-01 13:05:00+00:00,1.083455873791684,1.0840903969235722,1.083409865013629,1.0840099203569724,1341
2024-01-01 13:10:00+00:00,1.0840099203569724,1.0841114033692512,1.0837423480040016,1.083760979864376,454
2024-01-01 13:15:00+00:00,1.083760979864376,1.0841051677173592,1.0829952152571851,1.083140557175285,260
2024-01-01 13:20:00+00:00,1.083140557175285,1.0831492072655304,1.0824927151615429,1.0826395414326366,1035
2024-01-01 13:25:00+00:00,1.0826395414326366,1.0828799219461362,1.0821520611347124,1.0822686150164933,393
2024-01-01 13:30:00+00:00,1.0822686150164933,1.083704720525584,1.082259962223252,1.0834420483835072,1150
2024-01-01 13:35:00+00:00,1.0834420483835072,1.0834707792575653,1.0827358664367621,1.0830187547913481,1427
2024-01-01 13:40:00+00:00,1.0830187547913481,1.0836415777576787,1.0828843096109513,1.0834944649331122,1069
2024-01-01 13:45:00+00:00,1.0834944649331122,1.0836080095862586,1.0828705472651345,1.0830269765225635,1188
2024-01-01 13:50:00+00:00,1.0830269765225635,1.0838601858048702,1.0829503808982424,1.0835530964138655,792
2024-01-01 13:55:00+00:00,1.0835530964138655,1.083962061650325,1.0835184314489203,1.0837833248814397,584
2024-01-01 14:00:00+00:00,1.0837833248814397,1.0839485460023803,1.0837137333893274,1.0837201197771742,958
2024-01-01 14:05:00+00:00,1.0837201197771742,1.0840829145095108,1.0836638430205325,1.0837197065947168,600
2024-01-01 14:10:00+00:00,1.0837197065947168,1.0838377881271402,1.0833756294910168,1.0833865778242624,1326
2024-01-01 14:15:00+00:00,1.0833865778242624,1.0836648411566199,1.0833768878577725,1.083649879873732,757
2024-01-01 14:20:00+00:00,1.083649879873732,1.0837200937825626,1.0833523827950209,1.0834250314744216,798
2024-01-01 14:25:00+00:00,1.0834250314744216,1.083580475200461,1.0826571937475071,1.0827827739934588,1043
2024-01-01 14:30:00+00:00,1.0827827739934588,1.0831173158485985,1.0819370237747017,1.0821125652530825,365
2024-01-01 14:35:00+00:00,1.0821125652530825,1.0822582276394097,1.0817709846751606,1.0822275872815765,885
2024-01-01 14:40:00+00:00,1.0822275872815765,1.0834474168680652,1.082194192688546,1.0831036998935832,1155
2024-01-01 14:45:00+00:00,1.0831036998935832,1.0834384272813402,1.0830275198806518,1.0832120057218877,1186
2024-01-01 14:50:00+00:00,1.0832120057218877,1.0834948534609805,1.0831013714129758,1.0831694147324116,414
2024-01-01 14:55:00+00:00,1.0831694147324116,1.0834540957042327,1.0829331279108234,1.0833458771868805,175
2024-01-01 15:00:00+00:00,1.0833458771868805,1.0841837641665906,1.0832646611285432,1.0840749699056627,371
2024-01-01 15:05:00+00:00,1.0840749699056627,1.0842285505449578,1.084058325061831,1.0842155649443426,1246
2024-01-01 15:10:00+00:00,1.0842155649443426,1.0842253739921446,1.0838404861121445,1.0840144824057767,471
2024-01-01 15:15:00+00:00,1.0840144824057767,1.0851232534060182,1.0839604684085502,1.0846357791871382,181
2024-01-01 15:20:00+00:00,1.0846357791871382,1.0850652952509503,1.084443231138475,1.0848899941895782,936
2024-01-01 15:25:00+00:00,1.0848899941895782,1.0857820455800888,1.084810665397397,1.0857447551440786,1333
2024-01-01 15:30:00+00:00,1.0857447551440786,1.085966359667936,1.0856004513027377,1.0858659429537691,414
2024-01-01 15:35:00+00:00,1.0858659429537691,1.0858661990016865,1.085027389413404,1.0852228556627548,160
2024-01-01 15:40:00+00:00,1.0852228556627548,1.0852407912349435,1.0844893878211752,1.0845021813032647,296
2024-01-01 15:45:00+00:00,1.0845021813032647,1.085589197146438,1.0845006976306657,1.0854190888187307,278
2024-01-01 15:50:00+00:00,1.0854190888187307,1.0863935996494154,1.0853562783741235,1.0863762470385474,386
2024-01-01 15:55:00+00:00,1.0863762470385474,1.0864595827968777,1.0858612023978826,1.0863004618588894,352
2024-01-01 16:00:00+00:00,1.0863004618588894,1.086353842758789,1.0860468185700216,1.0861140595861625,991
2024-01-01 16:05:00+00:00,1.0861140595861625,1.0870223946853825,1.0860407851466973,1.0869294294639071,412
2024-01-01 16:10:00+00:00,1.0869294294639071,1.0871597402288313,1.0862246571576955,1.0863495277867095,867
2024-01-01 16:15:00+00:00,1.0863495277867095,1.0865022087607636,1.0857993005750393,1.085885261639995,662
2024-01-01 16:20:00+00:00,1.085885261639995,1.0862678855207406,1.085743425327379,1.0862562688876132,1016
2024-01-01 16:25:00+00:00,1.0862562688876132,1.0864471933659163,1.0859678879115808,1.0860636728687703,1017
2024-01-01 16:30:00+00:00,1.0860636728687703,1.0861803611000047,1.086054761420618,1.0860826128055365,930
2024-01-01 16:35:00+00:00,1.0860826128055365,1.0861183934418357,1.0858697350461117,1.0860155782126557,1349
2024-01-01 16:40:00+00:00,1.0860155782126557,1.0862617196198276,1.0858291521575079,1.086220604133622,374
2024-01-01 16:45:00+00:00,1.086220604133622,1.0870847390853753,1.086051675849464,1.087006746444556,834
2024-01-01 16:50:00+00:00,1.087006746444556,1.0872303019888232,1.0869164160296994,1.087077719781949,651
2024-01-01 16:55:00+00:00,1.087077719781949,1.087643282998575,1.086684152153972,1.0874494670938821,845
2024-01-01 17:00:00+00:00,1.0874494670938821,1.0877188029500064,1.0860688158870464,1.0863564868038653,295
2024-01-01 17:05:00+00:00,1.0863564868038653,1.086394772837034,1.0862210475087988,1.0863517511576195,547
2024-01-01 17:10:00+00:00,1.0863517511576195,1.0865912372016109,1.0858753248078452,1.085915455852262,1417
2024-01-01 17:15:00+00:00,1.085915455852262,1.0860784287979224,1.085008284869199,1.0852754101913245,1220
2024-01-01 17:20:00+00:00,1.0852754101913245,1.0853395339938183,1.0847975324029258,1.0848205971144138,696
2024-01-01 17:25:00+00:00,1.0848205971144138,1.0850379817064042,1.0846344868032811,1.0846610615311307,254
2024-01-01 17:30:00+00:00,1.0846610615311307,1.0852412915564633,1.084461238809394,1.0851794766642868,1007
2024-01-01 17:35:00+00:00,1.0851794766642868,1.0852999678958035,1.084215551142426,1.0844814931761761,521
2024-01-01 17:40:00+00:00,1.0844814931761761,1.084609172121071,1.0844544267524752,1.0845197924494532,561
2024-01-01 17:45:00+00:00,1.0845197924494532,1.0845908871641947,1.084219929129193,1.0842789371786277,235
2024-01-01 17:50:00+00:00,1.0842789371786277,1.0843663457456238,1.084073294172801,1.0841229782401227,504
2024-01-01 17:55:00+00:00,1.0841229782401227,1.0848043864100547,1.0840447163107423,1.084688217099699,399
2024-01-01 18:00:00+00:00,1.084688217099699,1.0851291447511402,1.0846849210902605,1.0850017546010198,147
2024-01-01 18:05:00+00:00,1.0850017546010198,1.085943858835602,1.0847027481907445,1.0857489942826994,921
2024-01-01 18:10:00+00:00,1.0857489942826994,1.0858929951749092,1.0856118924784186,1.0856868320696569,1457
2024-01-01 18:15:00+00:00,1.0856868320696569,1.0857847963071132,1.0853044811324386,1.0853307579416147,276
2024-01-01 18:20:00+00:00,1.0853307579416147,1.085481452528393,1.084909702433896,1.085230984127075,173
2024-01-01 18:25:00+00:00,1.085230984127075,1.0857061873467395,1.0852297665554669,1.085384271262477,240
2024-01-01 18:30:00+00:00,1.085384271262477,1.0857222425601354,1.0852307974893038,1.085501803920897,864
2024-01-01 18:35:00+00:00,1.085501803920897,1.0855656415411172,1.0849267066574675,1.0849349613526957,1256
2024-01-01 18:40:00+00:00,1.0849349613526957,1.085170253357504,1.0848816151331915,1.0850057478157893,533
2024-01-01 18:45:00+00:00,1.0850057478157893,1.0852142818197605,1.0849349987353538,1.085151262455753,265
2024-01-01 18:50:00+00:00,1.085151262455753,1.0865468593546899,1.0851468851625434,1.0865388855460172,234
2024-01-01 18:55:00+00:00,1.0865388855460172,1.0876251617791162,1.086333538383356,1.0875802486498707,951
2024-01-01 19:00:00+00:00,1.0875802486498707,1.0876401434957763,1.0868712731404702,1.0871380149471637,599
2024-01-01 19:05:00+00:00,1.0871380149471637,1.0871888518975912,1.0869606776966194,1.0870035450188609,592
2024-01-01 19:10:00+00:00,1.0870035450188609,1.0871450526784723,1.0860045447119862,1.086229901767798,434
2024-01-01 19:15:00+00:00,1.086229901767798,1.0864883902645739,1.085917879608223,1.085930804554958,1354
2024-01-01 19:20:00+00:00,1.085930804554958,1.0862121185407017,1.0857983268574753,1.0861238857687843,624
2024-01-01 19:25:00+00:00,1.0861238857687843,1.0871338086841997,1.0859588803366684,1.0868004614566933,1090
2024-01-01 19:30:00+00:00,1.0868004614566933,1.086902525137201,1.0863825357000674,1.086426013140272,1139
2024-01-01 19:35:00+00:00,1.086426013140272,1.0864649099711194,1.0859597088537654,1.0860924008060886,183
2024-01-01 19:40:00+00:00,1.0860924008060886,1.0862361854728098,1.0849162606365668,1.084948045505338,447
2024-01-01 19:45:00+00:00,1.084948045505338,1.0850027017712962,1.084685072772789,1.0848815024299654,1353
2024-01-01 19:50:00+00:00,1.0848815024299654,1.085001316453996,1.0842407170015416,1.0843269031883431,1335
2024-01-01 19:55:00+00:00,1.0843269031883431,1.0843570926278636,1.0839398754184717,1.0840615470190562,679
2024-01-01 20:00:00+00:00,1.0840615470190562,1.084199580554596,1.08353275990694,1.083607942724146,318
2024-01-01 20:05:00+00:00,1.083607942724146,1.0837215205627528,1.0835456531279308,1.083578543056756,517
2024-01-01 20:10:00+00:00,1.083578543056756,1.0837067213699036,1.0826286152619131,1.0826478962429191,1428
2024-01-01 20:15:00+00:00,1.0826478962429191,1.0827814239687272,1.0818670712782126,1.081875402476536,1041
2024-01-01 20:20:00+00:00,1.081875402476536,1.0832202153673514,1.0816858646705543,1.0830488300227346,205
2024-01-01 20:25:00+00:00,1.0830488300227346,1.083071661936752,1.0819922425059103,1.0823733202391381,1105
2024-01-01 20:30:00+00:00,1.0823733202391381,1.0828995580914735,1.081796446524365,1.0818014019814717,305
2024-01-01 20:35:00+00:00,1.0818014019814717,1.0829879058175058,1.0817885020878697,1.0828166258246397,524
2024-01-01 20:40:00+00:00,1.0828166258246397,1.0844639548079302,1.0825938631888956,1.0844111096721516,774
2024-01-01 20:45:00+00:00,1.0844111096721516,1.084553588997031,1.0836883590089994,1.0837975679603353,592
2024-01-01 20:50:00+00:00,1.0837975679603353,1.083813346827021,1.083501927848772,1.0836196902498092,1077
2024-01-01 20:55:00+00:00,1.0836196902498092,1.084058304433111,1.083561657108474,1.0838264208037707,318
2024-01-01 21:00:00+00:00,1.0838264208037707,1.0850630730234045,1.0835258570020816,1.0847849014224809,1327
2024-01-01 21:05:00+00:00,1.0847849014224809,1.0850254517856044,1.0841070704699027,1.0842713332912388,930
2024-01-01 21:10:00+00:00,1.0842713332912388,1.084399037517635,1.0840666194815252,1.0841600448493816,527
2024-01-01 21:15:00+00:00,1.0841600448493816,1.0848073911651461,1.0840981213786003,1.0846031072209417,1439
2024-01-01 21:20:00+00:00,1.0846031072209417,1.0849398489980948,1.0845763153513355,1.0848605736007264,769
2024-01-01 21:25:00+00:00,1.0848605736007264,1.0850625858751148,1.084352930216894,1.0846782323665993,683
2024-01-01 21:30:00+00:00,1.0846782323665993,1.0849202465103092,1.0844968405602744,1.084627348502946,129
2024-01-01 21:35:00+00:00,1.084627348502946,1.0846662582104347,1.0837815502955064,1.0839034162523662,1494
2024-01-01 21:40:00+00:00,1.0839034162523662,1.083988480902608,1.0835684018627174,1.0837960156533133,1284
2024-01-01 21:45:00+00:00,1.0837960156533133,1.0839428771283082,1.0835811966391309,1.0836733367234805,346
2024-01-01 21:50:00+00:00,1.0836733367234805,1.083901629339991,1.0836642551405211,1.0838208083497038,1426
2024-01-01 21:55:00+00:00,1.0838208083497038,1.08390722994262,1.0833093000874383,1.0835415471682714,1214
2024-01-01 22:00:00+00:00,1.0835415471682714,1.083978761519647,1.083471888530708,1.0838186837893486,689
2024-01-01 22:05:00+00:00,1.0838186837893486,1.0844062356622295,1.0837749472899298,1.0843891603253857,1399
2024-01-01 22:10:00+00:00,1.0843891603253857,1.0847402901677825,1.0843028432314348,1.084495121047652,882
2024-01-01 22:15:00+00:00,1.084495121047652,1.085033510447442,1.0844232612815297,1.084707550004426,1063
2024-01-01 22:20:00+00:00,1.084707550004426,1.0848785858826713,1.0846085817179414,1.0847580731588469,356
2024-01-01 22:25:00+00:00,1.0847580731588469,1.0849023602143364,1.084655100638757,1.0847798140933536,253
2024-01-01 22:30:00+00:00,1.0847798140933536,1.0849217844077963,1.0843291538965476,1.0844101438948934,838
2024-01-01 22:35:00+00:00,1.0844101438948934,1.0847837545305288,1.0843397306707356,1.0846034368916928,557
2024-01-01 22:40:00+00:00,1.0846034368916928,1.0847041939465147,1.0844857772417633,1.0845723702709293,1474
2024-01-01 22:45:00+00:00,1.0845723702709293,1.0858252956705763,1.0843883767285472,1.085729157975431,219
2024-01-01 22:50:00+00:00,1.085729157975431,1.086712753635513,1.0856834641320359,1.0866049912053208,1167
2024-01-01 22:55:00+00:00,1.0866049912053208,1.0871372799401662,1.0863812956637988,1.0868363547000686,942
2024-01-01 23:00:00+00:00,1.0868363547000686,1.0868564572716124,1.0861527839554916,1.0864434322690564,1330
2024-01-01 23:05:00+00:00,1.0864434322690564,1.086520168944163,1.085740553137587,1.0858608750688432,1497
2024-01-01 23:10:00+00:00,1.0858608750688432,1.0866010254917264,1.0853851058895698,1.0865293000510312,1318
2024-01-01 23:15:00+00:00,1.0865293000510312,1.0870157619627323,1.0863590665175893,1.0866937730028763,624
2024-01-01 23:20:00+00:00,1.0866937730028763,1.0872251768791532,1.0866380301931657,1.0869763913016433,1073
2024-01-01 23:25:00+00:00,1.0869763913016433,1.087038817084402,1.0859088606801892,1.0860499689392509,328
2024-01-01 23:30:00+00:00,1.0860499689392509,1.0867374521533173,1.0859540623471158,1.0865753122056745,780
2024-01-01 23:35:00+00:00,1.0865753122056745,1.0869919954315541,1.0865077032370558,1.0868439246723525,476
2024-01-01 23:40:00+00:00,1.0868439246723525,1.0868925768987479,1.086050865350537,1.0862622291292832,450
2024-01-01 23:45:00+00:00,1.0862622291292832,1.0863240392450353,1.0860018043706265,1.0860278545796505,899
2024-01-01 23:50:00+00:00,1.0860278545796505,1.0863467270932645,1.0858187509996908,1.0861927772515736,277
2024-01-01 23:55:00+00:00,1.0861927772515736,1.0863677378120815,1.0861122545029838,1.0862429956358286,896
2024-01-02 00:00:00+00:00,1.0862429956358286,1.0863940785411492,1.0860556574403168,1.0861060360436887,661
2024-01-02 00:05:00+00:00,1.0861060360436887,1.0863945271578157,1.0860079651696946,1.0860715585481064,421
2024-01-02 00:10:00+00:00,1.0860715585481064,1.0861498058470518,1.0858649648507874,1.0859564472473435,886
2024-01-02 00:15:00+00:00,1.0859564472473435,1.08620720254552,1.0858228052720944,1.0860610044981014,1150
2024-01-02 00:20:00+00:00,1.0860610044981014,1.0869370486595782,1.0858986178482752,1.0868817907433415,954
2024-01-02 00:25:00+00:00,1.0868817907433415,1.087277547017721,1.085466115868433,1.0855087012179032,223
2024-01-02 00:30:00+00:00,1.0855087012179032,1.085525378345739,1.0853733345660614,1.085401859880422,886
2024-01-02 00:35:00+00:00,1.085401859880422,1.085757389856262,1.0853067720984544,1.0855193613728444,972
2024-01-02 00:40:00+00:00,1.0855193613728444,1.0858222918938736,1.0854568411523828,1.0857017253633994,1056
2024-01-02 00:45:00+00:00,1.0857017253633994,1.0857085792982306,1.085336744967704,1.0855215452465925,695
2024-01-02 00:50:00+00:00,1.0855215452465925,1.0856224279535827,1.08445860500221,1.0845897760055552,232
2024-01-02 00:55:00+00:00,1.0845897760055552,1.0848539907020591,1.0845505623190588,1.0847893380751814,278
2024-01-02 01:00:00+00:00,1.0847893380751814,1.0858727551491991,1.084681584788548,1.0857479394096665,564
2024-01-02 01:05:00+00:00,1.0857479394096665,1.0858797791963157,1.0847320742559003,1.0849369609385908,988
2024-01-02 01:10:00+00:00,1.0849369609385908,1.0855881657724251,1.0847162770779608,1.0854272591477874,1134
2024-01-02 01:15:00+00:00,1.0854272591477874,1.085621260407694,1.0851734304229685,1.0852706725767227,1042
2024-01-02 01:20:00+00:00,1.0852706725767227,1.085516835335176,1.0852008452033635,1.0852591012331527,537
2024-01-02 01:25:00+00:00,1.0852591012331527,1.085552761029394,1.0845801670055262,1.0847094725694695,716
2024-01-02 01:30:00+00:00,1.0847094725694695,1.0847313760161352,1.0844638585455828,1.0845497728697637,165
2024-01-02 01:35:00+00:00,1.0845497728697637,1.0853271059816105,1.0844798629538244,1.085276445400172,1217
2024-01-02 01:40:00+00:00,1.085276445400172,1.0858343202008303,1.085046585057413,1.085614321934039,594
2024-01-02 01:45:00+00:00,1.085614321934039,1.0866925659970603,1.0855356028482068,1.0865763453649204,813
2024-01-02 01:50:00+00:00,1.0865763453649204,1.087397975212346,1.0865500395024275,1.087237750845485,729
2024-01-02 01:55:00+00:00,1.087237750845485,1.0876668029446388,1.0871310854775675,1.087498191407115,500
2024-01-02 02:00:00+00:00,1.087498191407115,1.0885485217499413,1.0874558583827743,1.0884682041925127,335
2024-01-02 02:05:00+00:00,1.0884682041925127,1.0887578392109452,1.0882841993769947,1.0887288886041688,1435
2024-01-02 02:10:00+00:00,1.0887288886041688,1.08920570863721,1.0885647811931385,1.0892013905056919,267
2024-01-02 02:15:00+00:00,1.0892013905056919,1.089376621230523,1.0889241689005391,1.0890616617860152,1421
2024-01-02 02:20:00+00:00,1.0890616617860152,1.089243681611438,1.0888570947663032,1.0891196792676532,258
2024-01-02 02:25:00+00:00,1.0891196792676532,1.0893369379365208,1.0887492975465904,1.0887616726558653,233
2024-01-02 02:30:00+00:00,1.0887616726558653,1.089637768181319,1.0886522922672748,1.08932215841925,1364
2024-01-02 02:35:00+00:00,1.08932215841925,1.089363563214169,1.0886365605130583,1.088702168739416,1424
2024-01-02 02:40:00+00:00,1.088702168739416,1.089263309021499,1.088696398418859,1.0891498160400428,1353
2024-01-02 02:45:00+00:00,1.0891498160400428,1.0893992181457899,1.0890108770522366,1.0890677752542588,1185
2024-01-02 02:50:00+00:00,1.0890677752542588,1.089834388995753,1.0889319317974275,1.0897273403429417,789
2024-01-02 02:55:00+00:00,1.0897273403429417,1.0902956953985956,1.089537345852448,1.0901582561227665,249
2024-01-02 03:00:00+00:00,1.0901582561227665,1.0911760069749967,1.0899809655911128,1.0911724555080073,928
2024-01-02 03:05:00+00:00,1.0911724555080073,1.0918595226587913,1.090978422408994,1.0915929795641939,827
2024-01-02 03:10:00+00:00,1.0915929795641939,1.0919241562233948,1.0905432962860517,1.0907567973704533,1129
2024-01-02 03:15:00+00:00,1.0907567973704533,1.0908900258229826,1.0906835354346782,1.0907420976921784,148
2024-01-02 03:20:00+00:00,1.0907420976921784,1.0908282484161722,1.0900012722862142,1.0901247337422517,208
2024-01-02 03:25:00+00:00,1.0901247337422517,1.0902161076462191,1.0898363597741565,1.0898640413993446,924
2024-01-02 03:30:00+00:00,1.0898640413993446,1.0907727735023671,1.0897281688500402,1.0907093554440568,1297
2024-01-02 03:35:00+00:00,1.0907093554440568,1.091144149413402,1.0906209320427864,1.0910788516771448,1406
2024-01-02 03:40:00+00:00,1.0910788516771448,1.0911285627302618,1.0906775959131831,1.0907193791494703,896
2024-01-02 03:45:00+00:00,1.0907193791494703,1.090995478964636,1.090051370913015,1.090188352948775,615
2024-01-02 03:50:00+00:00,1.090188352948775,1.090408317027514,1.0901654817923478,1.0902280260437534,760
2024-01-02 03:55:00+00:00,1.0902280260437534,1.0904013974674156,1.089493021308782,1.0895866666191627,812
2024-01-02 04:00:00+00:00,1.0895866666191627,1.0897167176811742,1.0891271422508184,1.089242825603654,966
2024-01-02 04:05:00+00:00,1.089242825603654,1.0895803648555507,1.0891757987994892,1.08943453749937,418
2024-01-02 04:10:00+00:00,1.08943453749937,1.0901371458047184,1.089421052848667,1.0900856446069815,644
2024-01-02 04:15:00+00:00,1.0900856446069815,1.0906243098216621,1.0898607318437086,1.0904392473908047,857
2024-01-02 04:20:00+00:00,1.0904392473908047,1.0904700098870668,1.089073389427862,1.0892118001720974,1291
2024-01-02 04:25:00+00:00,1.0892118001720974,1.0894321027351055,1.0891333319878216,1.0893993443245207,1223
2024-01-02 04:30:00+00:00,1.0893993443245207,1.0894801819904123,1.08913917620943,1.0894603689751317,1155
2024-01-02 04:35:00+00:00,1.0894603689751317,1.0900375111069225,1.0892310936770975,1.0897076167140198,401
2024-01-02 04:40:00+00:00,1.0897076167140198,1.0906231613604687,1.0896780787839362,1.0906100088665052,669
2024-01-02 04:45:00+00:00,1.0906100088665052,1.090719328981245,1.0893923323496202,1.0895067269090026,874
2024-01-02 04:50:00+00:00,1.0895067269090026,1.089700623367008,1.089047145980425,1.0892065114645186,1454
2024-01-02 04:55:00+00:00,1.0892065114645186,1.0897844703179023,1.0891269791217566,1.089550105101974,596
2024-01-02 05:00:00+00:00,1.089550105101974,1.0896325090051957,1.0884211376576114,1.0887102829319992,1385
2024-01-02 05:05:00+00:00,1.0887102829319992,1.0895403728937507,1.0886868696452345,1.0895354975905076,1147
2024-01-02 05:10:00+00:00,1.0895354975905076,1.0898502819450235,1.0894061084887081,1.0897579571031142,987
2024-01-02 05:15:00+00:00,1.0897579571031142,1.0902894725150298,1.0894590427490016,1.0902410380797207,1082
2024-01-02 05:20:00+00:00,1.0902410380797207,1.0904031737270559,1.0896701795136063,1.0899516097953712,1210
2024-01-02 05:25:00+00:00,1.0899516097953712,1.0905521509780347,1.089863901965242,1.0904168903495028,1078
2024-01-02 05:30:00+00:00,1.0904168903495028,1.0910220285815693,1.0903132427373354,1.0910212384030642,1041
2024-01-02 05:35:00+00:00,1.0910212384030642,1.0913121774915626,1.090984571791217,1.0911700962607958,628
2024-01-02 05:40:00+00:00,1.0911700962607958,1.0916367247413292,1.0907981954083592,1.0913198052850457,699
2024-01-02 05:45:00+00:00,1.0913198052850457,1.0914985726624085,1.0913047971939775,1.091489147146778,938
2024-01-02 05:50:00+00:00,1.091489147146778,1.0915594321775655,1.0908716168214334,1.091039810936369,1280
2024-01-02 05:55:00+00:00,1.091039810936369,1.0910617129917743,1.090715578518879,1.0909811519008892,1011
2024-01-02 06:00:00+00:00,1.0909811519008892,1.0910632419959276,1.0906097686059142,1.0909197719198542,1482
2024-01-02 06:05:00+00:00,1.0909197719198542,1.0911732416668034,1.0907886336389352,1.0911507162888208,1053
2024-01-02 06:10:00+00:00,1.0911507162888208,1.0920330275494272,1.0910109016054286,1.0917180187747362,670
2024-01-02 06:15:00+00:00,1.0917180187747362,1.0917710635749571,1.091138190824446,1.0911620416780021,905
2024-01-02 06:20:00+00:00,1.0911620416780021,1.0912097872750415,1.0909160254378267,1.09111566236446,972
2024-01-02 06:25:00+00:00,1.09111566236446,1.0922724275707094,1.0908403307976242,1.091945704353281,1313
2024-01-02 06:30:00+00:00,1.091945704353281,1.0920357924255006,1.0915544381626472,1.0915615642812384,458
2024-01-02 06:35:00+00:00,1.0915615642812384,1.0918586887606192,1.0911144718779013,1.0911346272549722,448
2024-01-02 06:40:00+00:00,1.0911346272549722,1.091267692916203,1.090873947489037,1.0912668215931247,382
2024-01-02 06:45:00+00:00,1.0912668215931247,1.092041179313821,1.0912641947571655,1.0917493717010671,178
2024-01-02 06:50:00+00:00,1.0917493717010671,1.0919003017829796,1.091683817052187,1.0917774438829908,1045
2024-01-02 06:55:00+00:00,1.0917774438829908,1.0925750725528753,1.0916544881900379,1.0925247440300925,1447
2024-01-02 07:00:00+00:00,1.0925247440300925,1.0930253891325281,1.09230014791742,1.0930146288382179,959
2024-01-02 07:05:00+00:00,1.0930146288382179,1.0935989080290054,1.0929145587094005,1.0934965499547749,185
2024-01-02 07:10:00+00:00,1.0934965499547749,1.0938338174897,1.0931378323745669,1.0938213821270095,610
2024-01-02 07:15:00+00:00,1.0938213821270095,1.0952636841913266,1.093717520349724,1.0951162769203184,1364
2024-01-02 07:20:00+00:00,1.0951162769203184,1.0951184307015434,1.0949807478822722,1.095025841293418,172
2024-01-02 07:25:00+00:00,1.095025841293418,1.0950778478164407,1.0937905718026752,1.0939507874685337,957
2024-01-02 07:30:00+00:00,1.0939507874685337,1.094891339539754,1.093801257938836,1.0948501541453237,716
2024-01-02 07:35:00+00:00,1.0948501541453237,1.0950131461213288,1.0943985709658863,1.094621495002139,1386
2024-01-02 07:40:00+00:00,1.094621495002139,1.0949036096422655,1.0943641949510834,1.094702431558673,818
2024-01-02 07:45:00+00:00,1.094702431558673,1.095550733381665,1.0946106592948153,1.0954411097667873,890
2024-01-02 07:50:00+00:00,1.0954411097667873,1.0955509695604682,1.0942645245133475,1.0945854281040868,1111
2024-01-02 07:55:00+00:00,1.0945854281040868,1.0946477142159101,1.0936108800875401,1.0939223024118052,1249
2024-01-02 08:00:00+00:00,1.0939223024118052,1.0941729526207984,1.092994359113677,1.0930683440339664,821
2024-01-02 08:05:00+00:00,1.0930683440339664,1.0932562408932542,1.0925456826222606,1.0926561827811094,1109
2024-01-02 08:10:00+00:00,1.0926561827811094,1.093123447546677,1.0923873300222668,1.0929182217326359,1227
2024-01-02 08:15:00+00:00,1.0929182217326359,1.0932698315479243,1.0929054295523695,1.093226527319581,835
2024-01-02 08:20:00+00:00,1.093226527319581,1.0935520351871797,1.0931999598238453,1.093399406980955,1102
2024-01-02 08:25:00+00:00,1.093399406980955,1.0934432816858781,1.0925195101114455,1.092648916279269,608
2024-01-02 08:30:00+00:00,1.092648916279269,1.0929118748057842,1.091259610133406,1.0914087032493296,597
2024-01-02 08:35:00+00:00,1.0914087032493296,1.0916930992081453,1.091376383049457,1.0914601924114686,104
2024-01-02 08:40:00+00:00,1.0914601924114686,1.0917252314651424,1.0911335465442082,1.0912245592350918,1037
2024-01-02 08:45:00+00:00,1.0912245592350918,1.0916326849040874,1.0911098760841296,1.091497030244407,451
2024-01-02 08:50:00+00:00,1.091497030244407,1.0919490075853022,1.0914091031948652,1.0919019503342067,1239
2024-01-02 08:55:00+00:00,1.0919019503342067,1.0921009409887037,1.0918188731798903,1.0919992614178544,1432
2024-01-02 09:00:00+00:00,1.0919992614178544,1.0925078164585242,1.0919240021638412,1.0924361337869877,1326
2024-01-02 09:05:00+00:00,1.0924361337869877,1.0927758620181593,1.0923741105083236,1.0925831819033425,485
2024-01-02 09:10:00+00:00,1.0925831819033425,1.093183633468017,1.092571905850699,1.092894603458311,1012
2024-01-02 09:15:00+00:00,1.092894603458311,1.0930894124467907,1.0924011856093385,1.092531394547284,1152
2024-01-02 09:20:00+00:00,1.092531394547284,1.0925825406375704,1.092159561451471,1.092416891022151,808
2024-01-02 09:25:00+00:00,1.092416891022151,1.0926278600408796,1.0922423911525048,1.0925079855346544,811
2024-01-02 09:30:00+00:00,1.0925079855346544,1.0931567785218859,1.0924637291821653,1.0929398148707474,713
2024-01-02 09:35:00+00:00,1.0929398148707474,1.0929406274764741,1.0924716931993252,1.0927082530715853,531
2024-01-02 09:40:00+00:00,1.0927082530715853,1.0930153400922549,1.0926415654396449,1.092976604328574,902
2024-01-02 09:45:00+00:00,1.092976604328574,1.0931660856552363,1.0927535216524058,1.0928149318894655,1487
2024-01-02 09:50:00+00:00,1.0928149318894655,1.0930747903778306,1.0925196432856181,1.0927343137476957,406
2024-01-02 09:55:00+00:00,1.0927343137476957,1.0931761873633556,1.0927109510275919,1.093171144693553,165
2024-01-02 10:00:00+00:00,1.093171144693553,1.093349096879375,1.0918967384242588,1.0920653690827482,178
2024-01-02 10:05:00+00:00,1.0920653690827482,1.0921481742913615,1.0912916873348337,1.0913410718364795,914
2024-01-02 10:10:00+00:00,1.0913410718364795,1.091468303085671,1.0904282937674394,1.0905159168202492,477
2024-01-02 10:15:00+00:00,1.0905159168202492,1.090726468765816,1.0892052891239383,1.0892271363202752,746
2024-01-02 10:20:00+00:00,1.0892271363202752,1.0893145516103298,1.088722271457081,1.0888414058963214,1430
2024-01-02 10:25:00+00:00,1.0888414058963214,1.0893845754699498,1.088646492179609,1.089233080605736,207
2024-01-02 10:30:00+00:00,1.089233080605736,1.0894554314600151,1.0890399754637887,1.0890615895349063,344
2024-01-02 10:35:00+00:00,1.0890615895349063,1.0894214184958777,1.0887924534508207,1.0891529564015803,399
2024-01-02 10:40:00+00:00,1.0891529564015803,1.08982987490997,1.0888723139905028,1.0897297813355877,739
2024-01-02 10:45:00+00:00,1.0897297813355877,1.0905936243462797,1.0896764261042506,1.090436844948167,1071
2024-01-02 10:50:00+00:00,1.090436844948167,1.0904791636658386,1.090000411984459,1.0903827931197883,356
2024-01-02 10:55:00+00:00,1.0903827931197883,1.0913025628162036,1.0900891904665944,1.0911044007593895,251
2024-01-02 11:00:00+00:00,1.0911044007593895,1.0912926283648696,1.0910067032880286,1.0911382940946004,220
2024-01-02 11:05:00+00:00,1.0911382940946004,1.0913346185969783,1.090561073415119,1.0906650683854766,1221
2024-01-02 11:10:00+00:00,1.0906650683854766,1.0906942466374043,1.0901430811549313,1.0903245625590612,141
2024-01-02 11:15:00+00:00,1.0903245625590612,1.090331124795927,1.0893330544988669,1.0895010750279153,975
2024-01-02 11:20:00+00:00,1.0895010750279153,1.0896180119493986,1.0888190083343396,1.089000921117584,909
2024-01-02 11:25:00+00:00,1.089000921117584,1.0891032814694106,1.088623350638622,1.0887896458522228,241
2024-01-02 11:30:00+00:00,1.0887896458522228,1.0893226299220755,1.0886645527509053,1.0892107815318657,873
2024-01-02 11:35:00+00:00,1.0892107815318657,1.0901477585295933,1.089192141745567,1.090131583896463,501
2024-01-02 11:40:00+00:00,1.090131583896463,1.090296148603271,1.0892604111031998,1.0893618520604094,820
2024-01-02 11:45:00+00:00,1.0893618520604094,1.0899333241858566,1.0891669643154451,1.0895594772618105,292
2024-01-02 11:50:00+00:00,1.0895594772618105,1.0898058508260124,1.0888055742728664,1.0889762666144434,1034
2024-01-02 11:55:00+00:00,1.0889762666144434,1.089269920351186,1.0889761402317943,1.0892183989020279,1216
2024-01-02 12:00:00+00:00,1.0892183989020279,1.0893959199932717,1.088963947363057,1.0891306696301544,104
2024-01-02 12:05:00+00:00,1.0891306696301544,1.0892971124158854,1.0880077658843306,1.0881172848260425,846
2024-01-02 12:10:00+00:00,1.0881172848260425,1.0887592668531372,1.0878200874584893,1.088606011067759,1006
2024-01-02 12:15:00+00:00,1.088606011067759,1.0887161749836094,1.0881508234681656,1.088260378271261,103
2024-01-02 12:20:00+00:00,1.088260378271261,1.0883565702904594,1.0878219670304226,1.087953543127901,1113
2024-01-02 12:25:00+00:00,1.087953543127901,1.0879659782637054,1.0872522241875615,1.087355303361688,860
2024-01-02 12:30:00+00:00,1.087355303361688,1.0874080179548349,1.0868268501941298,1.086983273836734,528
2024-01-02 12:35:00+00:00,1.086983273836734,1.0872784059523921,1.0869080910769988,1.0871995239636614,775
2024-01-02 12:40:00+00:00,1.0871995239636614,1.087200464534681,1.0869792415132673,1.0870803427921125,1054
2024-01-02 12:45:00+00:00,1.0870803427921125,1.0874595647294434,1.0868006494502416,1.0872426775880226,1000
2024-01-02 12:50:00+00:00,1.0872426775880226,1.0875418291132848,1.0869612970399567,1.0874231173906304,1187
2024-01-02 12:55:00+00:00,1.0874231173906304,1.0881335088969188,1.087213070530277,1.088124865051106,148
2024-01-02 13:00:00+00:00,1.088124865051106,1.0883144819278474,1.0877928913360773,1.0879220461110546,1202
2024-01-02 13:05:00+00:00,1.0879220461110546,1.088037540804217,1.0869775082194573,1.087102374191404,149
2024-01-02 13:10:00+00:00,1.087102374191404,1.0879275686666476,1.087068954363628,1.087666157667214,1010
2024-01-02 13:15:00+00:00,1.087666157667214,1.0876717090069539,1.0873514514299674,1.0874695684416205,589
2024-01-02 13:20:00+00:00,1.0874695684416205,1.0882708100864886,1.0873526546414338,1.0880592990804403,189
2024-01-02 13:25:00+00:00,1.0880592990804403,1.088277818536846,1.0879032076820137,1.0882515467074805,1063
2024-01-02 13:30:00+00:00,1.0882515467074805,1.0882841403526475,1.0881608055377419,1.0881638676242422,873
2024-01-02 13:35:00+00:00,1.0881638676242422,1.0884793924986391,1.088030640583672,1.0883373078291279,1033
2024-01-02 13:40:00+00:00,1.0883373078291279,1.0896698946951924,1.088293184528643,1.0893826626481244,626
2024-01-02 13:45:00+00:00,1.0893826626481244,1.0906660520769265,1.089344544896819,1.0904976351976894,489
2024-01-02 13:50:00+00:00,1.0904976351976894,1.0906377661598419,1.0904582115418295,1.0905191077150562,974
2024-01-02 13:55:00+00:00,1.0905191077150562,1.0906833464271264,1.0904352903806789,1.0905900953798848,402
2024-01-02 14:00:00+00:00,1.0905900953798848,1.0914643874552639,1.0904387787446965,1.0911606049564455,1236
2024-01-02 14:05:00+00:00,1.0911606049564455,1.0913692224246718,1.0906419805332759,1.09068286154532,1056
2024-01-02 14:10:00+00:00,1.09068286154532,1.0909502733604428,1.0905134183650853,1.0908481383759483,1499
2024-01-02 14:15:00+00:00,1.0908481383759483,1.0909952770570466,1.0905990162083585,1.0908176694341007,137
2024-01-02 14:20:00+00:00,1.0908176694341007,1.0910638490289473,1.0907425697842092,1.0909725154808783,919
2024-01-02 14:25:00+00:00,1.0909725154808783,1.0909988826802497,1.0904187125493139,1.0905015596618712,879
2024-01-02 14:30:00+00:00,1.0905015596618712,1.0906754644608576,1.089448455418538,1.0896184892231555,1300
2024-01-02 14:35:00+00:00,1.0896184892231555,1.0896413835417522,1.0883967349040962,1.0884727644059624,693
2024-01-02 14:40:00+00:00,1.0884727644059624,1.0886319921305927,1.087423505839434,1.087848316227312,1411
2024-01-02 14:45:00+00:00,1.087848316227312,1.087927645712636,1.0875319245625032,1.0875825139343602,434
2024-01-02 14:50:00+00:00,1.0875825139343602,1.0877141298798052,1.0872929645711744,1.0874067651752153,1295
2024-01-02 14:55:00+00:00,1.0874067651752153,1.0886848466745709,1.0873593938395907,1.0884437332096044,828
2024-01-02 15:00:00+00:00,1.0884437332096044,1.0890900422085203,1.0884275537234112,1.0890293123298298,1421
2024-01-02 15:05:00+00:00,1.0890293123298298,1.0891803457795484,1.088446850409434,1.0884891041767308,404
2024-01-02 15:10:00+00:00,1.0884891041767308,1.0887105387993985,1.0884410619938987,1.0886620152711295,464
2024-01-02 15:15:00+00:00,1.0886620152711295,1.0887401175940679,1.0883390109970275,1.0884241000343216,890
2024-01-02 15:20:00+00:00,1.0884241000343216,1.0885014334195426,1.0880645795279604,1.0882530194455704,872
2024-01-02 15:25:00+00:00,1.0882530194455704,1.0884006281891754,1.0882026033126757,1.0883375362490573,308
2024-01-02 15:30:00+00:00,1.0883375362490573,1.0887021024652161,1.0882619692993465,1.0886581447699966,1011
2024-01-02 15:35:00+00:00,1.0886581447699966,1.0888314360980096,1.0884037816567178,1.0884571466419937,667
2024-01-02 15:40:00+00:00,1.0884571466419937,1.0891638146868061,1.0882411526164848,1.0890197981866792,311
2024-01-02 15:45:00+00:00,1.0890197981866792,1.0891235941829933,1.088110461017766,1.0883816662214187,814
2024-01-02 15:50:00+00:00,1.0883816662214187,1.0885264248046727,1.0882804406854016,1.0883687901560535,1076
2024-01-02 15:55:00+00:00,1.0883687901560535,1.0899271983283647,1.0882108503555812,1.089766078129719,144
2024-01-02 16:00:00+00:00,1.089766078129719,1.0899809164986123,1.0897208717682212,1.0898712840066624,1388
2024-01-02 16:05:00+00:00,1.0898712840066624,1.090723098705866,1.089821629716592,1.0906359456046884,955
2024-01-02 16:10:00+00:00,1.0906359456046884,1.0906721939173616,1.0906167316735123,1.0906694936635362,464
2024-01-02 16:15:00+00:00,1.0906694936635362,1.0912017280972213,1.090540609431291,1.0909698515513786,1150
2024-01-02 16:20:00+00:00,1.0909698515513786,1.0911019931855535,1.090764023066126,1.0909225126270268,1281
2024-01-02 16:25:00+00:00,1.0909225126270268,1.0910527478273622,1.0905303831272566,1.0908131980560303,1438
2024-01-02 16:30:00+00:00,1.0908131980560303,1.0911255181133293,1.090353062024752,1.090371701015059,1206
2024-01-02 16:35:00+00:00,1.090371701015059,1.0907050862111138,1.090187656999083,1.090589939651902,384
2024-01-02 16:40:00+00:00,1.090589939651902,1.0907512174513245,1.0898827868791485,1.0901092418569245,329
2024-01-02 16:45:00+00:00,1.0901092418569245,1.090573786875629,1.0900420616516011,1.090455670526971,392
2024-01-02 16:50:00+00:00,1.090455670526971,1.0910726926584244,1.0903863983873774,1.0910310423759868,1325
2024-01-02 16:55:00+00:00,1.0910310423759868,1.0916000234920147,1.0910236761529915,1.0912146254820019,526
2024-01-02 17:00:00+00:00,1.0912146254820019,1.0912485777908452,1.090852692517503,1.091042077860329,562
2024-01-02 17:05:00+00:00,1.091042077860329,1.0913625013334771,1.091011722891582,1.091273360003624,1347
2024-01-02 17:10:00+00:00,1.091273360003624,1.0914016544268446,1.090992414303393,1.0910885675619897,385
2024-01-02 17:15:00+00:00,1.0910885675619897,1.0916402878484202,1.0910068947947364,1.0915825836199815,669
2024-01-02 17:20:00+00:00,1.0915825836199815,1.0916809401165184,1.0905135049156653,1.0905666443886948,514
2024-01-02 17:25:00+00:00,1.0905666443886948,1.090663153131612,1.0903389297562813,1.0903672847883883,522
2024-01-02 17:30:00+00:00,1.0903672847883883,1.0904855781451974,1.0889205687138344,1.089265571144293,933
2024-01-02 17:35:00+00:00,1.089265571144293,1.089391143714593,1.088135536565354,1.088434973016159,1137
2024-01-02 17:40:00+00:00,1.088434973016159,1.0892414315763028,1.088353072099563,1.0891608841662166,471
2024-01-02 17:45:00+00:00,1.0891608841662166,1.0899957710429093,1.0891194951142105,1.0896320469861824,153
2024-01-02 17:50:00+00:00,1.0896320469861824,1.0898103096952483,1.0891190456675746,1.0892237181457975,995
2024-01-02 17:55:00+00:00,1.0892237181457975,1.0893450254640797,1.0883437330560026,1.0883890985895674,868
2024-01-02 18:00:00+00:00,1.0883890985895674,1.0884012068382827,1.086650700698118,1.0867594923183082,1022
2024-01-02 18:05:00+00:00,1.0867594923183082,1.0869136028584083,1.0863297929078441,1.0864478664747843,730
2024-01-02 18:10:00+00:00,1.0864478664747843,1.0878301729521582,1.0864175517889147,1.0877463971198071,1187
2024-01-02 18:15:00+00:00,1.0877463971198071,1.088166570652421,1.0875681033053133,1.0879666028235746,974
2024-01-02 18:20:00+00:00,1.0879666028235746,1.0879945277546068,1.087438879197042,1.0876458853449886,1160
2024-01-02 18:25:00+00:00,1.0876458853449886,1.0879519610629198,1.0875126961548651,1.0878824919448176,1123
2024-01-02 18:30:00+00:00,1.0878824919448176,1.0879481508775044,1.0869280459955226,1.0870171040759997,795
2024-01-02 18:35:00+00:00,1.0870171040759997,1.0870191195902708,1.0867585942603464,1.0868392010290917,554
2024-01-02 18:40:00+00:00,1.0868392010290917,1.0871281999589384,1.086757818402262,1.0868769564497227,915
2024-01-02 18:45:00+00:00,1.0868769564497227,1.0869780284524253,1.0866808969558122,1.0868138628881763,990
2024-01-02 18:50:00+00:00,1.0868138628881763,1.0872937154476319,1.0865580096961243,1.0872272902081876,900
2024-01-02 18:55:00+00:00,1.0872272902081876,1.0874641170443426,1.0868974076795588,1.0873983356465362,834
2024-01-02 19:00:00+00:00,1.0873983356465362,1.0877576270425455,1.0873869415349835,1.0877453929713814,580
2024-01-02 19:05:00+00:00,1.0877453929713814,1.0879779868804245,1.0873060786689033,1.087354689901164,287
2024-01-02 19:10:00+00:00,1.087354689901164,1.087959014445602,1.087161937540029,1.0878265014783157,698
2024-01-02 19:15:00+00:00,1.0878265014783157,1.0888574504970776,1.0876558162244028,1.0886961844712248,1334
2024-01-02 19:20:00+00:00,1.0886961844712248,1.0888069706645054,1.0881269095213073,1.088151754988252,1103
2024-01-02 19:25:00+00:00,1.088151754988252,1.0882562669100169,1.0874322986008755,1.0876524589190966,1156
2024-01-02 19:30:00+00:00,1.0876524589190966,1.0884941727422242,1.0875920067815807,1.088362578691205,1131
2024-01-02 19:35:00+00:00,1.088362578691205,1.0885011597768832,1.0880680630679136,1.0882421274351362,1390
2024-01-02 19:40:00+00:00,1.0882421274351362,1.0890158498669047,1.088167319296759,1.0889896525923455,416
2024-01-02 19:45:00+00:00,1.0889896525923455,1.089219966306535,1.0886229236623026,1.08873235934198,1108
2024-01-02 19:50:00+00:00,1.08873235934198,1.0895824980169435,1.088642927014176,1.0895081059581915,197
2024-01-02 19:55:00+00:00,1.0895081059581915,1.0895988498172469,1.0892724301566743,1.089563390768216,442
2024-01-02 20:00:00+00:00,1.089563390768216,1.089724940281211,1.0895469989302302,1.0896877256535216,141
2024-01-02 20:05:00+00:00,1.0896877256535216,1.0905300338714847,1.089524134436363,1.090523907348798,702
2024-01-02 20:10:00+00:00,1.090523907348798,1.090641534334721,1.090126972509961,1.090310289812875,297
2024-01-02 20:15:00+00:00,1.090310289812875,1.0904100745478378,1.0897143176019288,1.0897808776059492,641
2024-01-02 20:20:00+00:00,1.0897808776059492,1.0897879803565405,1.0892382644058953,1.0895201125446414,288
2024-01-02 20:25:00+00:00,1.0895201125446414,1.0897773913600874,1.0891729655060667,1.0897501832113594,150
2024-01-02 20:30:00+00:00,1.0897501832113594,1.089808562532996,1.0888586773910793,1.0888806938407245,768
2024-01-02 20:35:00+00:00,1.0888806938407245,1.0894000636861523,1.0886472281332658,1.0892114255097078,674
2024-01-02 20:40:00+00:00,1.0892114255097078,1.089357535002469,1.0887562513225055,1.0889016694008822,683
2024-01-02 20:45:00+00:00,1.0889016694008822,1.089871427012614,1.088875666276196,1.0895102634370573,583
2024-01-02 20:50:00+00:00,1.0895102634370573,1.0896025573100807,1.0881238483022937,1.0881896351953413,672
2024-01-02 20:55:00+00:00,1.0881896351953413,1.0883875023528695,1.087633781228306,1.0877453459888793,105
2024-01-02 21:00:00+00:00,1.0877453459888793,1.087766976301623,1.086771927051206,1.086811805867358,769
2024-01-02 21:05:00+00:00,1.086811805867358,1.0868722850247632,1.0861354342077316,1.08634652572107,1285
2024-01-02 21:10:00+00:00,1.08634652572107,1.0865629212883106,1.0863284431385607,1.086464756018789,295
2024-01-02 21:15:00+00:00,1.086464756018789,1.086660974310169,1.0862670147055535,1.0863510973415031,301
2024-01-02 21:20:00+00:00,1.0863510973415031,1.086361715600809,1.0861621284478047,1.086197173575009,1192
2024-01-02 21:25:00+00:00,1.086197173575009,1.0864693116558295,1.0859314801075202,1.086094427538721,801
2024-01-02 21:30:00+00:00,1.086094427538721,1.0864678958953031,1.0859265957456081,1.0861885855396898,460
2024-01-02 21:35:00+00:00,1.0861885855396898,1.0863494484009355,1.0855056448082998,1.0856245625424747,1198
2024-01-02 21:40:00+00:00,1.0856245625424747,1.0860469420656707,1.085455011787369,1.0859919648401286,554
2024-01-02 21:45:00+00:00,1.0859919648401286,1.0864992823329718,1.0857811562775406,1.086335499920262,946
2024-01-02 21:50:00+00:00,1.086335499920262,1.086645465492815,1.0861803835273116,1.086528345078009,878
2024-01-02 21:55:00+00:00,1.086528345078009,1.086840152794942,1.0864394768654921,1.0868143918330995,337
2024-01-02 22:00:00+00:00,1.0868143918330995,1.0870505559937922,1.0867694673442108,1.0869591652918604,1157
2024-01-02 22:05:00+00:00,1.0869591652918604,1.0881521663856042,1.0868303471450156,1.0880488816936034,965
2024-01-02 22:10:00+00:00,1.0880488816936034,1.0880771056456084,1.0879319526121356,1.08798517960267,391
2024-01-02 22:15:00+00:00,1.08798517960267,1.0880119680869251,1.0876509196933137,1.0878018088297496,1160
2024-01-02 22:20:00+00:00,1.0878018088297496,1.08784199409276,1.0872257777758694,1.0873756474701592,968
2024-01-02 22:25:00+00:00,1.0873756474701592,1.0874561767786053,1.086707885170948,1.0867981081905578,1296
2024-01-02 22:30:00+00:00,1.0867981081905578,1.086892528392576,1.0860751697945639,1.0861055614267043,1248
2024-01-02 22:35:00+00:00,1.0861055614267043,1.0863244037338065,1.085354214694222,1.085606605990842,546
2024-01-02 22:40:00+00:00,1.085606605990842,1.0858711875967364,1.085459172524004,1.0855519563471345,1411
2024-01-02 22:45:00+00:00,1.0855519563471345,1.086122514313421,1.0853875935244954,1.0857171204331582,147
2024-01-02 22:50:00+00:00,1.0857171204331582,1.0858014641998193,1.0856004696991635,1.085728597580624,567
2024-01-02 22:55:00+00:00,1.085728597580624,1.0859442219926567,1.0851641331299944,1.0852967298800789,951
2024-01-02 23:00:00+00:00,1.0852967298800789,1.0858948607966215,1.084917252672045,1.0857689341109402,848
2024-01-02 23:05:00+00:00,1.0857689341109402,1.0862370102489078,1.085677828598034,1.0861540632314648,416
2024-01-02 23:10:00+00:00,1.0861540632314648,1.0863725619570983,1.0860231546071537,1.086051069591619,379
2024-01-02 23:15:00+00:00,1.086051069591619,1.0862486587672604,1.0853964524536877,1.085680228686942,1193
2024-01-02 23:20:00+00:00,1.085680228686942,1.0859819052600963,1.0854898444187036,1.0859616521587643,1326
2024-01-02 23:25:00+00:00,1.0859616521587643,1.0860793475150172,1.0858523512106075,1.0860474287877961,1051
2024-01-02 23:30:00+00:00,1.0860474287877961,1.0861882747683969,1.0850727161797644,1.0852447706330417,842
2024-01-02 23:35:00+00:00,1.0852447706330417,1.085300704326674,1.0850741611766528,1.0851916043528254,1182
2024-01-02 23:40:00+00:00,1.0851916043528254,1.0855720913295086,1.0851308025948405,1.0853175060104114,436
2024-01-02 23:45:00+00:00,1.0853175060104114,1.0854186354983062,1.0847899528866711,1.0848129989969006,1454
2024-01-02 23:50:00+00:00,1.0848129989969006,1.0850827427127006,1.0845719288743663,1.0848996990920774,274
2024-01-02 23:55:00+00:00,1.0848996990920774,1.0849131396098766,1.0840202511415742,1.0840942573583467,918
2024-01-03 00:00:00+00:00,1.0840942573583467,1.084868212589129,1.0838867434980464,1.084802271783379,577
2024-01-03 00:05:00+00:00,1.084802271783379,1.0855401456318565,1.0847172252144512,1.0854628892387346,1366
2024-01-03 00:10:00+00:00,1.0854628892387346,1.0856005974859448,1.085284039646848,1.0853095581977583,442
2024-01-03 00:15:00+00:00,1.0853095581977583,1.0856576350879295,1.0852911504204978,1.085490508787798,998
2024-01-03 00:20:00+00:00,1.085490508787798,1.0855536022475476,1.084071783020769,1.0841662527197686,318
2024-01-03 00:25:00+00:00,1.0841662527197686,1.0842459988827984,1.0833976150292335,1.0835231536711423,354
2024-01-03 00:30:00+00:00,1.0835231536711423,1.083767290152492,1.0832573241912296,1.0833477426928144,682
2024-01-03 00:35:00+00:00,1.0833477426928144,1.0835191568520817,1.0825014879954165,1.0827507460323595,1219
2024-01-03 00:40:00+00:00,1.0827507460323595,1.0832109481416217,1.0825369544828256,1.0831212614334347,489
2024-01-03 00:45:00+00:00,1.0831212614334347,1.0842123561682089,1.083011228612599,1.0841866717834334,1071
2024-01-03 00:50:00+00:00,1.0841866717834334,1.084278444917097,1.083395567814061,1.0835325739850419,899
2024-01-03 00:55:00+00:00,1.0835325739850419,1.0836598570769187,1.0828968666021825,1.0830626115575086,1469
2024-01-03 01:00:00+00:00,1.0830626115575086,1.0832043161715224,1.0830095517033755,1.0831738682806695,521
2024-01-03 01:05:00+00:00,1.0831738682806695,1.0841915704557694,1.0831639954057888,1.0840301801280552,440
2024-01-03 01:10:00+00:00,1.0840301801280552,1.0840408749001904,1.0830639896382874,1.08335137435225,1363
2024-01-03 01:15:00+00:00,1.08335137435225,1.0834977044370517,1.0832709853793336,1.0834700208943169,566
2024-01-03 01:20:00+00:00,1.0834700208943169,1.0845924712487336,1.08326078187943,1.0844404301959762,400
2024-01-03 01:25:00+00:00,1.0844404301959762,1.0845043808794967,1.083434852460893,1.0835285463889073,1250
2024-01-03 01:30:00+00:00,1.0835285463889073,1.0836034961807728,1.0827084495854251,1.0828182559329529,1237
2024-01-03 01:35:00+00:00,1.0828182559329529,1.082870278585353,1.0824436692647603,1.0825726691757092,188
2024-01-03 01:40:00+00:00,1.0825726691757092,1.0826032338593004,1.0822259648035277,1.082274643191848,1298
2024-01-03 01:45:00+00:00,1.082274643191848,1.0828144553219257,1.0822497556832753,1.0826981379565805,986
2024-01-03 01:50:00+00:00,1.0826981379565805,1.0828596334250151,1.0826261859784196,1.0828127197488457,490
2024-01-03 01:55:00+00:00,1.0828127197488457,1.08286682650891,1.081737857278961,1.0818355018104235,849
2024-01-03 02:00:00+00:00,1.0818355018104235,1.0823723519829846,1.0816583149196861,1.0820980689138266,434
2024-01-03 02:05:00+00:00,1.0820980689138266,1.0823159248442225,1.0815856561197552,1.0817693605854277,336
2024-01-03 02:10:00+00:00,1.0817693605854277,1.082545214812872,1.0817333994973013,1.082442463020504,285
2024-01-03 02:15:00+00:00,1.082442463020504,1.0825039133233951,1.082027565971559,1.0820865626842078,331
2024-01-03 02:20:00+00:00,1.0820865626842078,1.0821008395802776,1.081709890551869,1.0817258949640454,915
2024-01-03 02:25:00+00:00,1.0817258949640454,1.0822070279392138,1.0815856369480803,1.0820023471136162,1234
2024-01-03 02:30:00+00:00,1.0820023471136162,1.0824339588859435,1.0818444084418144,1.0823988612006914,781
2024-01-03 02:35:00+00:00,1.0823988612006914,1.0826416030721364,1.0821718101284972,1.0826251363383879,121
2024-01-03 02:40:00+00:00,1.0826251363383879,1.0826623986404273,1.0816274080283605,1.08169646194857,700
2024-01-03 02:45:00+00:00,1.08169646194857,1.0820474352028655,1.0816786112325727,1.0819712314766792,1145
2024-01-03 02:50:00+00:00,1.0819712314766792,1.0821207593919984,1.0813544368858365,1.081395456130009,1269
2024-01-03 02:55:00+00:00,1.081395456130009,1.08161873382095,1.0811140627034457,1.0815064484571706,1125
2024-01-03 03:00:00+00:00,1.0815064484571706,1.0816172610582677,1.0805031550376996,1.0807203368740563,617
2024-01-03 03:05:00+00:00,1.0807203368740563,1.081180545286338,1.0806681545497285,1.0809453007798269,1009
2024-01-03 03:10:00+00:00,1.0809453007798269,1.0810703091187008,1.0804111492071227,1.0804931419527026,195
2024-01-03 03:15:00+00:00,1.0804931419527026,1.08055647575116,1.0796740201467216,1.0797839955839548,673
2024-01-03 03:20:00+00:00,1.0797839955839548,1.0801705552764056,1.079582294820536,1.0801531846035703,851
2024-01-03 03:25:00+00:00,1.0801531846035703,1.0802841326362038,1.0800035812716242,1.080267488855617,139
2024-01-03 03:30:00+00:00,1.080267488855617,1.0802726051302853,1.0796690566738512,1.079919655254556,120
2024-01-03 03:35:00+00:00,1.079919655254556,1.0807636581142994,1.0798726082012604,1.0806870347409008,1222
2024-01-03 03:40:00+00:00,1.0806870347409008,1.0810979648099814,1.0803386281936345,1.080432720755971,408
2024-01-03 03:45:00+00:00,1.080432720755971,1.0804646122679893,1.0804122443392221,1.0804338593559322,275
2024-01-03 03:50:00+00:00,1.0804338593559322,1.0806703212943694,1.0802578182862428,1.080562924445096,928
2024-01-03 03:55:00+00:00,1.080562924445096,1.0808362760753434,1.0800605333382653,1.080211921984249,493
2024-01-03 04:00:00+00:00,1.080211921984249,1.0805287688687655,1.0799743701345228,1.0804501823259243,1471
2024-01-03 04:05:00+00:00,1.0804501823259243,1.0806493333349838,1.0798810015079985,1.0801457912303112,1425
2024-01-03 04:10:00+00:00,1.0801457912303112,1.0802109751218194,1.0797507717998023,1.0799072743428173,1253
2024-01-03 04:15:00+00:00,1.0799072743428173,1.0813382888365906,1.0798825754731791,1.0806268395832288,522
2024-01-03 04:20:00+00:00,1.0806268395832288,1.0807360947176676,1.0798553198865513,1.0800483875720146,1325
2024-01-03 04:25:00+00:00,1.0800483875720146,1.0803591441262421,1.0785586786043617,1.078729227093208,457
2024-01-03 04:30:00+00:00,1.078729227093208,1.0799051404287232,1.0786521366528343,1.0795819285645643,435
2024-01-03 04:35:00+00:00,1.0795819285645643,1.0811881944856918,1.0793458566468948,1.0809418390294452,1462
2024-01-03 04:40:00+00:00,1.0809418390294452,1.0813912874520066,1.0806689674035432,1.0807065886493112,1043
2024-01-03 04:45:00+00:00,1.0807065886493112,1.080858643895321,1.079137528248768,1.0796438012346592,220
2024-01-03 04:50:00+00:00,1.0796438012346592,1.0796452018499787,1.079457328579439,1.0794600005274992,1341
2024-01-03 04:55:00+00:00,1.0794600005274992,1.0798405055168863,1.0791692053733515,1.0792893255146983,324
2024-01-03 05:00:00+00:00,1.0792893255146983,1.0793615522838955,1.0790073937946678,1.0791706447876777,1053
2024-01-03 05:05:00+00:00,1.0791706447876777,1.0793569376587986,1.0782669937979765,1.0785536893824559,713
2024-01-03 05:10:00+00:00,1.0785536893824559,1.0789089419084474,1.0784165362636768,1.0788500549813356,124
2024-01-03 05:15:00+00:00,1.0788500549813356,1.0792114692354886,1.0786222926165208,1.0791168046358435,1202
2024-01-03 05:20:00+00:00,1.0791168046358435,1.0791834416274773,1.0782541562585977,1.0782942987751292,1061
2024-01-03 05:25:00+00:00,1.0782942987751292,1.0789562639166899,1.0780914685063272,1.0786550942854018,1338
2024-01-03 05:30:00+00:00,1.0786550942854018,1.0798580396252975,1.078517837518936,1.0797459840153572,956
2024-01-03 05:35:00+00:00,1.0797459840153572,1.080106038145222,1.0797196504715552,1.0798226245647764,1157
2024-01-03 05:40:00+00:00,1.0798226245647764,1.0800055866091771,1.0795778150618978,1.0796243015544895,1368
2024-01-03 05:45:00+00:00,1.0796243015544895,1.0799462254126062,1.0793075928878009,1.0795314521293797,1466
2024-01-03 05:50:00+00:00,1.0795314521293797,1.0800927318806448,1.079479821965861,1.0798473536731368,884
2024-01-03 05:55:00+00:00,1.0798473536731368,1.0799843810772276,1.078795496000712,1.0788967253861894,123
2024-01-03 06:00:00+00:00,1.0788967253861894,1.0792270379534268,1.0788863560279403,1.0789692222308718,584
2024-01-03 06:05:00+00:00,1.0789692222308718,1.0789763741653418,1.0784711257033124,1.0787423884006078,967
2024-01-03 06:10:00+00:00,1.0787423884006078,1.079786587855084,1.0783668292973982,1.079722870848693,253
2024-01-03 06:15:00+00:00,1.079722870848693,1.0799545124258465,1.079478016865117,1.0796126458635467,262
2024-01-03 06:20:00+00:00,1.0796126458635467,1.0806227406728914,1.0795519591277543,1.0804967879522804,652
2024-01-03 06:25:00+00:00,1.0804967879522804,1.0805942115843914,1.0798419412961155,1.0798842863611184,1374
2024-01-03 06:30:00+00:00,1.0798842863611184,1.0802739910739019,1.0797496874218406,1.0801851740699489,550
2024-01-03 06:35:00+00:00,1.0801851740699489,1.0803694344056818,1.0799588195840568,1.0803414770071085,1409
2024-01-03 06:40:00+00:00,1.0803414770071085,1.0806574446694048,1.0797692625005264,1.07985583799128,1224
2024-01-03 06:45:00+00:00,1.07985583799128,1.079989244519482,1.0795435318860125,1.0799354212687238,524
2024-01-03 06:50:00+00:00,1.0799354212687238,1.0805751402594224,1.0798539904984605,1.0805739432578298,423
2024-01-03 06:55:00+00:00,1.0805739432578298,1.0806012948959884,1.0803338182753988,1.0803827942093334,1258
2024-01-03 07:00:00+00:00,1.0803827942093334,1.0804441940238638,1.0794136815490236,1.0794526048001163,1158
2024-01-03 07:05:00+00:00,1.0794526048001163,1.0794921519080058,1.079218794111675,1.0794269338916498,982
2024-01-03 07:10:00+00:00,1.0794269338916498,1.079469734847645,1.0787689751586425,1.0789236925904988,1469
2024-01-03 07:15:00+00:00,1.0789236925904988,1.078970009966132,1.078327131856827,1.078722828860276,240
2024-01-03 07:20:00+00:00,1.078722828860276,1.0788849660782407,1.0785677873645356,1.0786626427229855,640
2024-01-03 07:25:00+00:00,1.0786626427229855,1.0786780942536052,1.0777228442227529,1.077726551119898,943
2024-01-03 07:30:00+00:00,1.077726551119898,1.0777778931868505,1.0767121991553552,1.076839766276719,200
2024-01-03 07:35:00+00:00,1.076839766276719,1.0771132463071693,1.0767667959653267,1.0770831680494735,1466
2024-01-03 07:40:00+00:00,1.0770831680494735,1.0771876600208823,1.0764884141048345,1.0767855060473182,900
2024-01-03 07:45:00+00:00,1.0767855060473182,1.0768699604343297,1.075210426306758,1.0753885144977329,531
2024-01-03 07:50:00+00:00,1.0753885144977329,1.0758839861447071,1.0752778848161033,1.0757943898013356,434
2024-01-03 07:55:00+00:00,1.0757943898013356,1.0759870795645818,1.0757186162486143,1.0759247598128263,101
2024-01-03 08:00:00+00:00,1.0759247598128263,1.0759293199108972,1.0753185657712196,1.0755245831421352,929
2024-01-03 08:05:00+00:00,1.0755245831421352,1.075573616524575,1.074686649510661,1.0748003086414795,1467
2024-01-03 08:10:00+00:00,1.0748003086414795,1.0752862744468112,1.0747600451520622,1.0752333499293116,150
2024-01-03 08:15:00+00:00,1.0752333499293116,1.0754870035304454,1.074916188379658,1.0754050381491604,679
2024-01-03 08:20:00+00:00,1.0754050381491604,1.076935836044594,1.0753887806718012,1.0766700383229402,1026
2024-01-03 08:25:00+00:00,1.0766700383229402,1.0769419403254215,1.0765991430112256,1.0768800905097113,703
2024-01-03 08:30:00+00:00,1.0768800905097113,1.0771101011196513,1.0767245124089564,1.0770726922052802,1011
2024-01-03 08:35:00+00:00,1.0770726922052802,1.077209965699224,1.0769547892573645,1.076966639357354,1097
2024-01-03 08:40:00+00:00,1.076966639357354,1.0774761930152812,1.0769064361958882,1.0773903050381675,1451
2024-01-03 08:45:00+00:00,1.0773903050381675,1.0780172758831088,1.0770693076916675,1.0777108745514155,946
2024-01-03 08:50:00+00:00,1.0777108745514155,1.0784306320481203,1.077709809855608,1.0783692077151368,1093
2024-01-03 08:55:00+00:00,1.0783692077151368,1.0785107614088643,1.077955581972381,1.0780719428856536,522
2024-01-03 09:00:00+00:00,1.0780719428856536,1.0782326324604763,1.077733842436876,1.0778210715163585,311
2024-01-03 09:05:00+00:00,1.0778210715163585,1.0781014002317448,1.0774351989724216,1.0775467104537662,239
2024-01-03 09:10:00+00:00,1.0775467104537662,1.078204426104874,1.0773114342189052,1.0779566101497482,253
2024-01-03 09:15:00+00:00,1.0779566101497482,1.0789698875542482,1.0778818968349617,1.0787480321167944,1258
2024-01-03 09:20:00+00:00,1.0787480321167944,1.0788452400161344,1.0782888985255492,1.0784843642567925,156
2024-01-03 09:25:00+00:00,1.0784843642567925,1.0786293269220182,1.0781412851931078,1.0782391310794426,776
2024-01-03 09:30:00+00:00,1.0782391310794426,1.078685271232401,1.0780368852199995,1.078392282668955,958
2024-01-03 09:35:00+00:00,1.078392282668955,1.0784491763533726,1.0781445576621618,1.0782435931322194,1041
2024-01-03 09:40:00+00:00,1.0782435931322194,1.0787842237209462,1.0781274248723913,1.0787406923542304,192
2024-01-03 09:45:00+00:00,1.0787406923542304,1.0789732568325587,1.0772647390931187,1.0775099693470902,1304
2024-01-03 09:50:00+00:00,1.0775099693470902,1.0776164667556432,1.077043959917382,1.077048415232669,712
2024-01-03 09:55:00+00:00,1.077048415232669,1.077404019429773,1.0764504242941662,1.0766109093701677,124
2024-01-03 10:00:00+00:00,1.0766109093701677,1.0766510759349972,1.0752600347580434,1.0753456999082485,285
2024-01-03 10:05:00+00:00,1.0753456999082485,1.0754097417127073,1.0747926753321553,1.0748114474940407,1303
2024-01-03 10:10:00+00:00,1.0748114474940407,1.074910083727897,1.0741826051862853,1.0743035151875506,1420
2024-01-03 10:15:00+00:00,1.0743035151875506,1.0746011503604047,1.0738829133835268,1.0741793769161876,1152
2024-01-03 10:20:00+00:00,1.0741793769161876,1.0748059403113739,1.0740766957476826,1.0747610267295502,566
2024-01-03 10:25:00+00:00,1.0747610267295502,1.0749455513763542,1.0744585990012039,1.0746132144956067,1425
2024-01-03 10:30:00+00:00,1.0746132144956067,1.0747097417628908,1.0738792396403265,1.0740432322746458,486
2024-01-03 10:35:00+00:00,1.0740432322746458,1.074046504026197,1.0738363339772021,1.073996535806393,427
2024-01-03 10:40:00+00:00,1.073996535806393,1.0747041953760195,1.0738145952691591,1.0745438302757997,1170
2024-01-03 10:45:00+00:00,1.0745438302757997,1.0745803980260638,1.0739168399357424,1.0740033568561158,551
2024-01-03 10:50:00+00:00,1.0740033568561158,1.0741665216540033,1.0731543155383603,1.0734982665647625,827
2024-01-03 10:55:00+00:00,1.0734982665647625,1.073851339545971,1.0733896140361634,1.0737819647605502,1026
2024-01-03 11:00:00+00:00,1.0737819647605502,1.0738088203432568,1.0735586869959026,1.0736469172882714,332
2024-01-03 11:05:00+00:00,1.0736469172882714,1.0741067848511066,1.0736361717243994,1.0739783975555979,1396
2024-01-03 11:10:00+00:00,1.0739783975555979,1.0741180977358644,1.0739259068962779,1.0739549596998426,332
2024-01-03 11:15:00+00:00,1.0739549596998426,1.074820326096706,1.0738706524497967,1.0743156279529005,1489
2024-01-03 11:20:00+00:00,1.0743156279529005,1.0743773225221198,1.073580182178571,1.0737435129214483,488
2024-01-03 11:25:00+00:00,1.0737435129214483,1.0741574929044222,1.0736656450285507,1.0737209188610595,683
2024-01-03 11:30:00+00:00,1.0737209188610595,1.0739638546699741,1.0734972585617577,1.0735917019093681,454
2024-01-03 11:35:00+00:00,1.0735917019093681,1.0736305717459174,1.0728973130481723,1.0729229128305668,854
2024-01-03 11:40:00+00:00,1.0729229128305668,1.0729241860129521,1.0719837495748559,1.0720680733298875,101
2024-01-03 11:45:00+00:00,1.0720680733298875,1.072493989562181,1.0719943303199528,1.072419577132305,338
2024-01-03 11:50:00+00:00,1.072419577132305,1.0725862913363484,1.07206604236267,1.072215306735982,827
2024-01-03 11:55:00+00:00,1.072215306735982,1.0722912921173733,1.071591202198038,1.0716511712235028,1071
2024-01-03 12:00:00+00:00,1.0716511712235028,1.0716756531543956,1.0714563362488776,1.071583561320734,1447
2024-01-03 12:05:00+00:00,1.071583561320734,1.0723000927815287,1.071397886729808,1.0721718707995118,1272
2024-01-03 12:10:00+00:00,1.0721718707995118,1.0721745647453742,1.0708662733014305,1.0709331167402119,1390
2024-01-03 12:15:00+00:00,1.0709331167402119,1.071443930068386,1.0699607133217133,1.0701156527750548,1218
2024-01-03 12:20:00+00:00,1.0701156527750548,1.0701399465834607,1.06947563496804,1.06960580342666,1187
2024-01-03 12:25:00+00:00,1.06960580342666,1.0704025556876273,1.0695359878897013,1.0703712020374527,584
2024-01-03 12:30:00+00:00,1.0703712020374527,1.070781042998452,1.0703407825307885,1.070506382953716,1367
2024-01-03 12:35:00+00:00,1.070506382953716,1.0709883315874489,1.0704867547747146,1.070901034359804,1448
2024-01-03 12:40:00+00:00,1.070901034359804,1.07108534355174,1.0700940658291456,1.0702744710904741,818
2024-01-03 12:45:00+00:00,1.0702744710904741,1.0704888668966017,1.0694780493068843,1.069659311640022,268
2024-01-03 12:50:00+00:00,1.069659311640022,1.070229020793506,1.0693226061364407,1.0698827708063334,159
2024-01-03 12:55:00+00:00,1.0698827708063334,1.06990308205429,1.0693821499350822,1.0698978959160956,791
2024-01-03 13:00:00+00:00,1.0698978959160956,1.0703954352581606,1.0698767469518307,1.0701753947015122,988
2024-01-03 13:05:00+00:00,1.0701753947015122,1.0701821980037345,1.0696865041502215,1.070058921632196,876
2024-01-03 13:10:00+00:00,1.070058921632196,1.0702456434996368,1.0697705226382503,1.0701916858363663,1354
2024-01-03 13:15:00+00:00,1.0701916858363663,1.0705586016885489,1.0700346515677546,1.0702602418260974,851
2024-01-03 13:20:00+00:00,1.0702602418260974,1.0707330262660593,1.0702361764952,1.070660394679433,1025
2024-01-03 13:25:00+00:00,1.070660394679433,1.0711825920959033,1.0704251845879926,1.071076350676341,1161
2024-01-03 13:30:00+00:00,1.071076350676341,1.071362606407794,1.069982149716705,1.070192781238923,1352
2024-01-03 13:35:00+00:00,1.070192781238923,1.0703749065044246,1.0687822129535367,1.0689742230544887,953
2024-01-03 13:40:00+00:00,1.0689742230544887,1.069616444415863,1.0689380652123386,1.0694936084452193,880
2024-01-03 13:45:00+00:00,1.0694936084452193,1.0702944540892902,1.0694643375371813,1.0701126982390095,207
2024-01-03 13:50:00+00:00,1.0701126982390095,1.070206363880586,1.0695100140918916,1.0695505557218878,999
2024-01-03 13:55:00+00:00,1.0695505557218878,1.069655427727559,1.068433617489194,1.068539918467241,351
2024-01-03 14:00:00+00:00,1.068539918467241,1.0686602662391231,1.0684859228600785,1.0685768016982462,616
2024-01-03 14:05:00+00:00,1.0685768016982462,1.069197376220303,1.0685709990103422,1.0690581091136269,845
2024-01-03 14:10:00+00:00,1.0690581091136269,1.07029485116649,1.0688827067441078,1.0700029397425437,215
2024-01-03 14:15:00+00:00,1.0700029397425437,1.0705040889389945,1.069787147377279,1.070263109658413,1072
2024-01-03 14:20:00+00:00,1.070263109658413,1.0703812679740115,1.0698075424927127,1.070048138377968,492
2024-01-03 14:25:00+00:00,1.070048138377968,1.0700689754529213,1.0694500804155145,1.069554241276415,819
2024-01-03 14:30:00+00:00,1.069554241276415,1.0696165113002931,1.0694901107385482,1.069544321851583,590
2024-01-03 14:35:00+00:00,1.069544321851583,1.0695964110643759,1.0690681027669557,1.0693682402543698,597
2024-01-03 14:40:00+00:00,1.0693682402543698,1.069547429875736,1.0687993445303137,1.068809459040722,651
2024-01-03 14:45:00+00:00,1.068809459040722,1.0700726058592271,1.0686092462329122,1.0698882916082895,171
2024-01-03 14:50:00+00:00,1.0698882916082895,1.0709673347264381,1.0696218286295816,1.0708272086698782,373
2024-01-03 14:55:00+00:00,1.0708272086698782,1.071457744443091,1.0707342359626115,1.0714194021821104,1200
2024-01-03 15:00:00+00:00,1.0714194021821104,1.0715556596576121,1.070800547661137,1.0709100223997179,270
2024-01-03 15:05:00+00:00,1.0709100223997179,1.0713820349512808,1.0707350951867105,1.0713517831312496,796
2024-01-03 15:10:00+00:00,1.0713517831312496,1.0717300738279667,1.0711983234861882,1.0716783453016794,296
2024-01-03 15:15:00+00:00,1.0716783453016794,1.0724474728738074,1.0716661205943134,1.0718994034076335,854
2024-01-03 15:20:00+00:00,1.0718994034076335,1.0729410107278425,1.071810414120638,1.0725530826436842,1001
2024-01-03 15:25:00+00:00,1.0725530826436842,1.0729688820747165,1.0725344932331733,1.0728777289863938,756
2024-01-03 15:30:00+00:00,1.0728777289863938,1.073354509767333,1.0728196164420063,1.073258608217091,1180
2024-01-03 15:35:00+00:00,1.073258608217091,1.0738946709976847,1.0730445527882346,1.073584291913596,471
2024-01-03 15:40:00+00:00,1.073584291913596,1.0738070804918272,1.0734950712262006,1.0737511223004423,881
2024-01-03 15:45:00+00:00,1.0737511223004423,1.0737724662263313,1.0726992069106092,1.072777438807469,486
2024-01-03 15:50:00+00:00,1.072777438807469,1.072884587677781,1.0727212062992235,1.0728062005485142,812
2024-01-03 15:55:00+00:00,1.0728062005485142,1.0730720406114838,1.0723437632952695,1.0724917653644317,188
2024-01-03 16:00:00+00:00,1.0724917653644317,1.072508654649382,1.0716818452667363,1.0717893685439286,476
2024-01-03 16:05:00+00:00,1.0717893685439286,1.072698620458588,1.0717333054297715,1.072674568289604,1090
2024-01-03 16:10:00+00:00,1.072674568289604,1.0737796573508889,1.0725712490856696,1.0735858028365095,1189
2024-01-03 16:15:00+00:00,1.0735858028365095,1.0743936112572692,1.0734749425864138,1.074299319019167,480
2024-01-03 16:20:00+00:00,1.074299319019167,1.0744290512289523,1.074058326637277,1.074420292329348,461
2024-01-03 16:25:00+00:00,1.074420292329348,1.0753088176981385,1.0744148046149773,1.0751297455436037,517
2024-01-03 16:30:00+00:00,1.0751297455436037,1.075539125367882,1.0750936569450895,1.0751200979639173,490
2024-01-03 16:35:00+00:00,1.0751200979639173,1.0752641794520583,1.074969785400071,1.0752129868765505,1490
2024-01-03 16:40:00+00:00,1.0752129868765505,1.0752318181709748,1.074529955131656,1.074609001372598,1011
2024-01-03 16:45:00+00:00,1.074609001372598,1.0748336961090013,1.0743937678057909,1.0748061874522181,640
2024-01-03 16:50:00+00:00,1.0748061874522181,1.0750337888143133,1.0747266684256962,1.0748225169441592,746
2024-01-03 16:55:00+00:00,1.0748225169441592,1.0749191216268164,1.0740731409912343,1.0741063346929458,814
2024-01-03 17:00:00+00:00,1.0741063346929458,1.0741511760910372,1.0738681834990536,1.0740627275268653,874
2024-01-03 17:05:00+00:00,1.0740627275268653,1.0743104240519687,1.0739231617194618,1.074003799309542,641
2024-01-03 17:10:00+00:00,1.074003799309542,1.0751438733573522,1.0737732429652231,1.0749529830137863,1464
2024-01-03 17:15:00+00:00,1.0749529830137863,1.0755010050374108,1.0746901985220345,1.075417477361509,506
2024-01-03 17:20:00+00:00,1.075417477361509,1.0754265007046655,1.075242588016809,1.0754075004119663,698
2024-01-03 17:25:00+00:00,1.0754075004119663,1.075810547208528,1.0749982431966436,1.0755251431689439,108
2024-01-03 17:30:00+00:00,1.0755251431689439,1.0756192577291592,1.0754605654186586,1.0755327860539414,788
2024-01-03 17:35:00+00:00,1.0755327860539414,1.0756799316051162,1.0751106370390293,1.0754075327404524,1296
2024-01-03 17:40:00+00:00,1.0754075327404524,1.0755249640950997,1.0747564435817258,1.074809376446604,1496
2024-01-03 17:45:00+00:00,1.074809376446604,1.075031015362853,1.0746975796367224,1.0747120783187665,762
2024-01-03 17:50:00+00:00,1.0747120783187665,1.0748936955811512,1.0741721057275384,1.0742950372335731,295
2024-01-03 17:55:00+00:00,1.0742950372335731,1.0742995734299008,1.0733308961396801,1.073607318918794,1107
2024-01-03 18:00:00+00:00,1.073607318918794,1.0739369226448112,1.0735957086929184,1.0738656405498548,996
2024-01-03 18:05:00+00:00,1.0738656405498548,1.0742408521419091,1.0738552971181068,1.0740596154025785,1442
2024-01-03 18:10:00+00:00,1.0740596154025785,1.0742196492853333,1.0727842252941948,1.0730839893170991,807
2024-01-03 18:15:00+00:00,1.0730839893170991,1.0731470915486212,1.0728031747271427,1.073002067597144,103
2024-01-03 18:20:00+00:00,1.073002067597144,1.0738861291780681,1.0729406587258308,1.0735201673890198,1361
2024-01-03 18:25:00+00:00,1.0735201673890198,1.0741056986464035,1.0733706760894255,1.0740726136092502,1045
2024-01-03 18:30:00+00:00,1.0740726136092502,1.074732435504068,1.0739059586008193,1.0746074141495332,1220
2024-01-03 18:35:00+00:00,1.0746074141495332,1.0746783513310016,1.0744256868501478,1.0746122032486434,266
2024-01-03 18:40:00+00:00,1.0746122032486434,1.0746879648144065,1.0741753532066876,1.0741796474818412,740
2024-01-03 18:45:00+00:00,1.0741796474818412,1.07440427711168,1.0735296173306492,1.073619087462617,741
2024-01-03 18:50:00+00:00,1.073619087462617,1.0739384656053108,1.0735356920760424,1.0738255470460527,474
2024-01-03 18:55:00+00:00,1.0738255470460527,1.0742307554691848,1.0737348259024508,1.0740506638521865,1285
2024-01-03 19:00:00+00:00,1.0740506638521865,1.0748135969532304,1.0739743305596021,1.0747634742829721,363
2024-01-03 19:05:00+00:00,1.0747634742829721,1.0754369290607624,1.0745596273322817,1.0753760785277788,200
2024-01-03 19:10:00+00:00,1.0753760785277788,1.0755311851907117,1.0752847554727214,1.0753264882822846,428
2024-01-03 19:15:00+00:00,1.0753264882822846,1.0753506727406925,1.074621126257943,1.0746790310428425,1485
2024-01-03 19:20:00+00:00,1.0746790310428425,1.07476968586917,1.0744069148522857,1.0745290560392258,258
2024-01-03 19:25:00+00:00,1.0745290560392258,1.0748302357943567,1.0745040657831113,1.0746672572356974,913
2024-01-03 19:30:00+00:00,1.0746672572356974,1.0749722750187762,1.0745414973857645,1.074580164457314,356
2024-01-03 19:35:00+00:00,1.074580164457314,1.0746553570464752,1.0742014591105813,1.0742911592877546,652
2024-01-03 19:40:00+00:00,1.0742911592877546,1.0745407324296197,1.0742679329811666,1.0744484810714605,872
2024-01-03 19:45:00+00:00,1.0744484810714605,1.0745908561702133,1.0738514129338372,1.0741992317261906,127
2024-01-03 19:50:00+00:00,1.0741992317261906,1.074323468702942,1.0735418169527704,1.0738833816585196,437
2024-01-03 19:55:00+00:00,1.0738833816585196,1.0741386478182602,1.073713586167827,1.0740720913376172,921
2024-01-03 20:00:00+00:00,1.0740720913376172,1.0741160025124803,1.0737303875479949,1.0738776882738232,120
2024-01-03 20:05:00+00:00,1.0738776882738232,1.0740735769871885,1.0737070378425164,1.0740302349560555,792
2024-01-03 20:10:00+00:00,1.0740302349560555,1.0742690797918009,1.073859938772329,1.0741984302511822,945
2024-01-03 20:15:00+00:00,1.0741984302511822,1.0742534868231814,1.073543748165287,1.0736079277976096,401
2024-01-03 20:20:00+00:00,1.0736079277976096,1.0736695518610673,1.0733324789034668,1.0733710678132833,327
2024-01-03 20:25:00+00:00,1.0733710678132833,1.07437835207805,1.0730495447694466,1.0741641693192774,786
2024-01-03 20:30:00+00:00,1.0741641693192774,1.0741877317103004,1.0735598353253504,1.073561520515424,1106
2024-01-03 20:35:00+00:00,1.073561520515424,1.073594414894713,1.0723332002329558,1.0724468123615132,117
2024-01-03 20:40:00+00:00,1.0724468123615132,1.072750910915198,1.0713862540729608,1.0714698963479075,572
2024-01-03 20:45:00+00:00,1.0714698963479075,1.071588515426386,1.0713753577701797,1.071506920961555,1499
2024-01-03 20:50:00+00:00,1.071506920961555,1.0717000762534303,1.0713366860926583,1.071544915138669,569
2024-01-03 20:55:00+00:00,1.071544915138669,1.0719513022673692,1.0713667647925247,1.0715033333799238,564
2024-01-03 21:00:00+00:00,1.0715033333799238,1.072238182514293,1.0712879805312983,1.0721752676711178,1132
2024-01-03 21:05:00+00:00,1.0721752676711178,1.0722619067069,1.0706694845021008,1.070763837689595,772
2024-01-03 21:10:00+00:00,1.070763837689595,1.0711754568311536,1.070687069106985,1.070997228803777,647
2024-01-03 21:15:00+00:00,1.070997228803777,1.0718883418161336,1.0708223636873733,1.0718547967418932,1198
2024-01-03 21:20:00+00:00,1.0718547967418932,1.0718873250987382,1.0711233052666655,1.0712718252265667,143
2024-01-03 21:25:00+00:00,1.0712718252265667,1.0714021930623718,1.0710212472178045,1.0710898126555122,1097
2024-01-03 21:30:00+00:00,1.0710898126555122,1.0711179174976937,1.0703175373578624,1.0707080270204783,632
2024-01-03 21:35:00+00:00,1.0707080270204783,1.0710258130023276,1.0702131908223325,1.0702506494357842,1343
2024-01-03 21:40:00+00:00,1.0702506494357842,1.070399367733183,1.0700159260959812,1.0700974633873919,1114
2024-01-03 21:45:00+00:00,1.0700974633873919,1.0710064355831803,1.069970655056491,1.0708826395272064,1417
2024-01-03 21:50:00+00:00,1.0708826395272064,1.0718934420848405,1.0708146951177722,1.0718878699264363,280
2024-01-03 21:55:00+00:00,1.0718878699264363,1.072117258232295,1.0716155037322725,1.0717292630936581,364
2024-01-03 22:00:00+00:00,1.0717292630936581,1.0728652619248162,1.0716555467535345,1.072771552068604,1364
2024-01-03 22:05:00+00:00,1.072771552068604,1.0728570825313333,1.072733798335005,1.0728120902158615,646
2024-01-03 22:10:00+00:00,1.0728120902158615,1.0737760554987268,1.072572967392285,1.0737742369256398,1241
2024-01-03 22:15:00+00:00,1.0737742369256398,1.0738515055880073,1.073613179659674,1.0737456215672092,1061
2024-01-03 22:20:00+00:00,1.0737456215672092,1.074069257772484,1.0736296955878242,1.0738374578630852,799
2024-01-03 22:25:00+00:00,1.0738374578630852,1.0741732104973978,1.0736556704726317,1.0740551647015506,163
2024-01-03 22:30:00+00:00,1.0740551647015506,1.075939040062002,1.0738163958779736,1.0757837779109223,203
2024-01-03 22:35:00+00:00,1.0757837779109223,1.0764966514864327,1.075734237483214,1.0762631931923743,1103
2024-01-03 22:40:00+00:00,1.0762631931923743,1.0763551665359374,1.0758713713861294,1.0759041170655197,236
2024-01-03 22:45:00+00:00,1.0759041170655197,1.076452836548982,1.0756970977517177,1.0764469095468896,106
2024-01-03 22:50:00+00:00,1.0764469095468896,1.076609847855821,1.07610556555932,1.0762736917269216,407
2024-01-03 22:55:00+00:00,1.0762736917269216,1.0764469194767403,1.075644758558788,1.0760316645820684,1379
2024-01-03 23:00:00+00:00,1.0760316645820684,1.076646758389513,1.0760197411665149,1.0765420271322232,977
2024-01-03 23:05:00+00:00,1.0765420271322232,1.0768151939537385,1.0764999564785127,1.0765802904436028,1105
2024-01-03 23:10:00+00:00,1.0765802904436028,1.076887683276122,1.0763703207351598,1.0767517767188894,1013
2024-01-03 23:15:00+00:00,1.0767517767188894,1.0768252347056655,1.0766392704519714,1.0767808410606694,891
2024-01-03 23:20:00+00:00,1.0767808410606694,1.0771095356654075,1.0767616957506394,1.0769835898085671,458
2024-01-03 23:25:00+00:00,1.0769835898085671,1.0772374193924115,1.0768783793401033,1.0772339701292468,700
2024-01-03 23:30:00+00:00,1.0772339701292468,1.077417671155976,1.0760283406064912,1.0762122315191858,862
2024-01-03 23:35:00+00:00,1.0762122315191858,1.0768048386656024,1.0761554714098531,1.076592442593393,1483
2024-01-03 23:40:00+00:00,1.076592442593393,1.0767860952729869,1.0760522352536859,1.0760853570993103,1358
2024-01-03 23:45:00+00:00,1.0760853570993103,1.0762799467816342,1.0753084340159267,1.075330860316286,1131
2024-01-03 23:50:00+00:00,1.075330860316286,1.075498127048432,1.0752107517039617,1.0753209612269372,1238
2024-01-03 23:55:00+00:00,1.0753209612269372,1.0754654739489955,1.0751291253682933,1.0753876209127662,1230
2024-01-04 00:00:00+00:00,1.0753876209127662,1.0754856202942646,1.0747056114520306,1.0750362346929807,1034
2024-01-04 00:05:00+00:00,1.0750362346929807,1.0757704668189985,1.074857185683794,1.0755044300972632,1255
2024-01-04 00:10:00+00:00,1.0755044300972632,1.0755508065686707,1.0746880320867855,1.074804182517166,202
2024-01-04 00:15:00+00:00,1.074804182517166,1.0750177574418744,1.0741431024975303,1.0746069861792014,130
2024-01-04 00:20:00+00:00,1.0746069861792014,1.0746812536666364,1.074206478826412,1.0743142234032077,721
2024-01-04 00:25:00+00:00,1.0743142234032077,1.0746393875994125,1.074009315941024,1.0743106850040982,176
2024-01-04 00:30:00+00:00,1.0743106850040982,1.0745105292473323,1.0742260882994292,1.0744819646581296,575
2024-01-04 00:35:00+00:00,1.0744819646581296,1.0748764826448962,1.073750452115654,1.0739619728990843,377
2024-01-04 00:40:00+00:00,1.0739619728990843,1.0744009867503364,1.07392723911711,1.0743723781651513,1440
2024-01-04 00:45:00+00:00,1.0743723781651513,1.0744313326328294,1.0742372016480755,1.0744277096148633,1017
2024-01-04 00:50:00+00:00,1.0744277096148633,1.0746339014391437,1.0731337632775173,1.0734328184292254,158
2024-01-04 00:55:00+00:00,1.0734328184292254,1.0736116356030787,1.0723452528517088,1.0724030789205856,973
2024-01-04 01:00:00+00:00,1.0724030789205856,1.072498694556386,1.0723204981833405,1.07241792135833,1125
2024-01-04 01:05:00+00:00,1.07241792135833,1.0725220071810013,1.072066576332341,1.072320885060943,555
2024-01-04 01:10:00+00:00,1.072320885060943,1.0725269686047583,1.0722174359550711,1.0722868817047835,1335
2024-01-04 01:15:00+00:00,1.0722868817047835,1.0724796179973526,1.0720975345346613,1.0722933248318898,1462
2024-01-04 01:20:00+00:00,1.0722933248318898,1.0726178116992338,1.07221751995939,1.0724357038535148,1472
2024-01-04 01:25:00+00:00,1.0724357038535148,1.0730235919835422,1.0721853805918904,1.0729652992057641,230
2024-01-04 01:30:00+00:00,1.0729652992057641,1.0729735035059496,1.072275758205414,1.0723906700105172,728
2024-01-04 01:35:00+00:00,1.0723906700105172,1.0724002981051646,1.0716360899727055,1.0717837121230454,1187
2024-01-04 01:40:00+00:00,1.0717837121230454,1.071909515659118,1.0711763307807571,1.0712192444458082,719
2024-01-04 01:45:00+00:00,1.0712192444458082,1.0716450876871506,1.0711814664291601,1.071395415377653,773
2024-01-04 01:50:00+00:00,1.071395415377653,1.0721429613342943,1.0713089566721063,1.0720837587428946,559
2024-01-04 01:55:00+00:00,1.0720837587428946,1.0724013460415793,1.0715990146272198,1.0718739844149485,686
2024-01-04 02:00:00+00:00,1.0718739844149485,1.0720182363182964,1.0704458537411288,1.0705546684047522,1072
2024-01-04 02:05:00+00:00,1.0705546684047522,1.0705923732428784,1.0694410742742728,1.0696639707411222,135
2024-01-04 02:10:00+00:00,1.0696639707411222,1.069796937151114,1.0691786991062529,1.0692398293361975,1219
2024-01-04 02:15:00+00:00,1.0692398293361975,1.069513438230067,1.0689464850153194,1.0689630411625437,1118
2024-01-04 02:20:00+00:00,1.0689630411625437,1.0692834557228568,1.0687436158908201,1.0687661442488836,294
2024-01-04 02:25:00+00:00,1.0687661442488836,1.068998420539761,1.06841054308501,1.068808136670793,1180
2024-01-04 02:30:00+00:00,1.068808136670793,1.0688122528305393,1.0686614917051838,1.0686629143260467,829
2024-01-04 02:35:00+00:00,1.0686629143260467,1.069279737473698,1.0684875555015956,1.0692449827474937,546
2024-01-04 02:40:00+00:00,1.0692449827474937,1.0693373766614533,1.0688090439286169,1.0689049535909736,737
2024-01-04 02:45:00+00:00,1.0689049535909736,1.0691733515355006,1.0684238898481442,1.0684654637208184,823
2024-01-04 02:50:00+00:00,1.0684654637208184,1.068812202152344,1.0684634518981506,1.0687426640172577,394
2024-01-04 02:55:00+00:00,1.0687426640172577,1.0688155306578009,1.0678194262430938,1.0679434357721431,949
2024-01-04 03:00:00+00:00,1.0679434357721431,1.0681811142592974,1.0679108019121613,1.0681728789901943,980
2024-01-04 03:05:00+00:00,1.0681728789901943,1.0683015551082178,1.0680305902014746,1.0682490147125294,614
2024-01-04 03:10:00+00:00,1.0682490147125294,1.0682749947165755,1.0680633856371213,1.0681916270455327,744
2024-01-04 03:15:00+00:00,1.0681916270455327,1.069082999299241,1.0681916127802134,1.0690612824976204,961
2024-01-04 03:20:00+00:00,1.0690612824976204,1.0693367956254365,1.0686364559230976,1.0687500747785472,805
2024-01-04 03:25:00+00:00,1.0687500747785472,1.069910891166062,1.068617902555849,1.0698724216919495,707
2024-01-04 03:30:00+00:00,1.0698724216919495,1.0698808649233091,1.0695974510428399,1.069773227695128,1438
2024-01-04 03:35:00+00:00,1.069773227695128,1.0699120913730702,1.0690998760719548,1.069111564157604,1329
2024-01-04 03:40:00+00:00,1.069111564157604,1.0692852524054361,1.0690850839913086,1.0691703223051887,631
2024-01-04 03:45:00+00:00,1.0691703223051887,1.0693895042278885,1.0682944700576955,1.0686163609977826,1105
2024-01-04 03:50:00+00:00,1.0686163609977826,1.0688767557442718,1.0681761980830986,1.0682360640257778,1234
2024-01-04 03:55:00+00:00,1.0682360640257778,1.0685020847104465,1.068176521762771,1.0684694913919062,254
2024-01-04 04:00:00+00:00,1.0684694913919062,1.06887975145418,1.0681897642062246,1.0687876720375773,928
2024-01-04 04:05:00+00:00,1.0687876720375773,1.0688122889412832,1.0683855487691118,1.0684765652070323,1219
2024-01-04 04:10:00+00:00,1.0684765652070323,1.0691101141778143,1.0682960648593807,1.06902544436726,180
2024-01-04 04:15:00+00:00,1.06902544436726,1.0697159031539056,1.0688315598341445,1.069665527498836,572
2024-01-04 04:20:00+00:00,1.069665527498836,1.0704644574590167,1.0696451788510795,1.0704551020474267,1216
2024-01-04 04:25:00+00:00,1.0704551020474267,1.0707819929596423,1.0702590889088022,1.0707598677908428,1409
2024-01-04 04:30:00+00:00,1.0707598677908428,1.0715838713325712,1.0706172853719838,1.071511235361946,1489
2024-01-04 04:35:00+00:00,1.071511235361946,1.071558513507773,1.070370023017409,1.0705250172631406,944
2024-01-04 04:40:00+00:00,1.0705250172631406,1.0705639570955194,1.0702585254012877,1.0703762643067567,159
2024-01-04 04:45:00+00:00,1.0703762643067567,1.0706503922728587,1.0698895704965052,1.0699336609083439,138
2024-01-04 04:50:00+00:00,1.0699336609083439,1.0704538918795974,1.0698809074078846,1.0700188414625977,1235
2024-01-04 04:55:00+00:00,1.0700188414625977,1.0702121457616427,1.069576250028937,1.0697345111236871,1128
2024-01-04 05:00:00+00:00,1.0697345111236871,1.0699366060956503,1.0693821737195865,1.0696670334249956,371
2024-01-04 05:05:00+00:00,1.0696670334249956,1.0708487997990088,1.0695656510492657,1.0706950769759116,283
2024-01-04 05:10:00+00:00,1.0706950769759116,1.070711665535535,1.0705709309491527,1.070625631802205,304
2024-01-04 05:15:00+00:00,1.070625631802205,1.0710124421222558,1.0705593306738286,1.0708685526453543,1328
2024-01-04 05:20:00+00:00,1.0708685526453543,1.0709635257726993,1.0707595223100714,1.0707656050558274,1170
2024-01-04 05:25:00+00:00,1.0707656050558274,1.0708551883124855,1.070739149017741,1.0708275559602234,1427
2024-01-04 05:30:00+00:00,1.0708275559602234,1.0709371556935814,1.0707633262748977,1.0708521939249458,259
2024-01-04 05:35:00+00:00,1.0708521939249458,1.0712248508136013,1.070734238438596,1.0711136553736424,1073
2024-01-04 05:40:00+00:00,1.0711136553736424,1.0717984121765076,1.0709879379831997,1.0717591660537673,1393
2024-01-04 05:45:00+00:00,1.0717591660537673,1.0726666392486106,1.0715233902426673,1.072663406045605,846
2024-01-04 05:50:00+00:00,1.072663406045605,1.073105862572657,1.0726498452978563,1.0728509183795465,1183
2024-01-04 05:55:00+00:00,1.0728509183795465,1.0733755690919542,1.072569742820803,1.0731886233569696,942
2024-01-04 06:00:00+00:00,1.0731886233569696,1.0733691711475655,1.072540466324998,1.0725925397802951,109
2024-01-04 06:05:00+00:00,1.0725925397802951,1.0727154762973414,1.0724849426410592,1.072566863661923,700
2024-01-04 06:10:00+00:00,1.072566863661923,1.0731320699464324,1.0724877487394897,1.0730925766603383,465
2024-01-04 06:15:00+00:00,1.0730925766603383,1.0736770741112647,1.0727734501361448,1.0735786707706245,217
2024-01-04 06:20:00+00:00,1.0735786707706245,1.0740100216156252,1.073265520118044,1.0737137321918682,933
2024-01-04 06:25:00+00:00,1.0737137321918682,1.0744501227140586,1.0733474586373786,1.0742110731497718,1400
2024-01-04 06:30:00+00:00,1.0742110731497718,1.0746030442534669,1.0741735173622515,1.0744961508878021,175
2024-01-04 06:35:00+00:00,1.0744961508878021,1.0756106312490703,1.0744400930242661,1.075162503038013,560
2024-01-04 06:40:00+00:00,1.075162503038013,1.0755370942050577,1.0749343268654175,1.0753395603458096,1037
2024-01-04 06:45:00+00:00,1.0753395603458096,1.0756336631041326,1.0750090479680312,1.0751698189018755,537
2024-01-04 06:50:00+00:00,1.0751698189018755,1.075507901895404,1.0751631303989657,1.0753718654899518,263
2024-01-04 06:55:00+00:00,1.0753718654899518,1.0755151993257872,1.0738077328382805,1.073817633556784,367
2024-01-04 07:00:00+00:00,1.073817633556784,1.074213670056135,1.073505573811878,1.0740446846371388,134
2024-01-04 07:05:00+00:00,1.0740446846371388,1.0745615408636966,1.0720950186188425,1.0721068863296896,1489
2024-01-04 07:10:00+00:00,1.0721068863296896,1.072472449738355,1.0710685517127811,1.0712044599737078,788
2024-01-04 07:15:00+00:00,1.0712044599737078,1.0715796134718865,1.071166494564489,1.0714678523330095,1419
2024-01-04 07:20:00+00:00,1.0714678523330095,1.0720357937888232,1.071279134805346,1.0717451103567697,1059
2024-01-04 07:25:00+00:00,1.0717451103567697,1.0718137184826155,1.0709616075610577,1.0711436315783502,589
2024-01-04 07:30:00+00:00,1.0711436315783502,1.0711768539812765,1.0706807014971165,1.0707836726673856,1419
2024-01-04 07:35:00+00:00,1.0707836726673856,1.071559724817876,1.0705274693859788,1.0715388647975037,464
2024-01-04 07:40:00+00:00,1.0715388647975037,1.071685400889142,1.0712936883450805,1.071300967025943,352
2024-01-04 07:45:00+00:00,1.071300967025943,1.0726493867343105,1.071292973205652,1.0725238143951032,1227
2024-01-04 07:50:00+00:00,1.0725238143951032,1.072777249504736,1.0725078904373404,1.0725442353272652,874
2024-01-04 07:55:00+00:00,1.0725442353272652,1.0729843060190336,1.0725330836959017,1.072784504636631,691
2024-01-04 08:00:00+00:00,1.072784504636631,1.0737391493924033,1.0723612696901084,1.0736732392270503,923
2024-01-04 08:05:00+00:00,1.0736732392270503,1.073990976880372,1.0736433632387339,1.0737650528459697,1454
2024-01-04 08:10:00+00:00,1.0737650528459697,1.0740219409593297,1.073028809175692,1.0732483871783285,492
2024-01-04 08:15:00+00:00,1.0732483871783285,1.0732592284873559,1.072949159543377,1.0732109697407919,1361
2024-01-04 08:20:00+00:00,1.0732109697407919,1.0735204200952484,1.0729556394909467,1.0732133250438267,1375
2024-01-04 08:25:00+00:00,1.0732133250438267,1.0734099413947171,1.0723654039535555,1.072502459847135,1163
2024-01-04 08:30:00+00:00,1.072502459847135,1.0726308618318903,1.0723483602364916,1.0723867196334218,320
2024-01-04 08:35:00+00:00,1.0723867196334218,1.072400390923496,1.0718481185498907,1.0720102088953045,225
2024-01-04 08:40:00+00:00,1.0720102088953045,1.0725465820464073,1.071904468863323,1.0725271095756708,268
2024-01-04 08:45:00+00:00,1.0725271095756708,1.0728126805989449,1.072214579159345,1.0725671212045507,1082
2024-01-04 08:50:00+00:00,1.0725671212045507,1.072637511271696,1.0723255631313542,1.0724369138356988,659
2024-01-04 08:55:00+00:00,1.0724369138356988,1.072465273242874,1.0720225042904645,1.0724014258629846,1482
2024-01-04 09:00:00+00:00,1.0724014258629846,1.0725746689800109,1.0722357132189584,1.072542512076842,108
2024-01-04 09:05:00+00:00,1.072542512076842,1.072902879009389,1.0723011090700132,1.0728947426526934,622
2024-01-04 09:10:00+00:00,1.0728947426526934,1.073104696151198,1.0721130111156125,1.072379907550394,469
2024-01-04 09:15:00+00:00,1.072379907550394,1.0723805035819558,1.0716759244387897,1.071842866323957,1334
2024-01-04 09:20:00+00:00,1.071842866323957,1.072519867047848,1.071649690279738,1.0724563244495862,269
2024-01-04 09:25:00+00:00,1.0724563244495862,1.0725471358415801,1.0722481530958035,1.0722566669328752,671
2024-01-04 09:30:00+00:00,1.0722566669328752,1.0723457336895925,1.071184784499623,1.0715185028763248,1313
2024-01-04 09:35:00+00:00,1.0715185028763248,1.0720031202967182,1.0715140216185477,1.0717777100113401,1459
2024-01-04 09:40:00+00:00,1.0717777100113401,1.0721681259718716,1.0716777818349457,1.0720474602803394,1382
2024-01-04 09:45:00+00:00,1.0720474602803394,1.0722884169279807,1.0712266653527869,1.0712484015275676,1015
2024-01-04 09:50:00+00:00,1.0712484015275676,1.0714259447982888,1.071219343467097,1.0713927424560334,328
2024-01-04 09:55:00+00:00,1.0713927424560334,1.0719214686366743,1.0712378000955523,1.0718082195042333,235
2024-01-04 10:00:00+00:00,1.0718082195042333,1.072428886217374,1.071647168731408,1.0720302909067283,675
2024-01-04 10:05:00+00:00,1.0720302909067283,1.0724819009053694,1.0717347082736761,1.0723904831594886,770
2024-01-04 10:10:00+00:00,1.0723904831594886,1.0724164381251782,1.0713576695462372,1.071658968560858,819
2024-01-04 10:15:00+00:00,1.071658968560858,1.0719351881010812,1.071658543037567,1.071857782815757,169
2024-01-04 10:20:00+00:00,1.071857782815757,1.071886877316568,1.0716717802526052,1.0717170372992022,1045
2024-01-04 10:25:00+00:00,1.0717170372992022,1.0717967449550072,1.0713221189866926,1.0714797644206753,653
2024-01-04 10:30:00+00:00,1.0714797644206753,1.0723090941360387,1.0713764885283499,1.0719675853756117,252
2024-01-04 10:35:00+00:00,1.0719675853756117,1.0729302975236454,1.0716846423445712,1.072781891889977,1381
2024-01-04 10:40:00+00:00,1.072781891889977,1.0738049729718473,1.0725358122265902,1.0737658313787772,599
2024-01-04 10:45:00+00:00,1.0737658313787772,1.0745438039341684,1.073691116073232,1.07449320457903,425
2024-01-04 10:50:00+00:00,1.07449320457903,1.0746489285215284,1.0743688667954858,1.0744557401268857,789
2024-01-04 10:55:00+00:00,1.0744557401268857,1.0749036613870304,1.074370706649618,1.0746667203435993,1430
2024-01-04 11:00:00+00:00,1.0746667203435993,1.0751363592542669,1.074401898122315,1.0751002531883587,1254
2024-01-04 11:05:00+00:00,1.0751002531883587,1.0754471070017109,1.0747719146340484,1.0751868944154088,239
2024-01-04 11:10:00+00:00,1.0751868944154088,1.0753114652114788,1.0751492386268326,1.0752786961238479,1061
2024-01-04 11:15:00+00:00,1.0752786961238479,1.0759662082296997,1.0751701187275786,1.075743083794556,1030
2024-01-04 11:20:00+00:00,1.075743083794556,1.07577940895888,1.0757191202650982,1.0757327122080063,1340
2024-01-04 11:25:00+00:00,1.0757327122080063,1.0757413196234247,1.0752600050434202,1.0753619679552289,1451
2024-01-04 11:30:00+00:00,1.0753619679552289,1.075501341903349,1.0751169456011576,1.075160620908717,1144
2024-01-04 11:35:00+00:00,1.075160620908717,1.0756207851729411,1.0750523254312168,1.0755229018587975,1015
2024-01-04 11:40:00+00:00,1.0755229018587975,1.0760277304257946,1.075487905093412,1.0755460219934534,595
2024-01-04 11:45:00+00:00,1.0755460219934534,1.0758384703427026,1.0754038593517756,1.0757504886575249,1358
2024-01-04 11:50:00+00:00,1.0757504886575249,1.0762944042126295,1.075675687319798,1.0761324227034172,1420
2024-01-04 11:55:00+00:00,1.0761324227034172,1.0763619179626618,1.0758786756334948,1.0759522558260726,1487
2024-01-04 12:00:00+00:00,1.0759522558260726,1.0764110486988994,1.0758162914050153,1.07638061833,1436
2024-01-04 12:05:00+00:00,1.07638061833,1.0766724034566977,1.076329995140692,1.0766060353602467,998
2024-01-04 12:10:00+00:00,1.0766060353602467,1.0768709990778256,1.0758953829067166,1.0759628638699985,1438
2024-01-04 12:15:00+00:00,1.0759628638699985,1.0768741153129808,1.0758047751855393,1.076760316324125,1195
2024-01-04 12:20:00+00:00,1.076760316324125,1.0768836062709646,1.0763737743502082,1.0765122604961088,436
2024-01-04 12:25:00+00:00,1.0765122604961088,1.0765198460637988,1.0755497513971815,1.0756429255267042,144
2024-01-04 12:30:00+00:00,1.0756429255267042,1.075782913509685,1.0748516932483567,1.0751023914486735,1472
2024-01-04 12:35:00+00:00,1.0751023914486735,1.075260331193839,1.074548514977294,1.0745750294494911,698
2024-01-04 12:40:00+00:00,1.0745750294494911,1.0747899268015464,1.0745701727417443,1.0746245530227967,1322
2024-01-04 12:45:00+00:00,1.0746245530227967,1.0748681525733959,1.0744706799618347,1.0744989022752982,503
2024-01-04 12:50:00+00:00,1.0744989022752982,1.0746704681265464,1.0741568405111008,1.0743394294636033,604
2024-01-04 12:55:00+00:00,1.0743394294636033,1.074720432157056,1.0741505914231813,1.0746938013802094,1253
2024-01-04 13:00:00+00:00,1.0746938013802094,1.074913378073934,1.0745143477034071,1.0748979262281948,835
2024-01-04 13:05:00+00:00,1.0748979262281948,1.0753647358052703,1.0748936426076419,1.0750892837870916,1048
2024-01-04 13:10:00+00:00,1.0750892837870916,1.0753547520070958,1.0749485918015633,1.0753310866640997,548
2024-01-04 13:15:00+00:00,1.0753310866640997,1.0757828712730213,1.0750205504434547,1.0756838676668703,960
2024-01-04 13:20:00+00:00,1.0756838676668703,1.075899500882684,1.0744336108417543,1.0745716356424515,781
2024-01-04 13:25:00+00:00,1.0745716356424515,1.074652008636371,1.0743237245929163,1.074397319570751,1404
2024-01-04 13:30:00+00:00,1.074397319570751,1.0744116647497652,1.0730183850680604,1.0732476015924481,788
2024-01-04 13:35:00+00:00,1.0732476015924481,1.0733920574760258,1.073161375444894,1.0732884171594548,224
2024-01-04 13:40:00+00:00,1.0732884171594548,1.0734449957119052,1.0730613034160514,1.0733073966700852,1131
2024-01-04 13:45:00+00:00,1.0733073966700852,1.074244698792264,1.0730693986024598,1.0738899515800133,1435
2024-01-04 13:50:00+00:00,1.0738899515800133,1.0746050025235068,1.073741515916654,1.074549123699292,1335
2024-01-04 13:55:00+00:00,1.074549123699292,1.0749406166365738,1.0744553545180846,1.0746795605569697,241
2024-01-04 14:00:00+00:00,1.0746795605569697,1.074911682175963,1.0743061286061064,1.0744321902367924,1497
2024-01-04 14:05:00+00:00,1.0744321902367924,1.074777154868393,1.074010758844005,1.0747143152389822,585
2024-01-04 14:10:00+00:00,1.0747143152389822,1.0747629483362933,1.0743324941517844,1.0744521292042373,1267
2024-01-04 14:15:00+00:00,1.0744521292042373,1.0745753429678275,1.0742212493281158,1.0744728700781672,982
2024-01-04 14:20:00+00:00,1.0744728700781672,1.0750729957764755,1.0744700744043,1.0750241478949552,1462
2024-01-04 14:25:00+00:00,1.0750241478949552,1.075111838783452,1.0745457168961925,1.0747458395449419,578
2024-01-04 14:30:00+00:00,1.0747458395449419,1.0753304766598757,1.0747264961882053,1.0752002843445008,950
2024-01-04 14:35:00+00:00,1.0752002843445008,1.0757081605859082,1.0751998868277255,1.0755859594223043,1055
2024-01-04 14:40:00+00:00,1.0755859594223043,1.075930119047658,1.0749232298326232,1.0750939908051542,316
2024-01-04 14:45:00+00:00,1.0750939908051542,1.075648991150667,1.075043648407897,1.075639006547434,1185
2024-01-04 14:50:00+00:00,1.075639006547434,1.076253214558173,1.0754844679980269,1.0760362219324362,300
2024-01-04 14:55:00+00:00,1.0760362219324362,1.0763296451411448,1.0759977750526575,1.0761125806302576,1259
2024-01-04 15:00:00+00:00,1.0761125806302576,1.0762379314242398,1.0756364987520366,1.0757239299500239,276
2024-01-04 15:05:00+00:00,1.0757239299500239,1.0757335705091884,1.0752593627605753,1.0752833101911534,351
2024-01-04 15:10:00+00:00,1.0752833101911534,1.075424736435413,1.075015013432614,1.075015746059628,792
2024-01-04 15:15:00+00:00,1.075015746059628,1.075414970019567,1.0749807024339026,1.075328895170431,354
2024-01-04 15:20:00+00:00,1.075328895170431,1.0754628741956829,1.0746576630628,1.074836596070605,207
2024-01-04 15:25:00+00:00,1.074836596070605,1.075118747845763,1.0747927524507752,1.0750932198905494,173
2024-01-04 15:30:00+00:00,1.0750932198905494,1.0752113464120627,1.0742211517559885,1.0744472202800177,500
2024-01-04 15:35:00+00:00,1.0744472202800177,1.0745118480351508,1.0742684585504445,1.074359078762775,787
2024-01-04 15:40:00+00:00,1.074359078762775,1.074632390841094,1.0743323238292806,1.0744394664746466,161
2024-01-04 15:45:00+00:00,1.0744394664746466,1.0760955427790877,1.0742582959178668,1.075774527428235,292
2024-01-04 15:50:00+00:00,1.075774527428235,1.0757900801932252,1.0748459138842377,1.0750552023695652,956
2024-01-04 15:55:00+00:00,1.0750552023695652,1.0759719637403347,1.0747690196632087,1.0758679519324472,546
2024-01-04 16:00:00+00:00,1.0758679519324472,1.0760567228851536,1.0758468733557847,1.0759700746170104,1160
2024-01-04 16:05:00+00:00,1.0759700746170104,1.076382613085901,1.0758468799424323,1.0762127983581566,1276
2024-01-04 16:10:00+00:00,1.0762127983581566,1.0763357651527925,1.07597800184045,1.0762980063836476,142
2024-01-04 16:15:00+00:00,1.0762980063836476,1.0767366864247063,1.0762286042816214,1.0765588616376796,1428
2024-01-04 16:20:00+00:00,1.0765588616376796,1.0766429514013645,1.0763240393898705,1.076497667284411,1057
2024-01-04 16:25:00+00:00,1.076497667284411,1.077442511906129,1.0764875687896596,1.0773018380519834,1250
2024-01-04 16:30:00+00:00,1.0773018380519834,1.077326960339415,1.0765879998713117,1.0770775054873991,769
2024-01-04 16:35:00+00:00,1.0770775054873991,1.077789469388995,1.0770284627714748,1.0777087992318235,100
2024-01-04 16:40:00+00:00,1.0777087992318235,1.0779743760209297,1.0772435346812073,1.0773831333501136,1339
2024-01-04 16:45:00+00:00,1.0773831333501136,1.0774403020699355,1.0773063227690158,1.0773722238512475,895
2024-01-04 16:50:00+00:00,1.0773722238512475,1.0774762968248794,1.0767328007063668,1.0768163199563014,151
2024-01-04 16:55:00+00:00,1.0768163199563014,1.0771990526194721,1.076661138215249,1.0770828447667191,333
2024-01-04 17:00:00+00:00,1.0770828447667191,1.0780690689027002,1.0767430564399842,1.0778826466119809,388
2024-01-04 17:05:00+00:00,1.0778826466119809,1.0780384004502335,1.0776900323191332,1.0778625138229945,626
2024-01-04 17:10:00+00:00,1.0778625138229945,1.07803775749991,1.077722101452215,1.0777779632162006,719
2024-01-04 17:15:00+00:00,1.0777779632162006,1.077993326817092,1.077135553234884,1.077198863975354,699
2024-01-04 17:20:00+00:00,1.077198863975354,1.0773273942463863,1.0770466985008567,1.0770969110596715,1315
2024-01-04 17:25:00+00:00,1.0770969110596715,1.077143772868339,1.076011639227436,1.0762606561093429,1420
2024-01-04 17:30:00+00:00,1.0762606561093429,1.0762734898820958,1.07574146199166,1.075790933991998,1050
2024-01-04 17:35:00+00:00,1.075790933991998,1.0763528759445016,1.0752934659183908,1.075934436996858,987
2024-01-04 17:40:00+00:00,1.075934436996858,1.0769975007125177,1.0755437213290306,1.0766655415467494,1309
2024-01-04 17:45:00+00:00,1.0766655415467494,1.0783439956502618,1.0766359770069935,1.0781993651241928,474
2024-01-04 17:50:00+00:00,1.0781993651241928,1.0785312046058138,1.0778491834185047,1.0779047012783378,881
2024-01-04 17:55:00+00:00,1.0779047012783378,1.078934312243822,1.0777289982610994,1.0786998177656604,999
2024-01-04 18:00:00+00:00,1.0786998177656604,1.0789843288370728,1.0786245132739092,1.0788528596401101,499
2024-01-04 18:05:00+00:00,1.0788528596401101,1.0792093421934619,1.0786719857677718,1.0787928497191999,1432
2024-01-04 18:10:00+00:00,1.0787928497191999,1.0791063779987868,1.0787242832421722,1.0790477654768695,429
2024-01-04 18:15:00+00:00,1.0790477654768695,1.0792810072437349,1.0788487142924215,1.0791027518538596,182
2024-01-04 18:20:00+00:00,1.0791027518538596,1.0793575927478873,1.0790573918590125,1.0791838980745472,552
2024-01-04 18:25:00+00:00,1.0791838980745472,1.079406077361005,1.078753444823103,1.0789851484653226,1242
2024-01-04 18:30:00+00:00,1.0789851484653226,1.0791109616504893,1.0781476841836986,1.0782524583888675,624
2024-01-04 18:35:00+00:00,1.0782524583888675,1.078367529003571,1.077324154079202,1.07744181460331,403
2024-01-04 18:40:00+00:00,1.07744181460331,1.0781082357881975,1.0772444780221746,1.0778152801158136,1321
2024-01-04 18:45:00+00:00,1.0778152801158136,1.0779261398768938,1.0776138054974294,1.077687720628864,314
2024-01-04 18:50:00+00:00,1.077687720628864,1.0777230934712458,1.0773217256861765,1.0773880755394953,322
2024-01-04 18:55:00+00:00,1.0773880755394953,1.0776225774399573,1.077327772360976,1.0774142052314095,1358
2024-01-04 19:00:00+00:00,1.0774142052314095,1.0779181581408939,1.0774037035166113,1.077863989166258,549
2024-01-04 19:05:00+00:00,1.077863989166258,1.0780666462902795,1.0776095639909251,1.0779827503456074,102
2024-01-04 19:10:00+00:00,1.0779827503456074,1.0780578507019942,1.0775635190104869,1.0776507020481254,706
2024-01-04 19:15:00+00:00,1.0776507020481254,1.078497516022741,1.077613463609492,1.0783330127944522,1137
2024-01-04 19:20:00+00:00,1.0783330127944522,1.079366458156652,1.0782969040690094,1.0792060233853038,1159
2024-01-04 19:25:00+00:00,1.0792060233853038,1.0796309434447255,1.0790185664236964,1.0794944717664363,222
2024-01-04 19:30:00+00:00,1.0794944717664363,1.0802033518748666,1.079196629706146,1.0800415938447998,493
2024-01-04 19:35:00+00:00,1.0800415938447998,1.0807410255490861,1.07979656208994,1.0807338789039018,965
2024-01-04 19:40:00+00:00,1.0807338789039018,1.081418813105284,1.0805856045310684,1.0813661618903623,1024
2024-01-04 19:45:00+00:00,1.0813661618903623,1.0818347838866245,1.0813420364073285,1.081719822248687,969
2024-01-04 19:50:00+00:00,1.081719822248687,1.082155961621233,1.0816187243241466,1.0820650785758346,573
2024-01-04 19:55:00+00:00,1.0820650785758346,1.0826507468367836,1.082062176731713,1.0823678731569717,1307
2024-01-04 20:00:00+00:00,1.0823678731569717,1.0824177828875992,1.0817006375062967,1.0817956589919675,209
2024-01-04 20:05:00+00:00,1.0817956589919675,1.0822246591844462,1.081662283680652,1.0821963145397702,1251
2024-01-04 20:10:00+00:00,1.0821963145397702,1.0822388849273414,1.0813832514061248,1.0814843300246837,1415
2024-01-04 20:15:00+00:00,1.0814843300246837,1.0818811231556604,1.0810566362923149,1.0810762862816023,1059
2024-01-04 20:20:00+00:00,1.0810762862816023,1.0820142989966914,1.0809486875653926,1.081802534448544,701
2024-01-04 20:25:00+00:00,1.081802534448544,1.082395705169445,1.0815979321878015,1.0822786466499819,632
2024-01-04 20:30:00+00:00,1.0822786466499819,1.083149635009451,1.0821357598315864,1.0831051819269102,710
2024-01-04 20:35:00+00:00,1.0831051819269102,1.083139989333179,1.0829745176407464,1.0829797180641647,332
2024-01-04 20:40:00+00:00,1.0829797180641647,1.0830034145232519,1.082242065743097,1.082377446595893,410
2024-01-04 20:45:00+00:00,1.082377446595893,1.082491295275802,1.082129754452044,1.0822689722451093,989
2024-01-04 20:50:00+00:00,1.0822689722451093,1.0824170729633025,1.0821583831405053,1.082345830278155,870
2024-01-04 20:55:00+00:00,1.082345830278155,1.0826459870046308,1.082304093637752,1.0824102237486453,795
2024-01-04 21:00:00+00:00,1.0824102237486453,1.0832588334606195,1.0823258276140666,1.0830454256234554,764
2024-01-04 21:05:00+00:00,1.0830454256234554,1.0832287007479113,1.0826416868919477,1.0828714503913615,209
2024-01-04 21:10:00+00:00,1.0828714503913615,1.0831622070341271,1.0827895861042638,1.0830837118599037,1314
2024-01-04 21:15:00+00:00,1.0830837118599037,1.0831546747833887,1.0825304845212318,1.0825699905528134,1437
2024-01-04 21:20:00+00:00,1.0825699905528134,1.0831599933751568,1.0824238955820473,1.0828353919383433,443
2024-01-04 21:25:00+00:00,1.0828353919383433,1.0830214381065844,1.082764914922297,1.0828587316702611,540
2024-01-04 21:30:00+00:00,1.0828587316702611,1.0830121168259366,1.082424500395615,1.0824744178846526,982
2024-01-04 21:35:00+00:00,1.0824744178846526,1.0825173432496817,1.082250976657933,1.08236842774724,102
2024-01-04 21:40:00+00:00,1.08236842774724,1.082414912236032,1.0822817645498706,1.0822904021092026,242
2024-01-04 21:45:00+00:00,1.0822904021092026,1.082526077134604,1.0821021779087385,1.0821658547654636,1362
2024-01-04 21:50:00+00:00,1.0821658547654636,1.0832729514005097,1.0820281174127928,1.083145940587319,341
2024-01-04 21:55:00+00:00,1.083145940587319,1.0832257231575897,1.0830748712720006,1.0831142878122473,907
2024-01-04 22:00:00+00:00,1.0831142878122473,1.0833232201302132,1.0829278917935368,1.0830038664171662,1335
2024-01-04 22:05:00+00:00,1.0830038664171662,1.0830381158263742,1.0817660781121385,1.0818897527461384,1126
2024-01-04 22:10:00+00:00,1.0818897527461384,1.0819127611569526,1.081158762037211,1.081427673655725,480
2024-01-04 22:15:00+00:00,1.081427673655725,1.08145525744678,1.0810578285475652,1.0813070547684926,313
2024-01-04 22:20:00+00:00,1.0813070547684926,1.0814517170395717,1.0808900879350722,1.0809578722409472,1105
2024-01-04 22:25:00+00:00,1.0809578722409472,1.081964830878796,1.0807440990487454,1.0817262752484904,666
2024-01-04 22:30:00+00:00,1.0817262752484904,1.0818457069374787,1.0816022835492645,1.081658701011282,1454
2024-01-04 22:35:00+00:00,1.081658701011282,1.0823804902410885,1.0813885660230333,1.0823771626518237,1003
2024-01-04 22:40:00+00:00,1.0823771626518237,1.0826040894991242,1.0821533381401283,1.0824322040384398,115
2024-01-04 22:45:00+00:00,1.0824322040384398,1.0828124807164687,1.0823863189496012,1.0824740009870353,451
2024-01-04 22:50:00+00:00,1.0824740009870353,1.0824961603737742,1.082101374354979,1.0824475905440405,1142
2024-01-04 22:55:00+00:00,1.0824475905440405,1.082706360279539,1.0823813236302986,1.0824712941175616,1082
2024-01-04 23:00:00+00:00,1.0824712941175616,1.0836953755063632,1.0824115866321309,1.0834232166690811,1138
2024-01-04 23:05:00+00:00,1.0834232166690811,1.083480970094675,1.0821628585925933,1.082188325075916,427
2024-01-04 23:10:00+00:00,1.082188325075916,1.0825068140193874,1.081057314817556,1.081126944124049,449
2024-01-04 23:15:00+00:00,1.081126944124049,1.081133907838318,1.0805800158301986,1.0808549483525731,392
2024-01-04 23:20:00+00:00,1.0808549483525731,1.0810389783610868,1.0807688819902992,1.0808844167180809,1074
2024-01-04 23:25:00+00:00,1.0808844167180809,1.081352181938109,1.080761583345773,1.081278995965733,116
2024-01-04 23:30:00+00:00,1.081278995965733,1.0816398763204236,1.0810553644274017,1.081556391170896,1239
2024-01-04 23:35:00+00:00,1.081556391170896,1.081666305818212,1.0813535077402252,1.0813702304872908,494
2024-01-04 23:40:00+00:00,1.0813702304872908,1.0822772458296535,1.0811422202160268,1.081942839648619,783
2024-01-04 23:45:00+00:00,1.081942839648619,1.0827307805869133,1.0818675717051072,1.082521784775352,445
2024-01-04 23:50:00+00:00,1.082521784775352,1.0827472573530055,1.082374234332282,1.0826430585170526,695
2024-01-04 23:55:00+00:00,1.0826430585170526,1.0833160347156257,1.0824686246627009,1.0831858186475138,1170
2024-01-05 00:00:00+00:00,1.0831858186475138,1.0835468943641753,1.0831032154839568,1.0833551451053223,377
2024-01-05 00:05:00+00:00,1.0833551451053223,1.0833883541823757,1.083008183786757,1.0830726694452473,897
2024-01-05 00:10:00+00:00,1.0830726694452473,1.0837588283123143,1.0828120672143016,1.0834722240719359,180
2024-01-05 00:15:00+00:00,1.0834722240719359,1.0838941249491343,1.0834508514520726,1.0835538166393832,348
2024-01-05 00:20:00+00:00,1.0835538166393832,1.0838461649898383,1.0833582632981666,1.0835762136137486,1058
2024-01-05 00:25:00+00:00,1.0835762136137486,1.084453568159089,1.083507030225266,1.0843959138653119,895
2024-01-05 00:30:00+00:00,1.0843959138653119,1.0845641618662165,1.082729504629985,1.0830887439227914,956
2024-01-05 00:35:00+00:00,1.0830887439227914,1.0832493125451963,1.0821913269988916,1.0823426668141014,415
2024-01-05 00:40:00+00:00,1.0823426668141014,1.0823891956777418,1.081701069176386,1.0817219051819484,388
2024-01-05 00:45:00+00:00,1.0817219051819484,1.0818251938297874,1.0810280951845872,1.0815470661201694,695
2024-01-05 00:50:00+00:00,1.0815470661201694,1.0815588398005282,1.0812825569582873,1.0814310117019814,280
2024-01-05 00:55:00+00:00,1.0814310117019814,1.0815084559973946,1.0804487294758627,1.0806376059720975,1343
2024-01-05 01:00:00+00:00,1.0806376059720975,1.0808992682273288,1.0798785968745386,1.0801269193154468,475
2024-01-05 01:05:00+00:00,1.0801269193154468,1.0802155371698385,1.079644108808082,1.0796836127187122,1106
2024-01-05 01:10:00+00:00,1.0796836127187122,1.0811404417172608,1.0794653347427132,1.0810318266518237,319
2024-01-05 01:15:00+00:00,1.0810318266518237,1.0824601691175266,1.0809901081339572,1.082027317482821,1011
2024-01-05 01:20:00+00:00,1.082027317482821,1.0820381575590696,1.081817113457247,1.0818261959702244,385
2024-01-05 01:25:00+00:00,1.0818261959702244,1.0821642467983108,1.081601247631914,1.0816511655302083,494
2024-01-05 01:30:00+00:00,1.0816511655302083,1.0818663268883455,1.080874194185357,1.0810512796320235,676
2024-01-05 01:35:00+00:00,1.0810512796320235,1.0813507994160918,1.0799496336807215,1.0800415072451552,274
2024-01-05 01:40:00+00:00,1.0800415072451552,1.0800922841814664,1.0799470403662805,1.079999990348952,274
2024-01-05 01:45:00+00:00,1.079999990348952,1.0801946365006914,1.07934988404707,1.0794827502826225,1154
2024-01-05 01:50:00+00:00,1.0794827502826225,1.0797598159753814,1.0792183812243121,1.0794585425949874,583
2024-01-05 01:55:00+00:00,1.0794585425949874,1.0794980958367735,1.0784953660255276,1.0786164538290093,895
2024-01-05 02:00:00+00:00,1.0786164538290093,1.0787406773675947,1.078218375910936,1.0782270870640203,1005
2024-01-05 02:05:00+00:00,1.0782270870640203,1.0783343035098052,1.0781251697911451,1.0783287784857751,971
2024-01-05 02:10:00+00:00,1.0783287784857751,1.0789696174857082,1.0780988942481655,1.078547792235469,978
2024-01-05 02:15:00+00:00,1.078547792235469,1.07897006246323,1.078512866733423,1.0787944949210242,1465
2024-01-05 02:20:00+00:00,1.0787944949210242,1.0788003922146436,1.0780526243923882,1.0781038026875664,983
2024-01-05 02:25:00+00:00,1.0781038026875664,1.078722904784193,1.0779626903228088,1.0785860847315012,587
2024-01-05 02:30:00+00:00,1.0785860847315012,1.0789001658909867,1.0781227407081753,1.0781761078527987,498
2024-01-05 02:35:00+00:00,1.0781761078527987,1.0786005011369257,1.078128056092421,1.0785388375165532,1221
2024-01-05 02:40:00+00:00,1.0785388375165532,1.0787180213708027,1.0784945043508247,1.0785546711803473,690
2024-01-05 02:45:00+00:00,1.0785546711803473,1.0787894919447978,1.0778188082571236,1.0778339876905285,882
2024-01-05 02:50:00+00:00,1.0778339876905285,1.0778710408478374,1.077595967849066,1.0776851400538687,1240
2024-01-05 02:55:00+00:00,1.0776851400538687,1.0779142344172754,1.0775940114478453,1.0779035672944381,429
2024-01-05 03:00:00+00:00,1.0779035672944381,1.0785327651482566,1.0777787205006557,1.0782554841509049,411
2024-01-05 03:05:00+00:00,1.0782554841509049,1.0782927059927534,1.0781312159538858,1.0782010387737788,174
2024-01-05 03:10:00+00:00,1.0782010387737788,1.0790761603923598,1.0777116878139408,1.0790483855900632,201
2024-01-05 03:15:00+00:00,1.0790483855900632,1.0797519969124585,1.0789506758962575,1.0796135429932239,962
2024-01-05 03:20:00+00:00,1.0796135429932239,1.0798283345909376,1.07931016643204,1.0794965916341188,804
2024-01-05 03:25:00+00:00,1.0794965916341188,1.0799588390659072,1.0793017546615284,1.0799230585357076,516
2024-01-05 03:30:00+00:00,1.0799230585357076,1.0810627261314434,1.0798516325170775,1.0809888310844287,396
2024-01-05 03:35:00+00:00,1.0809888310844287,1.0820926286870114,1.0808979119057267,1.0820700818395301,1073
2024-01-05 03:40:00+00:00,1.0820700818395301,1.0822077871248794,1.0814194450227193,1.0814273322753967,219
2024-01-05 03:45:00+00:00,1.0814273322753967,1.081517225081866,1.0808514367138664,1.0809479717067103,1081
2024-01-05 03:50:00+00:00,1.0809479717067103,1.0818936361921356,1.08088268545023,1.081772150641479,1366
2024-01-05 03:55:00+00:00,1.081772150641479,1.081794332250155,1.0812056269225718,1.0812213766003178,737
2024-01-05 04:00:00+00:00,1.0812213766003178,1.0814631012003788,1.0804217768256386,1.0804901784072947,792
2024-01-05 04:05:00+00:00,1.0804901784072947,1.0806249207781269,1.0801417602313388,1.0802113070631087,850
2024-01-05 04:10:00+00:00,1.0802113070631087,1.0804455969240765,1.0800476295019497,1.0804220707150551,233
2024-01-05 04:15:00+00:00,1.0804220707150551,1.080453374973839,1.0801635749185514,1.0803505485530989,977
2024-01-05 04:20:00+00:00,1.0803505485530989,1.0803607586786121,1.0799731018906809,1.0799829249127835,611
2024-01-05 04:25:00+00:00,1.0799829249127835,1.0802470872710448,1.0795530051869837,1.079602656195697,756
2024-01-05 04:30:00+00:00,1.079602656195697,1.0798311156944136,1.0789707512489852,1.0792019416624308,132
2024-01-05 04:35:00+00:00,1.0792019416624308,1.079327293973676,1.0785882057898988,1.078711169383826,1328
2024-01-05 04:40:00+00:00,1.078711169383826,1.0800918123590857,1.0785875413753732,1.0799256001508608,566
2024-01-05 04:45:00+00:00,1.0799256001508608,1.0801707157171716,1.0797677113879685,1.0800700461779094,206
2024-01-05 04:50:00+00:00,1.0800700461779094,1.0806341078106392,1.0800214609952687,1.0805327260736366,1194
2024-01-05 04:55:00+00:00,1.0805327260736366,1.08072934897957,1.0801490545685224,1.0802522859778014,1471
2024-01-05 05:00:00+00:00,1.0802522859778014,1.0804133328950372,1.0797816234866444,1.0801356421307002,827
2024-01-05 05:05:00+00:00,1.0801356421307002,1.0801694502519155,1.0796852380802255,1.0797340725521372,146
2024-01-05 05:10:00+00:00,1.0797340725521372,1.0798573485795824,1.0781171733972537,1.0782863066212076,1488
2024-01-05 05:15:00+00:00,1.0782863066212076,1.078332977997961,1.0772792393749548,1.0775271880597972,391
2024-01-05 05:20:00+00:00,1.0775271880597972,1.0775285405117523,1.0762520229198564,1.0765355297245325,436
2024-01-05 05:25:00+00:00,1.0765355297245325,1.0766423690494054,1.0750230968376073,1.0753083956060052,1091
2024-01-05 05:30:00+00:00,1.0753083956060052,1.0754542179005286,1.0745005331015332,1.0746495762096582,564
2024-01-05 05:35:00+00:00,1.0746495762096582,1.075457236819834,1.0745323339591912,1.0753453879956871,218
2024-01-05 05:40:00+00:00,1.0753453879956871,1.0755849463995844,1.0752531073057021,1.0753053657008667,1055
2024-01-05 05:45:00+00:00,1.0753053657008667,1.0760340860242399,1.0751078982033244,1.0759831111895826,467
2024-01-05 05:50:00+00:00,1.0759831111895826,1.0761913872595934,1.0757753438758981,1.0761880765987841,1306
2024-01-05 05:55:00+00:00,1.0761880765987841,1.0767155502104953,1.0758706087262002,1.076593024016371,315
2024-01-05 06:00:00+00:00,1.076593024016371,1.0765968778567774,1.0757420586867938,1.0760919254107597,1368
2024-01-05 06:05:00+00:00,1.0760919254107597,1.0764057921133536,1.0760415040549944,1.0763576937274377,1113
2024-01-05 06:10:00+00:00,1.0763576937274377,1.0767385760370471,1.076284327038744,1.0767337269482191,435
2024-01-05 06:15:00+00:00,1.0767337269482191,1.0768780876032753,1.0763740115133609,1.0764071281482643,910
2024-01-05 06:20:00+00:00,1.0764071281482643,1.076799181828557,1.0763319220164533,1.0766921286630509,1413
2024-01-05 06:25:00+00:00,1.0766921286630509,1.0770011764572671,1.0764475786296857,1.0769807832326224,190
2024-01-05 06:30:00+00:00,1.0769807832326224,1.0769824450237722,1.0765328907867149,1.0766686997147077,1247
2024-01-05 06:35:00+00:00,1.0766686997147077,1.0768083304874467,1.0760311516285166,1.076048124870185,744
2024-01-05 06:40:00+00:00,1.076048124870185,1.0760642406342846,1.0750285789418725,1.0753948946127396,1428
2024-01-05 06:45:00+00:00,1.0753948946127396,1.0757169810817138,1.0753460957281258,1.0754252774983895,391
2024-01-05 06:50:00+00:00,1.0754252774983895,1.075610239040199,1.0753665327630362,1.0755849834586706,1107
2024-01-05 06:55:00+00:00,1.0755849834586706,1.0756233308015128,1.0750938199667506,1.0751426352427969,1454
2024-01-05 07:00:00+00:00,1.0751426352427969,1.0751702178316889,1.0750519260399067,1.0751407996202342,581
2024-01-05 07:05:00+00:00,1.0751407996202342,1.075643769956427,1.0749801910140062,1.0754313763308636,251
2024-01-05 07:10:00+00:00,1.0754313763308636,1.0759149441770235,1.0751374557977953,1.0757476557057724,648
2024-01-05 07:15:00+00:00,1.0757476557057724,1.07665192989986,1.0757242990112732,1.076566235191516,937
2024-01-05 07:20:00+00:00,1.076566235191516,1.077420997691327,1.0765177696889325,1.0772374639214537,982
2024-01-05 07:25:00+00:00,1.0772374639214537,1.0772428166162802,1.0764598799065908,1.0766819910376604,774
2024-01-05 07:30:00+00:00,1.0766819910376604,1.07765052014858,1.076671891747745,1.0775721842838792,1405
2024-01-05 07:35:00+00:00,1.0775721842838792,1.077770436242618,1.0772222767984547,1.0772699379452062,909
2024-01-05 07:40:00+00:00,1.0772699379452062,1.0780673665968206,1.0771954408586364,1.0778165839310536,996
2024-01-05 07:45:00+00:00,1.0778165839310536,1.0780400198990459,1.077467873369234,1.0778370552388163,1439
2024-01-05 07:50:00+00:00,1.0778370552388163,1.0779749790403874,1.0774884103317903,1.0775987727467904,1414
2024-01-05 07:55:00+00:00,1.0775987727467904,1.0776788246425892,1.0764094957990822,1.0766086228064033,577
2024-01-05 08:00:00+00:00,1.0766086228064033,1.076901525390323,1.076489903195991,1.076500119761528,500
2024-01-05 08:05:00+00:00,1.076500119761528,1.0765390577976255,1.075514222697833,1.0756446341399515,1148
2024-01-05 08:10:00+00:00,1.0756446341399515,1.0761919355658445,1.0755819144010392,1.0761487345867602,835
2024-01-05 08:15:00+00:00,1.0761487345867602,1.0770647831947797,1.0759627288707296,1.0769487396050468,726
2024-01-05 08:20:00+00:00,1.0769487396050468,1.0771114610241963,1.076417625905582,1.0765034692312025,1077
2024-01-05 08:25:00+00:00,1.0765034692312025,1.0767421456200335,1.07632099544282,1.0766498579551282,1025
2024-01-05 08:30:00+00:00,1.0766498579551282,1.07668529695517,1.0761898755958104,1.0762432118676932,1379
2024-01-05 08:35:00+00:00,1.0762432118676932,1.0763927924654255,1.0758249360364098,1.075888867007229,611
2024-01-05 08:40:00+00:00,1.075888867007229,1.076476684496067,1.0756014208640887,1.0762893637889464,1155
2024-01-05 08:45:00+00:00,1.0762893637889464,1.0762913568816244,1.0762012197284987,1.076252480287829,417
2024-01-05 08:50:00+00:00,1.076252480287829,1.0773525452416726,1.076216171468468,1.077172486760603,1411
2024-01-05 08:55:00+00:00,1.077172486760603,1.0773314096380735,1.0766989413204844,1.0768966053941609,217
2024-01-05 09:00:00+00:00,1.0768966053941609,1.0775095470668719,1.0768148318974446,1.0774185428971241,1150
2024-01-05 09:05:00+00:00,1.0774185428971241,1.0775319703423754,1.0773757382151763,1.0774548591277044,242
2024-01-05 09:10:00+00:00,1.0774548591277044,1.0779194694007603,1.077418372625761,1.0778674047465104,1332
2024-01-05 09:15:00+00:00,1.0778674047465104,1.0779722410607429,1.0774231200110738,1.0776102484036298,1443
2024-01-05 09:20:00+00:00,1.0776102484036298,1.0776185817624986,1.0775457639551935,1.0775673816942817,1245
2024-01-05 09:25:00+00:00,1.0775673816942817,1.0777527711378814,1.077355199572677,1.0774889892710788,1203
2024-01-05 09:30:00+00:00,1.0774889892710788,1.077558293882946,1.0767469790761737,1.0770224057684157,769
2024-01-05 09:35:00+00:00,1.0770224057684157,1.077545625855478,1.0767616555045216,1.0773627887559243,442
2024-01-05 09:40:00+00:00,1.0773627887559243,1.0777097090475902,1.076993790221302,1.0776969053551106,1479
2024-01-05 09:45:00+00:00,1.0776969053551106,1.0780333442901833,1.0775698473188071,1.0780005759304598,840
2024-01-05 09:50:00+00:00,1.0780005759304598,1.0788732616885661,1.0778916439284216,1.0788128308518752,1243
2024-01-05 09:55:00+00:00,1.0788128308518752,1.0799069183193188,1.0786677044878075,1.0795784345433637,1099
2024-01-05 10:00:00+00:00,1.0795784345433637,1.0796653650257781,1.0792501821908078,1.0793598497661916,1081
2024-01-05 10:05:00+00:00,1.0793598497661916,1.0800472820066525,1.0792686091589456,1.079544988215635,593
2024-01-05 10:10:00+00:00,1.079544988215635,1.0795648533905866,1.0791725974908106,1.0791921925414436,697
2024-01-05 10:15:00+00:00,1.0791921925414436,1.079211476362392,1.0789549035199861,1.0791886070959582,715
2024-01-05 10:20:00+00:00,1.0791886070959582,1.0793089809263579,1.078574690214656,1.0788487978805512,943
2024-01-05 10:25:00+00:00,1.0788487978805512,1.0799729920628915,1.0787203379802992,1.0797065206013297,1105
2024-01-05 10:30:00+00:00,1.0797065206013297,1.0800445968523815,1.0796529099780319,1.0798866686357484,378
2024-01-05 10:35:00+00:00,1.0798866686357484,1.0802358403053987,1.079536464490899,1.079752746961312,418
2024-01-05 10:40:00+00:00,1.079752746961312,1.0804722599423229,1.0797113099719275,1.0803809571360004,167
2024-01-05 10:45:00+00:00,1.0803809571360004,1.0807977567888007,1.0791289204867551,1.079192205644639,836
2024-01-05 10:50:00+00:00,1.079192205644639,1.0792929656735595,1.0780683512471547,1.0780892158506807,1036
2024-01-05 10:55:00+00:00,1.0780892158506807,1.0786888231256344,1.0779309446396204,1.0785020370483178,394
2024-01-05 11:00:00+00:00,1.0785020370483178,1.0785640609581784,1.0784737248549212,1.0785184671899979,1096
2024-01-05 11:05:00+00:00,1.0785184671899979,1.0788445544573892,1.0783376954084067,1.0786373448929254,104
2024-01-05 11:10:00+00:00,1.0786373448929254,1.0788368071076506,1.0777400858638877,1.077905815147172,1313
2024-01-05 11:15:00+00:00,1.077905815147172,1.0780603678572072,1.077789220453662,1.0778771246839283,1066
2024-01-05 11:20:00+00:00,1.0778771246839283,1.0789527406804948,1.0776459907929345,1.0789407250083385,1056
2024-01-05 11:25:00+00:00,1.0789407250083385,1.0795080513587278,1.0786770400730454,1.0793691721651304,1090
2024-01-05 11:30:00+00:00,1.0793691721651304,1.0795330486923649,1.0790612772062342,1.0794445696341186,602
2024-01-05 11:35:00+00:00,1.0794445696341186,1.0796852022207684,1.0789368604920189,1.0791914107860545,1494
2024-01-05 11:40:00+00:00,1.0791914107860545,1.0792081582986153,1.0787683737106848,1.0789623130985593,1145
2024-01-05 11:45:00+00:00,1.0789623130985593,1.0790528168577405,1.0776970985405192,1.077797466524075,353
2024-01-05 11:50:00+00:00,1.077797466524075,1.07810531130304,1.077586047816766,1.0779201416585487,1391
2024-01-05 11:55:00+00:00,1.0779201416585487,1.0786624095976844,1.0778836691261355,1.0783596544924563,1135
2024-01-05 12:00:00+00:00,1.0783596544924563,1.0785620540752021,1.0774545282601464,1.0774939369410093,535
2024-01-05 12:05:00+00:00,1.0774939369410093,1.0775120322515852,1.076993374785977,1.0771214381863297,1427
2024-01-05 12:10:00+00:00,1.0771214381863297,1.0772798128073384,1.0762597409839267,1.0764819163800963,447
2024-01-05 12:15:00+00:00,1.0764819163800963,1.0765723976173576,1.0757633806933309,1.0759461775992667,1002
2024-01-05 12:20:00+00:00,1.0759461775992667,1.0762122861161503,1.0758172836702358,1.0759588100825783,1038
2024-01-05 12:25:00+00:00,1.0759588100825783,1.0760746102176586,1.074603258897277,1.0748213052692197,1448
2024-01-05 12:30:00+00:00,1.0748213052692197,1.0751736826475182,1.0747573289826402,1.075135298426812,898
2024-01-05 12:35:00+00:00,1.075135298426812,1.0756985861639439,1.074709205784524,1.0755244194951277,1492
2024-01-05 12:40:00+00:00,1.0755244194951277,1.0756842577610422,1.0751724944666499,1.075373253146219,498
2024-01-05 12:45:00+00:00,1.075373253146219,1.0757115941680992,1.0739483863665615,1.0740232787571773,1222
2024-01-05 12:50:00+00:00,1.0740232787571773,1.0743071136215205,1.0734125478725247,1.073472080008139,443
2024-01-05 12:55:00+00:00,1.073472080008139,1.0741734936505924,1.073382094820844,1.0741177208287624,1499
2024-01-05 13:00:00+00:00,1.0741177208287624,1.074321499195762,1.072432162867092,1.0726096626203043,1169
2024-01-05 13:05:00+00:00,1.0726096626203043,1.0728424637824394,1.0722547647099134,1.0724071949904124,976
2024-01-05 13:10:00+00:00,1.0724071949904124,1.0724983523752807,1.0716850489771572,1.0717583882200261,192
2024-01-05 13:15:00+00:00,1.0717583882200261,1.0723699088410927,1.071677814835438,1.072173464329021,795
2024-01-05 13:20:00+00:00,1.072173464329021,1.072186045557856,1.0716935982923597,1.0717954620946128,301
2024-01-05 13:25:00+00:00,1.0717954620946128,1.0720843451661994,1.071767120431611,1.071995863205841,1384
2024-01-05 13:30:00+00:00,1.071995863205841,1.072566096702334,1.0717807514358175,1.072282868882971,630
2024-01-05 13:35:00+00:00,1.072282868882971,1.0735649340841482,1.0722619870350067,1.0732512613956093,1263
2024-01-05 13:40:00+00:00,1.0732512613956093,1.0732612373540427,1.072719340636499,1.0731262587781685,1368
2024-01-05 13:45:00+00:00,1.0731262587781685,1.0733976445528526,1.0728738407873106,1.0733119334280408,254
2024-01-05 13:50:00+00:00,1.0733119334280408,1.0734600472728006,1.0724470180019585,1.0724988698652642,1162
2024-01-05 13:55:00+00:00,1.0724988698652642,1.07327840111544,1.0721167731361128,1.0731211409828687,523
2024-01-05 14:00:00+00:00,1.0731211409828687,1.0733419531856312,1.0724072373544975,1.072696985104369,252
2024-01-05 14:05:00+00:00,1.072696985104369,1.0727376254157293,1.072180096330435,1.0723801349989917,464
2024-01-05 14:10:00+00:00,1.0723801349989917,1.0723966533695575,1.0723172514134172,1.0723521202503448,869
2024-01-05 14:15:00+00:00,1.0723521202503448,1.0724330296219955,1.0712136638178045,1.0714980537978254,1297
2024-01-05 14:20:00+00:00,1.0714980537978254,1.0716495231475525,1.0714655596822673,1.0716045446474005,1068
2024-01-05 14:25:00+00:00,1.0716045446474005,1.0725192560475965,1.0714916818874132,1.0721068412066606,426
2024-01-05 14:30:00+00:00,1.0721068412066606,1.0722673453550633,1.0720525491130528,1.0722477877821388,514
2024-01-05 14:35:00+00:00,1.0722477877821388,1.0723178171902585,1.0712977976633942,1.0713798581162204,525
2024-01-05 14:40:00+00:00,1.0713798581162204,1.0715430290261125,1.0712842574430597,1.0712974640262525,1130
2024-01-05 14:45:00+00:00,1.0712974640262525,1.0717173749143358,1.0711916804630364,1.0716788614052903,826
2024-01-05 14:50:00+00:00,1.0716788614052903,1.071910237263361,1.0705401692414043,1.070656485791148,133
2024-01-05 14:55:00+00:00,1.070656485791148,1.0706829343713915,1.0698072510235574,1.0700650733421604,206
2024-01-05 15:00:00+00:00,1.0700650733421604,1.0705578929414812,1.0699222217362687,1.0705180017140548,205
2024-01-05 15:05:00+00:00,1.0705180017140548,1.0709329757815353,1.070511688920949,1.0706465149562734,1445
2024-01-05 15:10:00+00:00,1.0706465149562734,1.0711111674037266,1.070612031433825,1.0708509932278816,806
2024-01-05 15:15:00+00:00,1.0708509932278816,1.072125685084739,1.0705870844806615,1.0718305513938058,787
2024-01-05 15:20:00+00:00,1.0718305513938058,1.0721265799964208,1.0716730262789222,1.0720655785270066,1165
2024-01-05 15:25:00+00:00,1.0720655785270066,1.0726212789786465,1.071872823579257,1.0724021470885843,366
2024-01-05 15:30:00+00:00,1.0724021470885843,1.0740418090161794,1.0723685917865786,1.0738395657181778,144
2024-01-05 15:35:00+00:00,1.0738395657181778,1.0738444377118883,1.073663824401134,1.0737086622277878,479
2024-01-05 15:40:00+00:00,1.0737086622277878,1.073747990069324,1.0731226142457975,1.0732642097804845,391
2024-01-05 15:45:00+00:00,1.0732642097804845,1.0736135590372644,1.0732595322853062,1.0734776800989938,1217
2024-01-05 15:50:00+00:00,1.0734776800989938,1.0737974190911899,1.07325673390939,1.0736972014696986,1245
2024-01-05 15:55:00+00:00,1.0736972014696986,1.0738267695283132,1.0733822475737884,1.0733983295905247,987
2024-01-05 16:00:00+00:00,1.0733983295905247,1.0735569850560622,1.0727684968996738,1.0728281419974488,1373
2024-01-05 16:05:00+00:00,1.0728281419974488,1.0742425349029605,1.0727765473221393,1.074051082625146,750
2024-01-05 16:10:00+00:00,1.074051082625146,1.0742676358164223,1.0739055081853313,1.074210495150516,436
2024-01-05 16:15:00+00:00,1.074210495150516,1.0742483496991326,1.0737459734652266,1.0738010676720153,564
2024-01-05 16:20:00+00:00,1.0738010676720153,1.0743800856030883,1.07371454172489,1.0742767241242506,298
2024-01-05 16:25:00+00:00,1.0742767241242506,1.0742781634197585,1.0741679149228034,1.074201983925452,1360
2024-01-05 16:30:00+00:00,1.074201983925452,1.0742636989483647,1.074003760966072,1.0740500480200268,945
2024-01-05 16:35:00+00:00,1.0740500480200268,1.0744675272248048,1.0737433850985596,1.0743358918718466,1181
2024-01-05 16:40:00+00:00,1.0743358918718466,1.074669537402252,1.0734726681182984,1.0736258190890515,494
2024-01-05 16:45:00+00:00,1.0736258190890515,1.0738923688391642,1.0734518243146374,1.0737990095370844,1105
2024-01-05 16:50:00+00:00,1.0737990095370844,1.0750608303194196,1.0736130252941638,1.074809967040857,562
2024-01-05 16:55:00+00:00,1.074809967040857,1.0750748274492201,1.0747044022552745,1.0750443710902224,724
2024-01-05 17:00:00+00:00,1.0750443710902224,1.0751745208718886,1.0747118519527352,1.0748260230724018,1012
2024-01-05 17:05:00+00:00,1.0748260230724018,1.0749443974509274,1.07445511474098,1.074537375706135,1473
2024-01-05 17:10:00+00:00,1.074537375706135,1.0747222259674303,1.0741046043738396,1.0743007948264465,881
2024-01-05 17:15:00+00:00,1.0743007948264465,1.0744362572339599,1.073830783550256,1.0741482641610827,1094
2024-01-05 17:20:00+00:00,1.0741482641610827,1.0743215729459559,1.0738301535638037,1.0739292418214448,932
2024-01-05 17:25:00+00:00,1.0739292418214448,1.0747027333838468,1.0738444735824006,1.0744051597084103,693
2024-01-05 17:30:00+00:00,1.0744051597084103,1.074446850869162,1.073284440950995,1.073457959229344,1405
2024-01-05 17:35:00+00:00,1.073457959229344,1.0739101084177858,1.0734423486954698,1.0739045177674411,1444
2024-01-05 17:40:00+00:00,1.0739045177674411,1.0739888375245665,1.0734467526860305,1.0736845356623317,534
2024-01-05 17:45:00+00:00,1.0736845356623317,1.0739265960642945,1.0736468673420911,1.0738707918984232,1354
2024-01-05 17:50:00+00:00,1.0738707918984232,1.0741464689418776,1.073064904481217,1.073249564136751,731
2024-01-05 17:55:00+00:00,1.073249564136751,1.0741082158643893,1.0732370102558006,1.0739464417499862,1135
2024-01-05 18:00:00+00:00,1.0739464417499862,1.0747510651905283,1.0738657218729735,1.0745992051699578,823
2024-01-05 18:05:00+00:00,1.0745992051699578,1.075358455409062,1.0744073301943784,1.0750986737900101,1173
2024-01-05 18:10:00+00:00,1.0750986737900101,1.0751993914676687,1.074162120851768,1.074268291884617,1320
2024-01-05 18:15:00+00:00,1.074268291884617,1.0750393405981054,1.0741177616201039,1.0746975270986285,693
2024-01-05 18:20:00+00:00,1.0746975270986285,1.0749715814196443,1.0744857163547077,1.0748989550164796,1081
2024-01-05 18:25:00+00:00,1.0748989550164796,1.0749193159358479,1.0738456457255467,1.074020079339124,810
2024-01-05 18:30:00+00:00,1.074020079339124,1.074126516384659,1.0739328974187472,1.0739909210989114,1218
2024-01-05 18:35:00+00:00,1.0739909210989114,1.0741936540855044,1.0736361455781336,1.0741705646009192,368
2024-01-05 18:40:00+00:00,1.0741705646009192,1.0747390394454497,1.0740701381163693,1.0744531118878717,1120
2024-01-05 18:45:00+00:00,1.0744531118878717,1.0746426254663886,1.0743056896607628,1.0745322246048612,933
2024-01-05 18:50:00+00:00,1.0745322246048612,1.074724719701559,1.0744095089469738,1.074672575392602,731
2024-01-05 18:55:00+00:00,1.074672575392602,1.075457564738406,1.0744311377519833,1.0754482801789913,617
2024-01-05 19:00:00+00:00,1.0754482801789913,1.0761544266395666,1.075310085818936,1.076091416484716,1082
2024-01-05 19:05:00+00:00,1.076091416484716,1.0762358420475668,1.0744515292400565,1.0745326685002907,586
2024-01-05 19:10:00+00:00,1.0745326685002907,1.0746499611948812,1.0741789451838086,1.074346001461556,146
2024-01-05 19:15:00+00:00,1.074346001461556,1.0745347248380799,1.0741688976318182,1.074241440184995,1427
2024-01-05 19:20:00+00:00,1.074241440184995,1.0743239251552628,1.0730629547085806,1.0732842381163359,727
2024-01-05 19:25:00+00:00,1.0732842381163359,1.0736526635640842,1.0731325076160563,1.0733186814487132,330
2024-01-05 19:30:00+00:00,1.0733186814487132,1.0742120506287005,1.0731303025908228,1.0739727391913576,415
2024-01-05 19:35:00+00:00,1.0739727391913576,1.074215209148271,1.073243610219116,1.073373157470029,1261
2024-01-05 19:40:00+00:00,1.073373157470029,1.0736240300148039,1.0732160677229694,1.0735375987415356,564
2024-01-05 19:45:00+00:00,1.0735375987415356,1.0736054652239362,1.0729606539527483,1.0730299102092105,494
2024-01-05 19:50:00+00:00,1.0730299102092105,1.0730412223998806,1.0726305669297507,1.0726533239113385,782
2024-01-05 19:55:00+00:00,1.0726533239113385,1.0736549242356896,1.0724303020246393,1.0734295997076888,140
2024-01-05 20:00:00+00:00,1.0734295997076888,1.0734916411398214,1.0730243876270942,1.0731222994518628,884
2024-01-05 20:05:00+00:00,1.0731222994518628,1.0733558206333706,1.0729814028325073,1.0733542078818923,156
2024-01-05 20:10:00+00:00,1.0733542078818923,1.0736624202667793,1.072297579927531,1.0723338676494045,1269
2024-01-05 20:15:00+00:00,1.0723338676494045,1.073357064912051,1.0723188768112377,1.0733162957380908,700
2024-01-05 20:20:00+00:00,1.0733162957380908,1.0738117137417156,1.0732418102871617,1.0736236143392983,405
2024-01-05 20:25:00+00:00,1.0736236143392983,1.0738276707439567,1.0734305548266025,1.0735095419147418,736
2024-01-05 20:30:00+00:00,1.0735095419147418,1.0739679484293096,1.0733597502860852,1.0738023666067633,345
2024-01-05 20:35:00+00:00,1.0738023666067633,1.0739186049548133,1.0729999148014968,1.0730293258516181,548
2024-01-05 20:40:00+00:00,1.0730293258516181,1.0738222072490602,1.0728636089886434,1.0736476754940412,283
2024-01-05 20:45:00+00:00,1.0736476754940412,1.0738018608652737,1.0732840018920358,1.0734576480283549,1036
2024-01-05 20:50:00+00:00,1.0734576480283549,1.073461524939775,1.0733135780911913,1.0733320161728055,1466
2024-01-05 20:55:00+00:00,1.0733320161728055,1.0735544501467793,1.0729995673435646,1.0730520613363261,779
2024-01-05 21:00:00+00:00,1.0730520613363261,1.0730812300825519,1.0726500629008013,1.0727244309630892,238
2024-01-05 21:05:00+00:00,1.0727244309630892,1.0732156480477264,1.0727121432534594,1.0730809351649078,203
2024-01-05 21:10:00+00:00,1.0730809351649078,1.0732721630909228,1.0728140516118798,1.0732021433318928,1265
2024-01-05 21:15:00+00:00,1.0732021433318928,1.0735758762007477,1.0730312740054395,1.073535774050876,587
2024-01-05 21:20:00+00:00,1.073535774050876,1.0737177054174905,1.0733446303913727,1.073514950307373,514
2024-01-05 21:25:00+00:00,1.073514950307373,1.0738787400093328,1.0735014426421468,1.0737743114179614,242
2024-01-05 21:30:00+00:00,1.0737743114179614,1.0740574835687295,1.0732625474300443,1.0735333302924919,1029
2024-01-05 21:35:00+00:00,1.0735333302924919,1.0747258290283317,1.0734766296865494,1.0747140730172215,188
2024-01-05 21:40:00+00:00,1.0747140730172215,1.0748756521565688,1.0737653293973812,1.0738554138641014,1365
2024-01-05 21:45:00+00:00,1.0738554138641014,1.0745670723590692,1.0737145508878376,1.0745163382186191,391
2024-01-05 21:50:00+00:00,1.0745163382186191,1.0754927814727964,1.074331810551288,1.0752351399260311,196
2024-01-05 21:55:00+00:00,1.0752351399260311,1.0753987089468042,1.0745996730912888,1.0747608758524465,1080
2024-01-05 22:00:00+00:00,1.0747608758524465,1.0761622696147533,1.074444009739679,1.0759427224684066,595
2024-01-05 22:05:00+00:00,1.0759427224684066,1.0764851351302573,1.0758075519873576,1.0764621285901812,1074
2024-01-05 22:10:00+00:00,1.0764621285901812,1.0772741174164429,1.0764427318030612,1.0769686788394732,155
2024-01-05 22:15:00+00:00,1.0769686788394732,1.0769840818348215,1.076712636931952,1.0769676138181603,1305
2024-01-05 22:20:00+00:00,1.0769676138181603,1.076973426001748,1.076745024494343,1.0768344865353152,533
2024-01-05 22:25:00+00:00,1.0768344865353152,1.0769380070751358,1.0765689467803965,1.0767055846946465,1158
2024-01-05 22:30:00+00:00,1.0767055846946465,1.0773313936536484,1.0764585851838953,1.0768996773479018,1409
2024-01-05 22:35:00+00:00,1.0768996773479018,1.0776711199366809,1.0766807775551155,1.0776379923764856,849
2024-01-05 22:40:00+00:00,1.0776379923764856,1.0777274424056473,1.077595101926605,1.0777195233514627,567
2024-01-05 22:45:00+00:00,1.0777195233514627,1.0779597533206629,1.077133400128098,1.077212217265068,537
2024-01-05 22:50:00+00:00,1.077212217265068,1.077796037113628,1.077069844994411,1.0776401005337315,1060
2024-01-05 22:55:00+00:00,1.0776401005337315,1.0783036088216889,1.0775273373967462,1.0781202704236992,108
2024-01-05 23:00:00+00:00,1.0781202704236992,1.0786579384367019,1.078037165118982,1.0784569994735655,305
2024-01-05 23:05:00+00:00,1.0784569994735655,1.0788852662967472,1.0783445472910773,1.0788428168754944,1005
2024-01-05 23:10:00+00:00,1.0788428168754944,1.0789891813054528,1.0783828394346395,1.078680489799686,135
2024-01-05 23:15:00+00:00,1.078680489799686,1.0787123815143647,1.0781090945099907,1.0781632683474296,505
2024-01-05 23:20:00+00:00,1.0781632683474296,1.078196061118113,1.0776124509547467,1.0776790687650357,1006
2024-01-05 23:25:00+00:00,1.0776790687650357,1.0779277645450782,1.076595954333012,1.0767816513237054,450
2024-01-05 23:30:00+00:00,1.0767816513237054,1.0769480925828696,1.076774547677281,1.0768930705575455,1403
2024-01-05 23:35:00+00:00,1.0768930705575455,1.0769262914575655,1.0766302029056103,1.0768319844532854,1464
2024-01-05 23:40:00+00:00,1.0768319844532854,1.0769774612911138,1.0764969627754786,1.0765789355570168,147
2024-01-05 23:45:00+00:00,1.0765789355570168,1.0767554199415128,1.0749512481892494,1.0749718083890705,343
2024-01-05 23:50:00+00:00,1.0749718083890705,1.0750981613968622,1.0741583410235924,1.0742852682539286,1370
2024-01-05 23:55:00+00:00,1.0742852682539286,1.0751000663369163,1.0741573114573426,1.0748712052748362,145
2024-01-06 00:00:00+00:00,1.0748712052748362,1.074969343554656,1.074421828586374,1.0744978885318845,781
2024-01-06 00:05:00+00:00,1.0744978885318845,1.0747025241999049,1.0741284275838474,1.0746754985616889,1429
2024-01-06 00:10:00+00:00,1.0746754985616889,1.074875254739733,1.0737538331087382,1.07391211065031,923
2024-01-06 00:15:00+00:00,1.07391211065031,1.0746831760723319,1.0736891494456622,1.0746685235892324,528
2024-01-06 00:20:00+00:00,1.0746685235892324,1.0746738829369276,1.0743725713599772,1.074575012564985,108
2024-01-06 00:25:00+00:00,1.074575012564985,1.0749922596316688,1.0744327719597722,1.0747147290211445,650
2024-01-06 00:30:00+00:00,1.0747147290211445,1.0762101491960785,1.074600843759805,1.0759483831996066,858
2024-01-06 00:35:00+00:00,1.0759483831996066,1.0767493701037067,1.0758312523875995,1.0767480496110828,213
2024-01-06 00:40:00+00:00,1.0767480496110828,1.076821303727522,1.0762446513883397,1.0765668514229394,839
2024-01-06 00:45:00+00:00,1.0765668514229394,1.0768031320361702,1.076139540088098,1.0762313823268548,665
2024-01-06 00:50:00+00:00,1.0762313823268548,1.0763605976302215,1.0757046538630368,1.0760400579772411,556
2024-01-06 00:55:00+00:00,1.0760400579772411,1.0763492017796767,1.0759007198351072,1.0762982528467981,1461
2024-01-06 01:00:00+00:00,1.0762982528467981,1.0763502175021407,1.0760972620980396,1.0762254820970796,1351
2024-01-06 01:05:00+00:00,1.0762254820970796,1.0762790291436302,1.0758356435044385,1.075996652804597,1071
2024-01-06 01:10:00+00:00,1.075996652804597,1.0767733601644924,1.0758005872,1.0767698539122152,927
2024-01-06 01:15:00+00:00,1.0767698539122152,1.0768771548109004,1.0766529816618782,1.076692213480164,763
2024-01-06 01:20:00+00:00,1.076692213480164,1.0779349024129214,1.0765911272257023,1.0779140379323007,198
2024-01-06 01:25:00+00:00,1.0779140379323007,1.077989692512508,1.0776854974094925,1.077946775563385,530
2024-01-06 01:30:00+00:00,1.077946775563385,1.0789535971227442,1.0778530759958527,1.0788928454649558,114
2024-01-06 01:35:00+00:00,1.0788928454649558,1.0792157103554263,1.0787440731152529,1.0790694167566277,612
2024-01-06 01:40:00+00:00,1.0790694167566277,1.079781489623017,1.0788713669600385,1.0795727813674445,763
2024-01-06 01:45:00+00:00,1.0795727813674445,1.0797298426400617,1.0789779740394265,1.0791654525915757,955
2024-01-06 01:50:00+00:00,1.0791654525915757,1.0792101702486243,1.0786858750007582,1.0786885913808628,596
2024-01-06 01:55:00+00:00,1.0786885913808628,1.0790426715168946,1.0784379477280321,1.0789203508365244,456
2024-01-06 02:00:00+00:00,1.0789203508365244,1.0794500753046883,1.0786317748661516,1.0794374521368524,1094
2024-01-06 02:05:00+00:00,1.0794374521368524,1.079643075362729,1.0792567480387691,1.0794429877630463,312
2024-01-06 02:10:00+00:00,1.0794429877630463,1.0795519137145886,1.0785319411390644,1.078732501985699,275
2024-01-06 02:15:00+00:00,1.078732501985699,1.0787561475282994,1.0776517982234646,1.0779826435427622,1074
2024-01-06 02:20:00+00:00,1.0779826435427622,1.078402013502476,1.0770196017803964,1.0771972596673467,920
2024-01-06 02:25:00+00:00,1.0771972596673467,1.0774327248944242,1.076080691678626,1.0762290628603588,1317
2024-01-06 02:30:00+00:00,1.0762290628603588,1.0763866437199774,1.0761543702029486,1.0762718350873135,1134
2024-01-06 02:35:00+00:00,1.0762718350873135,1.0769013658565438,1.0759985303771773,1.0768611175528722,1362
2024-01-06 02:40:00+00:00,1.0768611175528722,1.0768875634724548,1.076794639130503,1.0768377411664587,1030
2024-01-06 02:45:00+00:00,1.0768377411664587,1.076999862760995,1.0755775020012397,1.0756045386396456,1277
2024-01-06 02:50:00+00:00,1.0756045386396456,1.0758851080227774,1.0754036586252451,1.0754858131631015,336
2024-01-06 02:55:00+00:00,1.0754858131631015,1.075626576904546,1.075343855728109,1.0753821368702663,842
2024-01-06 03:00:00+00:00,1.0753821368702663,1.0765007110011093,1.0753175892678595,1.0764930059456606,1422
2024-01-06 03:05:00+00:00,1.0764930059456606,1.076832995691671,1.0756472808643243,1.0756925591645934,1204
2024-01-06 03:10:00+00:00,1.0756925591645934,1.0757803875998542,1.075446523300485,1.075466299281132,664
2024-01-06 03:15:00+00:00,1.075466299281132,1.0764074392131344,1.0750200131248473,1.0763674608213747,1396
2024-01-06 03:20:00+00:00,1.0763674608213747,1.076628275355452,1.0762203548896883,1.0765934863318123,537
2024-01-06 03:25:00+00:00,1.0765934863318123,1.076987456614918,1.0764188001053987,1.0768805670223738,132
2024-01-06 03:30:00+00:00,1.0768805670223738,1.076981278462206,1.0768207642607055,1.0769261106906256,1215
2024-01-06 03:35:00+00:00,1.0769261106906256,1.077366136909747,1.0767982143846426,1.0770876192048824,676
2024-01-06 03:40:00+00:00,1.0770876192048824,1.077597257951123,1.0770155215289279,1.0774902396894137,148
2024-01-06 03:45:00+00:00,1.0774902396894137,1.0775807974821734,1.0768158011722104,1.077037970531934,385
2024-01-06 03:50:00+00:00,1.077037970531934,1.0775057128339045,1.0768590024526496,1.0774946661772937,200
2024-01-06 03:55:00+00:00,1.0774946661772937,1.0774992422975158,1.0766832572511038,1.0767388020436313,1495
2024-01-06 04:00:00+00:00,1.0767388020436313,1.077023485846265,1.0765776676866996,1.0768994342304488,1286
2024-01-06 04:05:00+00:00,1.0768994342304488,1.0771037743843963,1.0768182396182302,1.076979523760054,1401
2024-01-06 04:10:00+00:00,1.076979523760054,1.0771427708117778,1.0764935661046315,1.0766315015488885,354
2024-01-06 04:15:00+00:00,1.0766315015488885,1.0766992945115925,1.0765427721002103,1.0766031402353469,1223
2024-01-06 04:20:00+00:00,1.0766031402353469,1.076779923270529,1.0762240294590526,1.0762518768466023,889
2024-01-06 04:25:00+00:00,1.0762518768466023,1.0762588413280432,1.0755777524539467,1.0756590227862226,514
2024-01-06 04:30:00+00:00,1.0756590227862226,1.0756780635245822,1.0753215517082122,1.0754527034571773,1036
2024-01-06 04:35:00+00:00,1.0754527034571773,1.0757709359708318,1.0746776902560762,1.0748429278853773,1432
2024-01-06 04:40:00+00:00,1.0748429278853773,1.0750068538790998,1.0748327519672076,1.075000283527169,744
2024-01-06 04:45:00+00:00,1.075000283527169,1.075140245328497,1.0743471442024197,1.074365987406769,140
2024-01-06 04:50:00+00:00,1.074365987406769,1.074805076487208,1.0741095245653276,1.0747323338656163,1279
2024-01-06 04:55:00+00:00,1.0747323338656163,1.0750917988018458,1.0740780358047124,1.0740813260025641,363
2024-01-06 05:00:00+00:00,1.0740813260025641,1.0742828950023244,1.073748901104341,1.073761091385756,355
2024-01-06 05:05:00+00:00,1.073761091385756,1.0739944627327205,1.0733316816365948,1.073409647550741,963
2024-01-06 05:10:00+00:00,1.073409647550741,1.0745558968920512,1.0733938996239312,1.0741047590476251,1218
2024-01-06 05:15:00+00:00,1.0741047590476251,1.0743881997051385,1.0739725893309207,1.0742660304774656,1210
2024-01-06 05:20:00+00:00,1.0742660304774656,1.0742923075952102,1.0740752892958878,1.0741361872712196,1315
2024-01-06 05:25:00+00:00,1.0741361872712196,1.07454484774938,1.074129943047414,1.0743879215278849,1337
2024-01-06 05:30:00+00:00,1.0743879215278849,1.0744780470582824,1.0729432583322895,1.0732398347059084,279
2024-01-06 05:35:00+00:00,1.0732398347059084,1.0732571706930687,1.0730736652477038,1.0732005897650798,520
2024-01-06 05:40:00+00:00,1.0732005897650798,1.0743607322839437,1.073104728973929,1.0742563584530753,1108
2024-01-06 05:45:00+00:00,1.0742563584530753,1.0743754655437112,1.0741388788166513,1.0743113316457098,647
2024-01-06 05:50:00+00:00,1.0743113316457098,1.0744367519088538,1.0742617200824782,1.0743316969193384,1102
2024-01-06 05:55:00+00:00,1.0743316969193384,1.0747207448271183,1.0741206831921943,1.0746100177899998,736
2024-01-06 06:00:00+00:00,1.0746100177899998,1.0751417890499817,1.074525480227353,1.0750751118229585,731
2024-01-06 06:05:00+00:00,1.0750751118229585,1.075097319344348,1.0739548770214835,1.0739852723321703,137
2024-01-06 06:10:00+00:00,1.0739852723321703,1.0742957917289506,1.0730498155203718,1.0730657656207365,951
2024-01-06 06:15:00+00:00,1.0730657656207365,1.0733968051920992,1.0730563527807049,1.0731624978268886,1309
2024-01-06 06:20:00+00:00,1.0731624978268886,1.073347178332936,1.0726203697540908,1.072762811031019,1246
2024-01-06 06:25:00+00:00,1.072762811031019,1.0735926395336268,1.0726701385380526,1.073450465543075,573
2024-01-06 06:30:00+00:00,1.073450465543075,1.0735171949804692,1.0731979137613912,1.073265201738317,1047
2024-01-06 06:35:00+00:00,1.073265201738317,1.0733004486551976,1.0720042658708828,1.0722109705001241,378
2024-01-06 06:40:00+00:00,1.0722109705001241,1.0723823011344715,1.0715134866916067,1.071515098119373,986
2024-01-06 06:45:00+00:00,1.071515098119373,1.0716360938972493,1.069959763868964,1.0700258657079158,672
2024-01-06 06:50:00+00:00,1.0700258657079158,1.0701979102912125,1.0697578870499107,1.0698845551295726,1397
2024-01-06 06:55:00+00:00,1.0698845551295726,1.0699821921828687,1.0696402900941153,1.0697677322271497,1094
2024-01-06 07:00:00+00:00,1.0697677322271497,1.069801378450997,1.06935058480058,1.069524647455937,202
2024-01-06 07:05:00+00:00,1.069524647455937,1.0702620085099706,1.0693509285251068,1.0700855484481582,1319
2024-01-06 07:10:00+00:00,1.0700855484481582,1.070858420318097,1.0698837390507872,1.0707107565432241,1113
2024-01-06 07:15:00+00:00,1.0707107565432241,1.070771159946553,1.0705429954414698,1.0706034775230369,401
2024-01-06 07:20:00+00:00,1.0706034775230369,1.0708075996178055,1.069366671091294,1.0694447132389506,495
2024-01-06 07:25:00+00:00,1.0694447132389506,1.0701351599529128,1.0694271977034535,1.0697587458296705,341
2024-01-06 07:30:00+00:00,1.0697587458296705,1.0700863712505937,1.0696977585259912,1.0700397501792496,534
2024-01-06 07:35:00+00:00,1.0700397501792496,1.0702383182716726,1.0699498441053372,1.070189230222216,1421
2024-01-06 07:40:00+00:00,1.070189230222216,1.0708834882627665,1.0699752272179597,1.070698361912458,1363
2024-01-06 07:45:00+00:00,1.070698361912458,1.0709507354198309,1.0699656030520828,1.070058711669634,871
2024-01-06 07:50:00+00:00,1.070058711669634,1.0713504007435886,1.06991550202772,1.0711174038892595,607
2024-01-06 07:55:00+00:00,1.0711174038892595,1.0713441327472637,1.0702851400907567,1.0705875072461186,612
2024-01-06 08:00:00+00:00,1.0705875072461186,1.0711606906239253,1.070571867684918,1.0709725027865118,1439
2024-01-06 08:05:00+00:00,1.0709725027865118,1.0711558343086753,1.069877274489388,1.0700528867072916,379
2024-01-06 08:10:00+00:00,1.0700528867072916,1.0700904914211051,1.0694059213174467,1.0695391197069832,1160
2024-01-06 08:15:00+00:00,1.0695391197069832,1.0703850724941502,1.0693004332931593,1.0703339844139728,1493
2024-01-06 08:20:00+00:00,1.0703339844139728,1.0705841884604297,1.0698853455411765,1.0701783044306639,1297
2024-01-06 08:25:00+00:00,1.0701783044306639,1.070716050273664,1.0700162550802315,1.0706116852308045,1106
2024-01-06 08:30:00+00:00,1.0706116852308045,1.070831587375861,1.070399815142464,1.0707224696595465,1359
2024-01-06 08:35:00+00:00,1.0707224696595465,1.0708917575626917,1.0704548328535184,1.0706502182945,405
2024-01-06 08:40:00+00:00,1.0706502182945,1.0714339201476963,1.0705607789344207,1.0713642618652806,1477
2024-01-06 08:45:00+00:00,1.0713642618652806,1.0713706229912119,1.071168546006306,1.0712214174978592,227
2024-01-06 08:50:00+00:00,1.0712214174978592,1.0712263066324668,1.0701648983622483,1.0702515667767083,119
2024-01-06 08:55:00+00:00,1.0702515667767083,1.0705225537415999,1.069687569494669,1.069805678519752,378
2024-01-06 09:00:00+00:00,1.069805678519752,1.0705393976522126,1.069686673655968,1.0700844654552335,952
2024-01-06 09:05:00+00:00,1.0700844654552335,1.0704336580273162,1.0699669768053948,1.0702800282635838,446
2024-01-06 09:10:00+00:00,1.0702800282635838,1.0702809178015908,1.069191396207885,1.0694253784889836,986
2024-01-06 09:15:00+00:00,1.0694253784889836,1.069599518942886,1.0689889294712276,1.0690220219718194,255
2024-01-06 09:20:00+00:00,1.0690220219718194,1.0690634444944163,1.068644835221368,1.0686950501750156,1075
2024-01-06 09:25:00+00:00,1.0686950501750156,1.0687152606202655,1.06840735467931,1.0684837319761533,421
2024-01-06 09:30:00+00:00,1.0684837319761533,1.068589141012352,1.067628584992029,1.067732634077161,832
2024-01-06 09:35:00+00:00,1.067732634077161,1.0677429594136034,1.067170319812642,1.0673811519184246,263
2024-01-06 09:40:00+00:00,1.0673811519184246,1.067481723123375,1.066792600301344,1.0669762886516179,1458
2024-01-06 09:45:00+00:00,1.0669762886516179,1.0674097154785442,1.0669041155063506,1.067371887854324,628
2024-01-06 09:50:00+00:00,1.067371887854324,1.0678602813105975,1.0673689341301793,1.0677876939466135,946
2024-01-06 09:55:00+00:00,1.0677876939466135,1.0678142442073273,1.0675961158135503,1.0676938298248062,780
2024-01-06 10:00:00+00:00,1.0676938298248062,1.0676950207860205,1.0672640908449162,1.0674685251818103,933
2024-01-06 10:05:00+00:00,1.0674685251818103,1.0678058713231795,1.0673319143774997,1.0675271955534373,737
2024-01-06 10:10:00+00:00,1.0675271955534373,1.067601103757383,1.0670367914946914,1.0670753245782938,202
2024-01-06 10:15:00+00:00,1.0670753245782938,1.0671475124207883,1.0662586955615898,1.066447440340267,1260
2024-01-06 10:20:00+00:00,1.066447440340267,1.0666492444679818,1.0658746249398585,1.0659300953778559,999
2024-01-06 10:25:00+00:00,1.0659300953778559,1.0660245986310057,1.065484642062602,1.0655757731982156,455
2024-01-06 10:30:00+00:00,1.0655757731982156,1.0657627923602209,1.0649097719614007,1.0649399048147128,217
2024-01-06 10:35:00+00:00,1.0649399048147128,1.0651717319681453,1.0649224773855517,1.0650102225618419,1341
2024-01-06 10:40:00+00:00,1.0650102225618419,1.0654421750769036,1.064976403360401,1.0653828247345751,565
2024-01-06 10:45:00+00:00,1.0653828247345751,1.0655813788245225,1.064400247131607,1.0645214103567862,1371
2024-01-06 10:50:00+00:00,1.0645214103567862,1.0646340140278312,1.0645121335746206,1.0645188175611828,1172
2024-01-06 10:55:00+00:00,1.0645188175611828,1.0647187510290768,1.0643139386944753,1.0643857868825615,1443
2024-01-06 11:00:00+00:00,1.0643857868825615,1.0647890961556712,1.0642282174659325,1.0645515695912493,1023
2024-01-06 11:05:00+00:00,1.0645515695912493,1.064734906656412,1.0641209172021302,1.0645287143247588,353
2024-01-06 11:10:00+00:00,1.0645287143247588,1.0646018917853175,1.0636937544714546,1.0637390473077395,149
2024-01-06 11:15:00+00:00,1.0637390473077395,1.0637512051544746,1.0630192003440844,1.063051664826981,444
2024-01-06 11:20:00+00:00,1.063051664826981,1.0631450441848496,1.0629610311506685,1.0630513584425139,714
2024-01-06 11:25:00+00:00,1.0630513584425139,1.0638629915895685,1.0629858547306774,1.0635822361492748,973
2024-01-06 11:30:00+00:00,1.0635822361492748,1.0638379745109638,1.0623875502919962,1.0623887972380588,1354
2024-01-06 11:35:00+00:00,1.0623887972380588,1.0626345477456984,1.0623881080570954,1.0625565094287448,297
2024-01-06 11:40:00+00:00,1.0625565094287448,1.0634834160417457,1.0624108268599752,1.0631725913838423,988
2024-01-06 11:45:00+00:00,1.0631725913838423,1.0632438447972588,1.0630053592986994,1.063075297336294,219
2024-01-06 11:50:00+00:00,1.063075297336294,1.0633776586404333,1.062812310286882,1.0633518045478632,774
2024-01-06 11:55:00+00:00,1.0633518045478632,1.0634181044217457,1.0626825899991594,1.0629620493828478,203
2024-01-06 12:00:00+00:00,1.0629620493828478,1.0629846455264387,1.062756238831187,1.0628826640822018,623
2024-01-06 12:05:00+00:00,1.0628826640822018,1.0629409775535938,1.0619034877032323,1.0620053004029475,948
2024-01-06 12:10:00+00:00,1.0620053004029475,1.0621398412123852,1.0604681977736636,1.0607445178136887,1134
2024-01-06 12:15:00+00:00,1.0607445178136887,1.061274023777434,1.0606184172468778,1.0612286234735375,1226
2024-01-06 12:20:00+00:00,1.0612286234735375,1.061331618357399,1.0604690029561488,1.0606900526385468,834
2024-01-06 12:25:00+00:00,1.0606900526385468,1.060696054483737,1.0597722386324222,1.0604325553608096,462
2024-01-06 12:30:00+00:00,1.0604325553608096,1.060493504096684,1.0594916355900157,1.0596815346217316,1378
2024-01-06 12:35:00+00:00,1.0596815346217316,1.0599546522632615,1.0587538741728215,1.0589185799693452,1406
2024-01-06 12:40:00+00:00,1.0589185799693452,1.059043477880679,1.058727278959337,1.058810656205381,1454
2024-01-06 12:45:00+00:00,1.058810656205381,1.0590035540666287,1.0582739822522838,1.0584085319917005,1208
2024-01-06 12:50:00+00:00,1.0584085319917005,1.0586896374062686,1.058250536880629,1.0585926797282819,1189
2024-01-06 12:55:00+00:00,1.0585926797282819,1.0588995797798817,1.0584178202243948,1.0588163277668998,208
2024-01-06 13:00:00+00:00,1.0588163277668998,1.0590076950075769,1.0586240596660494,1.0589703059441267,901
2024-01-06 13:05:00+00:00,1.0589703059441267,1.0591035652199134,1.0587680114832183,1.0590807569658214,670
2024-01-06 13:10:00+00:00,1.0590807569658214,1.060060623629627,1.0589257516039645,1.059900362726865,462
2024-01-06 13:15:00+00:00,1.059900362726865,1.0601016272533614,1.0593095697426549,1.0593186927098963,195
2024-01-06 13:20:00+00:00,1.0593186927098963,1.0594590553452135,1.0592947563075183,1.0593107823184253,398
2024-01-06 13:25:00+00:00,1.0593107823184253,1.0599805034616432,1.0593083346849341,1.0599319038040211,1381
2024-01-06 13:30:00+00:00,1.0599319038040211,1.060725357472479,1.0597529263725227,1.060623265485871,1372
2024-01-06 13:35:00+00:00,1.060623265485871,1.060658727291592,1.0597838649516056,1.0598905001489223,1139
2024-01-06 13:40:00+00:00,1.0598905001489223,1.0600049409747319,1.0596475425322174,1.0597461666762849,242
2024-01-06 13:45:00+00:00,1.0597461666762849,1.0607008364451793,1.0595227820218842,1.0604869934122318,1061
2024-01-06 13:50:00+00:00,1.0604869934122318,1.0608007858941824,1.06040678717503,1.0607776087934444,277
2024-01-06 13:55:00+00:00,1.0607776087934444,1.0609116256533717,1.060605554941866,1.0609023896714296,1055
2024-01-06 14:00:00+00:00,1.0609023896714296,1.0610016331804963,1.0607162161623793,1.0608081366134932,147
2024-01-06 14:05:00+00:00,1.0608081366134932,1.0609081343715963,1.060520626760951,1.0606257832038102,499
2024-01-06 14:10:00+00:00,1.0606257832038102,1.0611976309218054,1.0604199731526651,1.0607998420042364,271
2024-01-06 14:15:00+00:00,1.0607998420042364,1.0609719620376785,1.0606400037578583,1.0606871987851219,1406
2024-01-06 14:20:00+00:00,1.0606871987851219,1.0606969117076652,1.0603905267672515,1.0606858312299556,896
2024-01-06 14:25:00+00:00,1.0606858312299556,1.060758893980198,1.060529789033551,1.060748729213545,1391
2024-01-06 14:30:00+00:00,1.060748729213545,1.0610166342657534,1.060342450760797,1.0604103124320465,128
2024-01-06 14:35:00+00:00,1.0604103124320465,1.0608063774424474,1.0603935279499959,1.060713658376101,1135
2024-01-06 14:40:00+00:00,1.060713658376101,1.0622934534038861,1.0605397722621503,1.0622804622004802,771
2024-01-06 14:45:00+00:00,1.0622804622004802,1.0622856234935507,1.0613108393064545,1.0613578787154505,756
2024-01-06 14:50:00+00:00,1.0613578787154505,1.061726874550424,1.0612892148874182,1.0615510524957006,1322
2024-01-06 14:55:00+00:00,1.0615510524957006,1.0616450173514371,1.0611581660220832,1.0611687932224154,165
2024-01-06 15:00:00+00:00,1.0611687932224154,1.061518714006349,1.061155841135631,1.0614963773964747,1421
2024-01-06 15:05:00+00:00,1.0614963773964747,1.0617157616570623,1.061481777280902,1.0615423176186618,139
2024-01-06 15:10:00+00:00,1.0615423176186618,1.062193943911847,1.0613322737239395,1.0619679190062772,607
2024-01-06 15:15:00+00:00,1.0619679190062772,1.0626758946916504,1.0617699009730146,1.062613333501074,293
2024-01-06 15:20:00+00:00,1.062613333501074,1.0628496070491298,1.0624433525186103,1.0627368203904377,832
2024-01-06 15:25:00+00:00,1.0627368203904377,1.0633778679769017,1.0625703656714924,1.063359611951598,934
2024-01-06 15:30:00+00:00,1.063359611951598,1.0634409032572671,1.0620865516358273,1.062134463294518,998
2024-01-06 15:35:00+00:00,1.062134463294518,1.0630403202262413,1.0620986026075259,1.063000343082705,1217
2024-01-06 15:40:00+00:00,1.063000343082705,1.0633061877418557,1.062815936100448,1.0632209486876363,1151
2024-01-06 15:45:00+00:00,1.0632209486876363,1.063919609868624,1.0629232261528139,1.063815205924226,1427
2024-01-06 15:50:00+00:00,1.063815205924226,1.0638692948476223,1.0630806761740526,1.0631876210449942,729
2024-01-06 15:55:00+00:00,1.0631876210449942,1.0632447228765922,1.062710436759986,1.062767252670385,345
2024-01-06 16:00:00+00:00,1.062767252670385,1.0629383997895754,1.0625374983318616,1.0628660572354023,317
2024-01-06 16:05:00+00:00,1.0628660572354023,1.063091270708447,1.0628378416866526,1.062878260059415,485
2024-01-06 16:10:00+00:00,1.062878260059415,1.063062331720432,1.0626928638567599,1.063049951348767,944
2024-01-06 16:15:00+00:00,1.063049951348767,1.0636765729252962,1.0629156696195354,1.0636476592423256,175
2024-01-06 16:20:00+00:00,1.0636476592423256,1.0636989773192953,1.0627099510679001,1.062730145967301,1436
2024-01-06 16:25:00+00:00,1.062730145967301,1.0633005560129063,1.0624367668186685,1.0632688540123365,1484
2024-01-06 16:30:00+00:00,1.0632688540123365,1.0634138243441713,1.0631547064112015,1.0632945223378718,330
2024-01-06 16:35:00+00:00,1.0632945223378718,1.0634064179463782,1.0631841013733003,1.0632074481599756,1193
2024-01-06 16:40:00+00:00,1.0632074481599756,1.0632955979188206,1.062379034408865,1.062446661971789,934
2024-01-06 16:45:00+00:00,1.062446661971789,1.0627735074087061,1.0621381110781767,1.0627351420942917,772
2024-01-06 16:50:00+00:00,1.0627351420942917,1.0628255274528589,1.0613422908043788,1.0614736181720852,1128
2024-01-06 16:55:00+00:00,1.0614736181720852,1.0620052447600659,1.0610158869815687,1.0618389742130039,905
2024-01-06 17:00:00+00:00,1.0618389742130039,1.0619334497175987,1.060900354882692,1.0610680229276102,553
2024-01-06 17:05:00+00:00,1.0610680229276102,1.061120733188179,1.060990663895664,1.061117605528894,887
2024-01-06 17:10:00+00:00,1.061117605528894,1.0612427568358942,1.0610713162427348,1.061075601805345,290
2024-01-06 17:15:00+00:00,1.061075601805345,1.061732605343185,1.0608821195296765,1.0617173075141184,456
2024-01-06 17:20:00+00:00,1.0617173075141184,1.0618710638238076,1.0614176161151556,1.0616437012177593,1462
2024-01-06 17:25:00+00:00,1.0616437012177593,1.0619082084542701,1.0612400183816606,1.0612964701761776,359
2024-01-06 17:30:00+00:00,1.0612964701761776,1.0614269150997349,1.060850543178186,1.061048868279073,937
2024-01-06 17:35:00+00:00,1.061048868279073,1.0618209407931154,1.060966005654189,1.0617453846670581,515
2024-01-06 17:40:00+00:00,1.0617453846670581,1.062184670895741,1.0616798600770392,1.062051324990671,750
2024-01-06 17:45:00+00:00,1.062051324990671,1.0622255832615337,1.0617678991587882,1.0618677866007542,446
2024-01-06 17:50:00+00:00,1.0618677866007542,1.0619351678418751,1.0616427200085785,1.0617634865381775,896
2024-01-06 17:55:00+00:00,1.0617634865381775,1.061982460558987,1.0609108619855425,1.060952736102047,880
2024-01-06 18:00:00+00:00,1.060952736102047,1.0612441916297988,1.0609459551461673,1.0611800315399182,964
2024-01-06 18:05:00+00:00,1.0611800315399182,1.0612143442722268,1.060235395186568,1.0602675144964506,531
2024-01-06 18:10:00+00:00,1.0602675144964506,1.0608577724698713,1.0602388666868,1.06068727253186,910
2024-01-06 18:15:00+00:00,1.06068727253186,1.0610647717133228,1.0606757859988396,1.0607766999203747,1120
2024-01-06 18:20:00+00:00,1.0607766999203747,1.0623772679159662,1.0606123117927386,1.0620639268807837,1107
2024-01-06 18:25:00+00:00,1.0620639268807837,1.0624532954955006,1.0613846661352115,1.0615009610161765,895
2024-01-06 18:30:00+00:00,1.0615009610161765,1.0619318779994236,1.0614048628814938,1.0614677030812472,518
2024-01-06 18:35:00+00:00,1.0614677030812472,1.0624588833414936,1.0611388823743788,1.0624433445929977,845
2024-01-06 18:40:00+00:00,1.0624433445929977,1.0632121320742254,1.0622283852672618,1.0630974854569617,851
2024-01-06 18:45:00+00:00,1.0630974854569617,1.0631397071875421,1.062681886757307,1.0627486767659813,1431
2024-01-06 18:50:00+00:00,1.0627486767659813,1.0629556468132044,1.062733011787766,1.0628889422835877,627
2024-01-06 18:55:00+00:00,1.0628889422835877,1.063040686792591,1.0628405809291948,1.062911262609346,551
2024-01-06 19:00:00+00:00,1.062911262609346,1.0631003185305916,1.062740032461152,1.063082367868104,1149
2024-01-06 19:05:00+00:00,1.063082367868104,1.063227623277831,1.0626830744842592,1.0627322520893265,989
2024-01-06 19:10:00+00:00,1.0627322520893265,1.0627597000979625,1.06266865761361,1.0627060448980084,697
2024-01-06 19:15:00+00:00,1.0627060448980084,1.062788104546074,1.061748413624096,1.0618781690592713,100
2024-01-06 19:20:00+00:00,1.0618781690592713,1.062159710629257,1.0615897557814742,1.0619711489444856,1086
2024-01-06 19:25:00+00:00,1.0619711489444856,1.0624936450065783,1.0617469405446878,1.0622313428532657,1131
2024-01-06 19:30:00+00:00,1.0622313428532657,1.0625488559324596,1.062110029800665,1.062131801466081,1402
2024-01-06 19:35:00+00:00,1.062131801466081,1.0622341527370753,1.061287463265804,1.0612953456461722,803
2024-01-06 19:40:00+00:00,1.0612953456461722,1.0618630107433205,1.061287908208616,1.0618411336856186,821
2024-01-06 19:45:00+00:00,1.0618411336856186,1.062119276492014,1.0618177201828387,1.062055904348092,391
2024-01-06 19:50:00+00:00,1.062055904348092,1.0621432193154252,1.0615566677978894,1.0616916111555992,743
2024-01-06 19:55:00+00:00,1.0616916111555992,1.0619739345840522,1.0614147512941876,1.0615638894175752,102
2024-01-06 20:00:00+00:00,1.0615638894175752,1.06165623494127,1.0607557171805218,1.06078859247139,801
2024-01-06 20:05:00+00:00,1.06078859247139,1.0610301921355474,1.060258802636807,1.0602659365601637,1089
2024-01-06 20:10:00+00:00,1.0602659365601637,1.0604860673984116,1.0597999178514717,1.0600020303534758,1200
2024-01-06 20:15:00+00:00,1.0600020303534758,1.0607377704239058,1.0599921268273564,1.0606742946716556,1027
2024-01-06 20:20:00+00:00,1.0606742946716556,1.0607169708806141,1.0600552337987377,1.0603563557535143,1227
2024-01-06 20:25:00+00:00,1.0603563557535143,1.0609909656371679,1.0602638424166997,1.0607169901919842,1031
2024-01-06 20:30:00+00:00,1.0607169901919842,1.0608473535172025,1.060363133187738,1.0604527039605525,1191
2024-01-06 20:35:00+00:00,1.0604527039605525,1.0607782049597378,1.0604070522362725,1.0606053813453045,712
2024-01-06 20:40:00+00:00,1.0606053813453045,1.0608429518962188,1.0602525593418257,1.0605516110376956,943
2024-01-06 20:45:00+00:00,1.0605516110376956,1.061325546311756,1.0604606304300843,1.061035782861794,995
2024-01-06 20:50:00+00:00,1.061035782861794,1.0610752937439956,1.0605428126621241,1.0607732765939863,901
2024-01-06 20:55:00+00:00,1.0607732765939863,1.060843124160903,1.0598578591801422,1.0599604440873722,899
2024-01-06 21:00:00+00:00,1.0599604440873722,1.0601563163860641,1.05907048083407,1.0592492376417588,1194
2024-01-06 21:05:00+00:00,1.0592492376417588,1.0593483319427626,1.0586937256717583,1.0589887272115228,434
2024-01-06 21:10:00+00:00,1.0589887272115228,1.0590678642355829,1.0582323560056939,1.0583485367717873,543
2024-01-06 21:15:00+00:00,1.0583485367717873,1.0587594173261041,1.0582219946250597,1.058586777385803,826
2024-01-06 21:20:00+00:00,1.058586777385803,1.058632720314723,1.0582552445627653,1.058361421111028,1003
2024-01-06 21:25:00+00:00,1.058361421111028,1.0597132130468419,1.0583608371409476,1.059639184320883,820
2024-01-06 21:30:00+00:00,1.059639184320883,1.059690867067569,1.058704707263795,1.0587397018664826,379
2024-01-06 21:35:00+00:00,1.0587397018664826,1.0590195118708812,1.0587002108398005,1.0588686739259787,1253
2024-01-06 21:40:00+00:00,1.0588686739259787,1.0589934045673646,1.0581980218035054,1.058292674238332,864
2024-01-06 21:45:00+00:00,1.058292674238332,1.0585680985578765,1.0577955304005027,1.0580527585798236,706
2024-01-06 21:50:00+00:00,1.0580527585798236,1.0583590507929328,1.0578782019169939,1.0581487342669376,1329
2024-01-06 21:55:00+00:00,1.0581487342669376,1.0584051390917668,1.0568307815788285,1.056939602853111,710
2024-01-06 22:00:00+00:00,1.056939602853111,1.0572470779524794,1.0568564912076923,1.0570858970960795,326
2024-01-06 22:05:00+00:00,1.0570858970960795,1.0581129679520944,1.056835524192851,1.058112807134946,1478
2024-01-06 22:10:00+00:00,1.058112807134946,1.0581906095527978,1.0577622433174105,1.057894074955714,635
2024-01-06 22:15:00+00:00,1.057894074955714,1.0581072098885373,1.0577889164930203,1.058052657433384,1352
2024-01-06 22:20:00+00:00,1.058052657433384,1.0587432784893784,1.057963053475168,1.0586160290470688,823
2024-01-06 22:25:00+00:00,1.0586160290470688,1.05885419015032,1.058492140691275,1.0585504194660762,439
2024-01-06 22:30:00+00:00,1.0585504194660762,1.0587394540299486,1.0582505161558506,1.058264102648834,627
2024-01-06 22:35:00+00:00,1.058264102648834,1.058328369387321,1.0568499751379568,1.057081102859312,1374
2024-01-06 22:40:00+00:00,1.057081102859312,1.0574702599245962,1.056712301260913,1.0574410340696594,1422
2024-01-06 22:45:00+00:00,1.0574410340696594,1.0575650842549775,1.057391056068069,1.057402348430237,293
2024-01-06 22:50:00+00:00,1.057402348430237,1.0575596185746026,1.05680898112013,1.056888089335868,1481
2024-01-06 22:55:00+00:00,1.056888089335868,1.057157868278925,1.0568023822399197,1.0569761263752755,1294
2024-01-06 23:00:00+00:00,1.0569761263752755,1.0570455020561287,1.0565853541986667,1.056688797796514,1006
2024-01-06 23:05:00+00:00,1.056688797796514,1.0567283611176381,1.0561276477558825,1.0564307405858635,356
2024-01-06 23:10:00+00:00,1.0564307405858635,1.0570751744525497,1.0561270080418454,1.0567721215082044,921
2024-01-06 23:15:00+00:00,1.0567721215082044,1.0567794693032968,1.0560419330472388,1.0560860743405327,695
2024-01-06 23:20:00+00:00,1.0560860743405327,1.056900512123618,1.0558941564822715,1.056660223606553,274
2024-01-06 23:25:00+00:00,1.056660223606553,1.0568380454267203,1.0558787684091369,1.0559429171241987,1477
2024-01-06 23:30:00+00:00,1.0559429171241987,1.056035605271322,1.0555131113211522,1.0556141485533808,944
2024-01-06 23:35:00+00:00,1.0556141485533808,1.0568716063480188,1.0554580267544644,1.0566502054410336,235
2024-01-06 23:40:00+00:00,1.0566502054410336,1.057339872773115,1.0566445880143873,1.0572669482653896,578
2024-01-06 23:45:00+00:00,1.0572669482653896,1.0577072366722668,1.0568596844144453,1.0573396903419972,1275
2024-01-06 23:50:00+00:00,1.0573396903419972,1.057515761843365,1.0568135929281428,1.0568636071723962,719
2024-01-06 23:55:00+00:00,1.0568636071723962,1.056897467094074,1.0565907499981972,1.0566050601249222,792
2024-01-07 00:00:00+00:00,1.0566050601249222,1.056955164376761,1.056389627353366,1.0566649037602112,299
2024-01-07 00:05:00+00:00,1.0566649037602112,1.0569795959823913,1.0564250589930109,1.056705861799631,255
2024-01-07 00:10:00+00:00,1.056705861799631,1.056851393374356,1.0565847612441395,1.0566789839948656,1469
2024-01-07 00:15:00+00:00,1.0566789839948656,1.0566997584490754,1.0566413423036594,1.0566838275397172,1433
2024-01-07 00:20:00+00:00,1.0566838275397172,1.056736299901123,1.056497837782756,1.0565916978605419,233
2024-01-07 00:25:00+00:00,1.0565916978605419,1.0568088026454487,1.0558381200632725,1.0558510383142146,868
2024-01-07 00:30:00+00:00,1.0558510383142146,1.055945391471096,1.0553923447003037,1.0555994761332754,1053
2024-01-07 00:35:00+00:00,1.0555994761332754,1.0562104371001027,1.0552078990052118,1.0561033264589217,1332
2024-01-07 00:40:00+00:00,1.0561033264589217,1.056386118370393,1.0552838549692294,1.055401897323775,883
2024-01-07 00:45:00+00:00,1.055401897323775,1.055561482047778,1.0551507490153331,1.0553229767384582,1316
2024-01-07 00:50:00+00:00,1.0553229767384582,1.0554169894464218,1.0546399287485888,1.0549115306198413,269
2024-01-07 00:55:00+00:00,1.0549115306198413,1.0551502212294532,1.0548721500745635,1.0549913612764095,120
2024-01-07 01:00:00+00:00,1.0549913612764095,1.0552079232724616,1.0545590119292234,1.0548074587792695,750
2024-01-07 01:05:00+00:00,1.0548074587792695,1.0558410099099578,1.0546820841855509,1.0556077378571294,470
2024-01-07 01:10:00+00:00,1.0556077378571294,1.0560194772541585,1.055584938731533,1.0558962265606022,1157
2024-01-07 01:15:00+00:00,1.0558962265606022,1.0561306719305654,1.0551693271975906,1.0552247804787662,571
2024-01-07 01:20:00+00:00,1.0552247804787662,1.0556831730995428,1.0549364798314667,1.0556000331899789,669
2024-01-07 01:25:00+00:00,1.0556000331899789,1.0556522700138928,1.055166046753253,1.0552122839280522,848
2024-01-07 01:30:00+00:00,1.0552122839280522,1.0552608556099965,1.0546846797490526,1.054928961344301,1446
2024-01-07 01:35:00+00:00,1.054928961344301,1.0552201512533863,1.0546717798195988,1.0551155883099939,200
2024-01-07 01:40:00+00:00,1.0551155883099939,1.0551180368264488,1.0548467459361197,1.0548772654377259,873
2024-01-07 01:45:00+00:00,1.0548772654377259,1.0554277380893822,1.0547009830104277,1.055369289634011,644
2024-01-07 01:50:00+00:00,1.055369289634011,1.055479470945601,1.0549805742214702,1.0549816999530868,150
2024-01-07 01:55:00+00:00,1.0549816999530868,1.0550044831441665,1.054654410402743,1.0546763109439694,1240
2024-01-07 02:00:00+00:00,1.0546763109439694,1.0548026086608702,1.054322325266876,1.054351275053879,1379
2024-01-07 02:05:00+00:00,1.054351275053879,1.054446139272707,1.0539312194581993,1.0540741711116062,342
2024-01-07 02:10:00+00:00,1.0540741711116062,1.0546846899154816,1.0539320794284952,1.054674567308932,1163
2024-01-07 02:15:00+00:00,1.054674567308932,1.055104620537395,1.0546604501887706,1.0550272485297225,1081
2024-01-07 02:20:00+00:00,1.0550272485297225,1.056022255829818,1.0549574465005358,1.0559503678071638,1087
2024-01-07 02:25:00+00:00,1.0559503678071638,1.0573604834682395,1.0557608606796027,1.0571687466801014,744
2024-01-07 02:30:00+00:00,1.0571687466801014,1.0574438865750537,1.056616804798583,1.0566450691386202,548
2024-01-07 02:35:00+00:00,1.0566450691386202,1.0569485524836735,1.056471151517849,1.0567034060518348,198
2024-01-07 02:40:00+00:00,1.0567034060518348,1.0568434908386521,1.055949401539947,1.0561030926795574,148
2024-01-07 02:45:00+00:00,1.0561030926795574,1.056164527889187,1.055587341819691,1.0557135987288206,348
2024-01-07 02:50:00+00:00,1.0557135987288206,1.0557611561940519,1.0553157521729861,1.055402119663596,838
2024-01-07 02:55:00+00:00,1.055402119663596,1.0556209563610661,1.0547089262501013,1.0548653659585003,297
2024-01-07 03:00:00+00:00,1.0548653659585003,1.0549213524163101,1.0542278520006712,1.054331663539283,1061
2024-01-07 03:05:00+00:00,1.054331663539283,1.0544317021179956,1.054055437734095,1.05427668837814,967
2024-01-07 03:10:00+00:00,1.05427668837814,1.0545727663841946,1.0536345564957559,1.053656394979495,582
2024-01-07 03:15:00+00:00,1.053656394979495,1.0541286630430369,1.0535563284311722,1.0541211243353346,222
2024-01-07 03:20:00+00:00,1.0541211243353346,1.054400744509674,1.053534418419606,1.0536584950624586,824
2024-01-07 03:25:00+00:00,1.0536584950624586,1.0553810603636813,1.0536441748505438,1.0551597313387628,1252
2024-01-07 03:30:00+00:00,1.0551597313387628,1.0552417465120183,1.0549078012077862,1.0549426931853845,651
2024-01-07 03:35:00+00:00,1.0549426931853845,1.0553295286558906,1.054775729715933,1.0550017792818085,1229
2024-01-07 03:40:00+00:00,1.0550017792818085,1.055006487345091,1.0542428618676258,1.0543395856902,500
2024-01-07 03:45:00+00:00,1.0543395856902,1.055301861530569,1.0542486147233066,1.0552600725206205,212
2024-01-07 03:50:00+00:00,1.0552600725206205,1.0560568093652483,1.055126156673041,1.0558718599068766,1009
2024-01-07 03:55:00+00:00,1.0558718599068766,1.056221181113954,1.0556917002629824,1.0560497299004097,1343
2024-01-07 04:00:00+00:00,1.0560497299004097,1.056171723933459,1.0552759335835518,1.0553597056610737,1337
2024-01-07 04:05:00+00:00,1.0553597056610737,1.0555069879732963,1.0553383170875368,1.055491977522221,1442
2024-01-07 04:10:00+00:00,1.055491977522221,1.055687428610104,1.0549125836126334,1.0549212566255635,250
2024-01-07 04:15:00+00:00,1.0549212566255635,1.0559602351182367,1.0547195597180274,1.055713689876784,160
2024-01-07 04:20:00+00:00,1.055713689876784,1.0563449050157585,1.0555027454980266,1.0561619431286784,897
2024-01-07 04:25:00+00:00,1.0561619431286784,1.0562384700380802,1.0559011396248672,1.0562334659077106,1430
2024-01-07 04:30:00+00:00,1.0562334659077106,1.0564163235172719,1.0548653831038304,1.0549678998215064,1497
2024-01-07 04:35:00+00:00,1.0549678998215064,1.0552109497166156,1.054434572338708,1.0544702630346743,491
2024-01-07 04:40:00+00:00,1.0544702630346743,1.054911864950546,1.0543972529373318,1.0548539642706067,625
2024-01-07 04:45:00+00:00,1.0548539642706067,1.0556897529399258,1.0548021155051635,1.0555147689350985,1030
2024-01-07 04:50:00+00:00,1.0555147689350985,1.0564004033312906,1.0552414354848558,1.0561212517891208,1379
2024-01-07 04:55:00+00:00,1.0561212517891208,1.056223584414677,1.055070165490271,1.0553016948317606,344
2024-01-07 05:00:00+00:00,1.0553016948317606,1.0557122168306101,1.055220181625003,1.0554819151958874,1465
2024-01-07 05:05:00+00:00,1.0554819151958874,1.0561376122666848,1.0553449351099766,1.0560389538069932,1244
2024-01-07 05:10:00+00:00,1.0560389538069932,1.056156872500044,1.0550917837445406,1.0551844411082,195
2024-01-07 05:15:00+00:00,1.0551844411082,1.0552607928515527,1.0549148710589111,1.055201374436204,1278
2024-01-07 05:20:00+00:00,1.055201374436204,1.055423265957624,1.0551516812179729,1.05536695790123,998
2024-01-07 05:25:00+00:00,1.05536695790123,1.0554814654261062,1.0551529477948378,1.055229356737911,1469
2024-01-07 05:30:00+00:00,1.055229356737911,1.0552396719847077,1.0540636792815254,1.0542732335434208,393
2024-01-07 05:35:00+00:00,1.0542732335434208,1.0545770066915734,1.0539998206978725,1.0541226316082586,1489
2024-01-07 05:40:00+00:00,1.0541226316082586,1.054177733667506,1.053769347909452,1.0539712040301508,166
2024-01-07 05:45:00+00:00,1.0539712040301508,1.0540319806637357,1.0539099260874214,1.053914251428979,206
2024-01-07 05:50:00+00:00,1.053914251428979,1.0541617411473834,1.0535900982371493,1.0536384044312435,726
2024-01-07 05:55:00+00:00,1.0536384044312435,1.0538786507596518,1.0533573562709015,1.0534260898901895,1021
2024-01-07 06:00:00+00:00,1.0534260898901895,1.0535016498931626,1.0534229866608689,1.0534262445951088,333
2024-01-07 06:05:00+00:00,1.0534262445951088,1.0538463987675863,1.0532552451969488,1.0536803597664592,482
2024-01-07 06:10:00+00:00,1.0536803597664592,1.053699828665212,1.0534379056655405,1.0535410491231498,645
2024-01-07 06:15:00+00:00,1.0535410491231498,1.0536376977180266,1.0532994914963278,1.0533463289632499,275
2024-01-07 06:20:00+00:00,1.0533463289632499,1.0535220645711147,1.0533071149975215,1.0534160362834093,346
2024-01-07 06:25:00+00:00,1.0534160362834093,1.053487527469775,1.052423868854013,1.0524253427837897,308
2024-01-07 06:30:00+00:00,1.0524253427837897,1.0528698302813515,1.0523921330737631,1.052697413219291,1435
2024-01-07 06:35:00+00:00,1.052697413219291,1.0528380203557643,1.0524566358482499,1.0527181707821132,1411
2024-01-07 06:40:00+00:00,1.0527181707821132,1.052882964912098,1.0526131277611044,1.0527601181938846,979
2024-01-07 06:45:00+00:00,1.0527601181938846,1.053348534495664,1.0527595787779167,1.0532868847778565,1057
2024-01-07 06:50:00+00:00,1.0532868847778565,1.0533421124982711,1.0518765885063985,1.052279513022457,291
2024-01-07 06:55:00+00:00,1.052279513022457,1.0523524348881876,1.0512009203458643,1.0512620461410362,170
2024-01-07 07:00:00+00:00,1.0512620461410362,1.0514348730906047,1.0512110401951247,1.051426991177297,627
2024-01-07 07:05:00+00:00,1.051426991177297,1.051613775371867,1.0509807835686318,1.0514442782903335,1477
2024-01-07 07:10:00+00:00,1.0514442782903335,1.051593820921832,1.0514136668103378,1.0515547729625074,769
2024-01-07 07:15:00+00:00,1.0515547729625074,1.0515617428518214,1.051322162761242,1.0513328280921603,1230
2024-01-07 07:20:00+00:00,1.0513328280921603,1.0517882953360482,1.0511771905841532,1.0517030831623182,617
2024-01-07 07:25:00+00:00,1.0517030831623182,1.0522232319813143,1.051461990794775,1.0522145467973067,532
2024-01-07 07:30:00+00:00,1.0522145467973067,1.0525113734533307,1.052031603264778,1.0524902176932867,1236
2024-01-07 07:35:00+00:00,1.0524902176932867,1.052587524158662,1.0523065841544952,1.0523740077971568,759
2024-01-07 07:40:00+00:00,1.0523740077971568,1.0523943331239138,1.0512113402001946,1.0512860165132951,1124
2024-01-07 07:45:00+00:00,1.0512860165132951,1.051870018431876,1.051256159528505,1.051711385868078,1117
2024-01-07 07:50:00+00:00,1.051711385868078,1.0527451616465164,1.0514867510011376,1.0523748730701465,1117
2024-01-07 07:55:00+00:00,1.0523748730701465,1.0529023248110876,1.052162852069223,1.052735079106107,1046
2024-01-07 08:00:00+00:00,1.052735079106107,1.0527782034678412,1.0522492699585022,1.052293118587509,1233
2024-01-07 08:05:00+00:00,1.052293118587509,1.0528537560368405,1.052101324014531,1.0526686790517805,748
2024-01-07 08:10:00+00:00,1.0526686790517805,1.0534553240431923,1.0524708788283734,1.0531426587608441,524
2024-01-07 08:15:00+00:00,1.0531426587608441,1.0543889127968415,1.0530630195632948,1.0539845495578826,817
2024-01-07 08:20:00+00:00,1.0539845495578826,1.0540476765493616,1.0534910475649746,1.0535439260869486,554
2024-01-07 08:25:00+00:00,1.0535439260869486,1.0537617827689807,1.053312749068091,1.0534457070394296,160
2024-01-07 08:30:00+00:00,1.0534457070394296,1.0538977835989334,1.0533708016248498,1.0538603812207044,606
2024-01-07 08:35:00+00:00,1.0538603812207044,1.0539442211194643,1.0535131391439065,1.0539117095282147,800
2024-01-07 08:40:00+00:00,1.0539117095282147,1.0540572148708278,1.053234137968922,1.0533440054408147,828
2024-01-07 08:45:00+00:00,1.0533440054408147,1.0537633275225942,1.0533281083052495,1.0535834391101189,576
2024-01-07 08:50:00+00:00,1.0535834391101189,1.0539725211132192,1.0535314402322273,1.053909344936019,1115
2024-01-07 08:55:00+00:00,1.053909344936019,1.0539790505425017,1.0538921016698155,1.0539767755821432,499
2024-01-07 09:00:00+00:00,1.0539767755821432,1.054168520966507,1.0537222350062323,1.0541135738244125,1006
2024-01-07 09:05:00+00:00,1.0541135738244125,1.0541957586247,1.0539679212218889,1.0539983033945912,477
2024-01-07 09:10:00+00:00,1.0539983033945912,1.0550172744229136,1.0537825934656329,1.0547984351057536,1481
2024-01-07 09:15:00+00:00,1.0547984351057536,1.054814812219811,1.0542993006923738,1.0543445067215098,1008
2024-01-07 09:20:00+00:00,1.0543445067215098,1.054625096613701,1.054031267683045,1.0540559744016924,879
2024-01-07 09:25:00+00:00,1.0540559744016924,1.0542078154623957,1.053886160120294,1.0540828451942634,700
2024-01-07 09:30:00+00:00,1.0540828451942634,1.054684676231405,1.053953254168538,1.0545671720323242,1158
2024-01-07 09:35:00+00:00,1.0545671720323242,1.0545766106954448,1.0535692709431992,1.0537987230810328,696
2024-01-07 09:40:00+00:00,1.0537987230810328,1.0538505292620604,1.052979830684156,1.0531294045346145,1224
2024-01-07 09:45:00+00:00,1.0531294045346145,1.0532292910163124,1.052009705370329,1.0520774712177283,322
2024-01-07 09:50:00+00:00,1.0520774712177283,1.0521629264898031,1.0519024976990667,1.0521157117221052,1248
2024-01-07 09:55:00+00:00,1.0521157117221052,1.0525358160553975,1.051320724073398,1.051548460475943,1446
2024-01-07 10:00:00+00:00,1.051548460475943,1.0520315736148778,1.0513244479398973,1.05136730490707,439
2024-01-07 10:05:00+00:00,1.05136730490707,1.0519367457861772,1.0512510314396821,1.0517360079556834,413
2024-01-07 10:10:00+00:00,1.0517360079556834,1.0519300940235699,1.0512305217842761,1.051419675885798,1436
2024-01-07 10:15:00+00:00,1.051419675885798,1.0518599899995582,1.051312506177061,1.0515622915140113,668
2024-01-07 10:20:00+00:00,1.0515622915140113,1.0515650563207508,1.0512838882074291,1.0514259365317353,1073
2024-01-07 10:25:00+00:00,1.0514259365317353,1.0520042433137755,1.051389090410962,1.0518003042620692,366
2024-01-07 10:30:00+00:00,1.0518003042620692,1.0521374250032214,1.0516920666181044,1.0520712101910543,698
2024-01-07 10:35:00+00:00,1.0520712101910543,1.0520730131016096,1.051726921014245,1.051728269854705,1084
2024-01-07 10:40:00+00:00,1.051728269854705,1.0518871394401008,1.0515050775896877,1.0516606165116962,1352
2024-01-07 10:45:00+00:00,1.0516606165116962,1.0524906837228054,1.0516421236910138,1.05223048163659,710
2024-01-07 10:50:00+00:00,1.05223048163659,1.052812035385173,1.052211389262678,1.0524584878130487,205
2024-01-07 10:55:00+00:00,1.0524584878130487,1.052533993400505,1.0517120504095954,1.0517444146953885,679
2024-01-07 11:00:00+00:00,1.0517444146953885,1.0521119353795283,1.0514773085844047,1.0521102209006876,1000
2024-01-07 11:05:00+00:00,1.0521102209006876,1.0523145880997549,1.051498891967643,1.0515606981443244,1325
2024-01-07 11:10:00+00:00,1.0515606981443244,1.052568503491793,1.051535471480253,1.0523244009732806,1267
2024-01-07 11:15:00+00:00,1.0523244009732806,1.0528963408967362,1.0521834583265683,1.0528842895603867,1163
2024-01-07 11:20:00+00:00,1.0528842895603867,1.0531036312083761,1.0527886122591423,1.053057955177861,331
2024-01-07 11:25:00+00:00,1.053057955177861,1.0532378171109513,1.0530260556359035,1.0531618039852624,827
2024-01-07 11:30:00+00:00,1.0531618039852624,1.053254331336835,1.0529097170972743,1.0530727948274177,906
2024-01-07 11:35:00+00:00,1.0530727948274177,1.0534743327126717,1.0530265706134296,1.0534511238402433,756
2024-01-07 11:40:00+00:00,1.0534511238402433,1.0536790590890122,1.053237845793006,1.0532768945230624,1392
2024-01-07 11:45:00+00:00,1.0532768945230624,1.0535937944493055,1.0532277355471822,1.0534220202118483,1443
2024-01-07 11:50:00+00:00,1.0534220202118483,1.0539188519393698,1.0533490563358916,1.0539023460831882,394
2024-01-07 11:55:00+00:00,1.0539023460831882,1.054085535525038,1.0535678775215123,1.0536273795129765,1439
2024-01-07 12:00:00+00:00,1.0536273795129765,1.0536591679005742,1.0530635224831701,1.053323833289611,1285
2024-01-07 12:05:00+00:00,1.053323833289611,1.0533453526495136,1.052397316486777,1.0527158729530242,1086
2024-01-07 12:10:00+00:00,1.0527158729530242,1.0529073068229973,1.0520387029808582,1.0521766335923968,634
2024-01-07 12:15:00+00:00,1.0521766335923968,1.0522965433725295,1.0509927397854817,1.0512357797132341,1164
2024-01-07 12:20:00+00:00,1.0512357797132341,1.051778575800841,1.0509930681129944,1.0516404154968675,920
2024-01-07 12:25:00+00:00,1.0516404154968675,1.052689414274222,1.05141619875479,1.0526126121254946,1358
2024-01-07 12:30:00+00:00,1.0526126121254946,1.0533839894522314,1.052561840319295,1.0533838239888993,1095
2024-01-07 12:35:00+00:00,1.0533838239888993,1.0534029783280257,1.0525419364787376,1.0525484461169998,1450
2024-01-07 12:40:00+00:00,1.0525484461169998,1.0532204348790934,1.0525171526805104,1.0529509694150259,686
2024-01-07 12:45:00+00:00,1.0529509694150259,1.053757213303145,1.0526916062295741,1.0537207325642957,215
2024-01-07 12:50:00+00:00,1.0537207325642957,1.0538464251495778,1.053319151430258,1.0535011319051737,788
2024-01-07 12:55:00+00:00,1.0535011319051737,1.0536354305798172,1.0531607143635953,1.0535756394193212,1496
2024-01-07 13:00:00+00:00,1.0535756394193212,1.0536111552045677,1.0523367339103948,1.052538977329666,1017
2024-01-07 13:05:00+00:00,1.052538977329666,1.052726047953223,1.0523675939969865,1.052700403215942,1084
2024-01-07 13:10:00+00:00,1.052700403215942,1.0527202930056616,1.0521259651893895,1.052161652345996,975
2024-01-07 13:15:00+00:00,1.052161652345996,1.0524503795554228,1.05202860692002,1.052287719734199,929
2024-01-07 13:20:00+00:00,1.052287719734199,1.0522934567211382,1.0514759088076173,1.0514873481570775,185
2024-01-07 13:25:00+00:00,1.0514873481570775,1.0519506161783683,1.051155248279902,1.0517937821814813,678
2024-01-07 13:30:00+00:00,1.0517937821814813,1.0525195374078258,1.0517382493452607,1.0523536060880148,221
2024-01-07 13:35:00+00:00,1.0523536060880148,1.052412719193037,1.0518907723854818,1.0519625620842907,570
2024-01-07 13:40:00+00:00,1.0519625620842907,1.0521805757483982,1.0512109708711925,1.0513856013397165,1107
2024-01-07 13:45:00+00:00,1.0513856013397165,1.0515340646539324,1.0500883196054547,1.0502732232601966,1225
2024-01-07 13:50:00+00:00,1.0502732232601966,1.050287773462935,1.05002076106178,1.050154325224085,413
2024-01-07 13:55:00+00:00,1.050154325224085,1.0502882513474654,1.0498287678922433,1.0498699466177845,1016
2024-01-07 14:00:00+00:00,1.0498699466177845,1.0498844766498892,1.0489977790741984,1.0490767596828945,417
2024-01-07 14:05:00+00:00,1.0490767596828945,1.0495248139835343,1.0490657932566991,1.0493353669425618,380
2024-01-07 14:10:00+00:00,1.0493353669425618,1.0494980394544726,1.0489465837234935,1.0491202687320171,1443
2024-01-07 14:15:00+00:00,1.0491202687320171,1.0493500470842005,1.048450500227949,1.0485769629383823,953
2024-01-07 14:20:00+00:00,1.0485769629383823,1.048744752958339,1.0481358330364905,1.0483071785532232,376
2024-01-07 14:25:00+00:00,1.0483071785532232,1.0491032274222398,1.0482911942931303,1.0488896728160824,297
2024-01-07 14:30:00+00:00,1.0488896728160824,1.049342238892837,1.0485236849797674,1.0492268577763706,169
2024-01-07 14:35:00+00:00,1.0492268577763706,1.049300234164439,1.049129452265217,1.0491796288955588,795
2024-01-07 14:40:00+00:00,1.0491796288955588,1.049657046610821,1.0491643761472214,1.0495253886748968,241
2024-01-07 14:45:00+00:00,1.0495253886748968,1.0496449611673568,1.048846749950127,1.0489371758965482,916
2024-01-07 14:50:00+00:00,1.0489371758965482,1.0491365819164018,1.0488841291131532,1.0489751317410863,707
2024-01-07 14:55:00+00:00,1.0489751317410863,1.0490795529204515,1.0486926522119244,1.0490733799742364,989
2024-01-07 15:00:00+00:00,1.0490733799742364,1.0490816967095786,1.0488100744350126,1.048847914954833,390
2024-01-07 15:05:00+00:00,1.048847914954833,1.0494635708258768,1.0488075930022098,1.0490972566969914,303
2024-01-07 15:10:00+00:00,1.0490972566969914,1.0491964633130173,1.048458381728854,1.0487088633439743,241
2024-01-07 15:15:00+00:00,1.0487088633439743,1.0490904574631792,1.0486973744463433,1.048997164268722,233
2024-01-07 15:20:00+00:00,1.048997164268722,1.0494154174171206,1.0486719053541451,1.0493075933552138,201
2024-01-07 15:25:00+00:00,1.0493075933552138,1.0496441337613838,1.047743434660384,1.0477980805001577,462
2024-01-07 15:30:00+00:00,1.0477980805001577,1.0486989234713218,1.0477597945882253,1.0484426364774408,1220
2024-01-07 15:35:00+00:00,1.0484426364774408,1.0485751305915252,1.046850740069674,1.0468659713692539,949
2024-01-07 15:40:00+00:00,1.0468659713692539,1.0469031713682542,1.04649991670349,1.0465644483079062,450
2024-01-07 15:45:00+00:00,1.0465644483079062,1.0471874373309282,1.0465510213462168,1.0471219259967708,1404
2024-01-07 15:50:00+00:00,1.0471219259967708,1.0471741915219974,1.0468536149064496,1.046976749491871,1165
2024-01-07 15:55:00+00:00,1.046976749491871,1.047181574620573,1.0462284602244993,1.0462301577098225,1190
2024-01-07 16:00:00+00:00,1.0462301577098225,1.046450486884321,1.0456698210039492,1.0456789319636903,1357
2024-01-07 16:05:00+00:00,1.0456789319636903,1.0464600102043493,1.0455377260983816,1.0462367523943494,1143
2024-01-07 16:10:00+00:00,1.0462367523943494,1.0462681728943086,1.0452105308106217,1.045252502799521,1439
2024-01-07 16:15:00+00:00,1.045252502799521,1.046027517634882,1.045211510193208,1.0458634482365365,562
2024-01-07 16:20:00+00:00,1.0458634482365365,1.0458681836223533,1.0458294761357374,1.0458555508698466,1298
2024-01-07 16:25:00+00:00,1.0458555508698466,1.0460091965937384,1.0448733403665371,1.0452529313432768,256
2024-01-07 16:30:00+00:00,1.0452529313432768,1.0454643874207652,1.044947030585945,1.0449690850325861,520
2024-01-07 16:35:00+00:00,1.0449690850325861,1.0450051363400008,1.0444147531326118,1.04445850041979,1348
2024-01-07 16:40:00+00:00,1.04445850041979,1.0450504143621897,1.0443923246087752,1.0449317577269555,286
2024-01-07 16:45:00+00:00,1.0449317577269555,1.0453675051979305,1.0447795729426033,1.0453353249014417,801
2024-01-07 16:50:00+00:00,1.0453353249014417,1.0455550728600675,1.044350223061771,1.0444576816767206,576
2024-01-07 16:55:00+00:00,1.0444576816767206,1.044585058889851,1.0441603095440473,1.0442678033861283,240
2024-01-07 17:00:00+00:00,1.0442678033861283,1.0442859030831388,1.043749063366582,1.0438379902444308,430
2024-01-07 17:05:00+00:00,1.0438379902444308,1.0445637180116774,1.0437537146962645,1.0445339744271547,848
2024-01-07 17:10:00+00:00,1.0445339744271547,1.044759762475349,1.0436955329509325,1.0438497529077795,982
2024-01-07 17:15:00+00:00,1.0438497529077795,1.0447765222435792,1.0435755727221798,1.0447079169801041,1045
2024-01-07 17:20:00+00:00,1.0447079169801041,1.044825159847878,1.044635371438458,1.0447114194994602,284
2024-01-07 17:25:00+00:00,1.0447114194994602,1.0447972577371185,1.0439885899227588,1.0441253706563227,547
2024-01-07 17:30:00+00:00,1.0441253706563227,1.0441555239376874,1.0437618326728602,1.0437926735845284,245
2024-01-07 17:35:00+00:00,1.0437926735845284,1.043806915858139,1.0431509429925023,1.0433951875014995,112
2024-01-07 17:40:00+00:00,1.0433951875014995,1.0435251994045953,1.0426336309761262,1.0427510900519674,646
2024-01-07 17:45:00+00:00,1.0427510900519674,1.0431378429644205,1.042669135320408,1.0428213854794437,970
2024-01-07 17:50:00+00:00,1.0428213854794437,1.0429091277931215,1.04190767852454,1.0422019936092413,619
2024-01-07 17:55:00+00:00,1.0422019936092413,1.0422582452632545,1.04107147609708,1.0410866466443407,156
2024-01-07 18:00:00+00:00,1.0410866466443407,1.0411079251498108,1.0408999819120603,1.0409098303253512,407
2024-01-07 18:05:00+00:00,1.0409098303253512,1.0410971245312992,1.0399905547165889,1.0399923431532005,705
2024-01-07 18:10:00+00:00,1.0399923431532005,1.04029739680813,1.0393812790257546,1.0396220222282588,598
2024-01-07 18:15:00+00:00,1.0396220222282588,1.0397404352449133,1.0391698609006654,1.0391702529769715,1254
2024-01-07 18:20:00+00:00,1.0391702529769715,1.0393857541258291,1.0386373568820608,1.0387383654690487,937
2024-01-07 18:25:00+00:00,1.0387383654690487,1.039917972407014,1.0386467992998893,1.039798378807113,1498
2024-01-07 18:30:00+00:00,1.039798378807113,1.0401152085299934,1.0396710669628797,1.0398485031027336,345
2024-01-07 18:35:00+00:00,1.0398485031027336,1.0402856067101982,1.0397652936696578,1.039996874411,618
2024-01-07 18:40:00+00:00,1.039996874411,1.0401452557316988,1.0390294470688957,1.0390939500105358,222
2024-01-07 18:45:00+00:00,1.0390939500105358,1.0392040493110195,1.0387454553091808,1.03877496732169,128
2024-01-07 18:50:00+00:00,1.03877496732169,1.0389395509007304,1.0386868046870943,1.0389075683122275,1393
2024-01-07 18:55:00+00:00,1.0389075683122275,1.0389140101543346,1.0381644137422248,1.0383961510428037,790
2024-01-07 19:00:00+00:00,1.0383961510428037,1.0389410297384867,1.0383707681568712,1.0388883834466316,1023
2024-01-07 19:05:00+00:00,1.0388883834466316,1.038985195108895,1.0382123551444786,1.0382844274583487,486
2024-01-07 19:10:00+00:00,1.0382844274583487,1.0383966163807796,1.0377108067543752,1.0381565283971879,172
2024-01-07 19:15:00+00:00,1.0381565283971879,1.0381862881210828,1.0378488258628877,1.0378730848597466,1349
2024-01-07 19:20:00+00:00,1.0378730848597466,1.0383458068889952,1.0377802379712724,1.037979114316273,1021
2024-01-07 19:25:00+00:00,1.037979114316273,1.0382473940147028,1.0374529334092786,1.037667466239803,1096
2024-01-07 19:30:00+00:00,1.037667466239803,1.0377017831350255,1.037344507663469,1.0375476708373161,846
2024-01-07 19:35:00+00:00,1.0375476708373161,1.0376185738005619,1.03739145267466,1.0374459236773634,666
2024-01-07 19:40:00+00:00,1.0374459236773634,1.0376727799069663,1.0369626238129015,1.037085728803185,691
2024-01-07 19:45:00+00:00,1.037085728803185,1.0374047392523489,1.0370334131358665,1.0373580124818351,1166
2024-01-07 19:50:00+00:00,1.0373580124818351,1.0377271831974955,1.0372569138264922,1.0375024066874448,418
2024-01-07 19:55:00+00:00,1.0375024066874448,1.037695652582732,1.037378531388861,1.0374771881448455,577
2024-01-07 20:00:00+00:00,1.0374771881448455,1.0378502716733105,1.0372715693459493,1.0372746423379016,530
2024-01-07 20:05:00+00:00,1.0372746423379016,1.037877720817805,1.037249873754056,1.0377085052929305,830
2024-01-07 20:10:00+00:00,1.0377085052929305,1.0377410689737978,1.0375707813722401,1.0376068958627136,1454
2024-01-07 20:15:00+00:00,1.0376068958627136,1.0378286966841161,1.037416182309235,1.0374685323902355,1391
2024-01-07 20:20:00+00:00,1.0374685323902355,1.0377254645116276,1.0374024116371416,1.0375435880667152,862
2024-01-07 20:25:00+00:00,1.0375435880667152,1.0384894368349011,1.0373732567015315,1.0384444802557344,380
2024-01-07 20:30:00+00:00,1.0384444802557344,1.0386694463335722,1.0377605245506063,1.0377693063924416,1416
2024-01-07 20:35:00+00:00,1.0377693063924416,1.0384802830549236,1.0376421583886455,1.0381895287055332,538
2024-01-07 20:40:00+00:00,1.0381895287055332,1.0382768079145197,1.0372051077586733,1.0372275572582847,598
2024-01-07 20:45:00+00:00,1.0372275572582847,1.0374437914806325,1.037110280922686,1.0373609826630135,1339
2024-01-07 20:50:00+00:00,1.0373609826630135,1.0385053617684434,1.0370829915032436,1.0381986946175787,468
2024-01-07 20:55:00+00:00,1.0381986946175787,1.0387197046030527,1.037921378426878,1.0384731261035725,746
2024-01-07 21:00:00+00:00,1.0384731261035725,1.0388332505402085,1.0383300853424111,1.038582490345446,1383
2024-01-07 21:05:00+00:00,1.038582490345446,1.0386696488231002,1.0380754711769935,1.0383122254927417,545
2024-01-07 21:10:00+00:00,1.0383122254927417,1.0384187328624035,1.0381151745931334,1.0383491100811688,974
2024-01-07 21:15:00+00:00,1.0383491100811688,1.0385394401563262,1.0382233673532197,1.0382390124633412,152
2024-01-07 21:20:00+00:00,1.0382390124633412,1.0384084300271041,1.0377895611650882,1.0378517614549714,1493
2024-01-07 21:25:00+00:00,1.0378517614549714,1.037914580911835,1.0376814941555796,1.0377220945311385,686
2024-01-07 21:30:00+00:00,1.0377220945311385,1.0380189455775521,1.0376745360893858,1.0378457812297897,1038
2024-01-07 21:35:00+00:00,1.0378457812297897,1.0379610263756784,1.03726721484304,1.0374684116464834,800
2024-01-07 21:40:00+00:00,1.0374684116464834,1.0375715825962422,1.0368986755948335,1.0370709150547937,707
2024-01-07 21:45:00+00:00,1.0370709150547937,1.0372596153666471,1.0363394901305683,1.0363863220198344,668
2024-01-07 21:50:00+00:00,1.0363863220198344,1.0366915905805705,1.0363637222276525,1.0366095207826296,124
2024-01-07 21:55:00+00:00,1.0366095207826296,1.0369652670201022,1.0364344444152507,1.0369128966156749,488
2024-01-07 22:00:00+00:00,1.0369128966156749,1.0370968852604074,1.0367900772370091,1.0370537407247393,632
2024-01-07 22:05:00+00:00,1.0370537407247393,1.0375802729687802,1.0369887857493676,1.0375749486345145,616
2024-01-07 22:10:00+00:00,1.0375749486345145,1.0377496468037768,1.0375092985273724,1.0376412847630025,482
2024-01-07 22:15:00+00:00,1.0376412847630025,1.0380339321243723,1.037597289998466,1.0378654209550424,999
2024-01-07 22:20:00+00:00,1.0378654209550424,1.0380921333214657,1.0378453525387117,1.0380438494422923,1260
2024-01-07 22:25:00+00:00,1.0380438494422923,1.0382064416784005,1.0378867017544364,1.0380170990422135,1347
2024-01-07 22:30:00+00:00,1.0380170990422135,1.038028947147753,1.0376170577010027,1.0377623583171227,1461
2024-01-07 22:35:00+00:00,1.0377623583171227,1.039005341621472,1.0375448350355554,1.038931995684408,1009
2024-01-07 22:40:00+00:00,1.038931995684408,1.0391596348230001,1.038633372939593,1.0386816385377475,675
2024-01-07 22:45:00+00:00,1.0386816385377475,1.038820397310532,1.038310859171505,1.0383202408371432,1004
2024-01-07 22:50:00+00:00,1.0383202408371432,1.0386420211993526,1.0381269955355388,1.0385299866257358,285
2024-01-07 22:55:00+00:00,1.0385299866257358,1.0386775658846474,1.038313803072555,1.0386451878572107,1243
2024-01-07 23:00:00+00:00,1.0386451878572107,1.0387637544874804,1.037871687156851,1.0379000681889587,848
2024-01-07 23:05:00+00:00,1.0379000681889587,1.0385772493875682,1.0377820931135855,1.0384671136064192,331
2024-01-07 23:10:00+00:00,1.0384671136064192,1.03871714531282,1.0381763838177869,1.0384026276153242,696
2024-01-07 23:15:00+00:00,1.0384026276153242,1.0386486852222332,1.037659978527858,1.037810254691724,521
2024-01-07 23:20:00+00:00,1.037810254691724,1.0384635608100783,1.0377119022431605,1.038411553710149,589
2024-01-07 23:25:00+00:00,1.038411553710149,1.03874820004208,1.0382324570620425,1.0387208319080534,170
2024-01-07 23:30:00+00:00,1.0387208319080534,1.0389474772421152,1.0380440649313531,1.0380484980406455,122
2024-01-07 23:35:00+00:00,1.0380484980406455,1.0390498860436628,1.0380026019415394,1.0389553283022113,589
2024-01-07 23:40:00+00:00,1.0389553283022113,1.039344494131918,1.03892236748399,1.0392819744903545,522
2024-01-07 23:45:00+00:00,1.0392819744903545,1.0393432866103962,1.0388471759211069,1.0392610869411476,1498
2024-01-07 23:50:00+00:00,1.0392610869411476,1.0400955194347559,1.0390838742465007,1.040071824287046,467
2024-01-07 23:55:00+00:00,1.040071824287046,1.040242283884217,1.0400522122569809,1.040139063777998,561
2024-01-08 00:00:00+00:00,1.040139063777998,1.0403696370678241,1.0400519528394274,1.0401088565403178,1381
2024-01-08 00:05:00+00:00,1.0401088565403178,1.0401850244357564,1.0394707409102308,1.0397498629081452,1303
2024-01-08 00:10:00+00:00,1.0397498629081452,1.0401626702766271,1.0397415030528854,1.040036756117453,179
2024-01-08 00:15:00+00:00,1.040036756117453,1.0402837454746308,1.039861676732337,1.040268997868157,220
2024-01-08 00:20:00+00:00,1.040268997868157,1.0402883492618378,1.040224419548224,1.040261029480395,232
2024-01-08 00:25:00+00:00,1.040261029480395,1.0404505735921339,1.0398315035150472,1.0398345295560778,743
2024-01-08 00:30:00+00:00,1.0398345295560778,1.039980134248558,1.0397185617602298,1.0398864848125255,901
2024-01-08 00:35:00+00:00,1.0398864848125255,1.0400061765836806,1.0396681971998185,1.0398345951082681,592
2024-01-08 00:40:00+00:00,1.0398345951082681,1.03984112336805,1.0390541589950468,1.0391257012251875,118
2024-01-08 00:45:00+00:00,1.0391257012251875,1.039358189990537,1.0382114074580766,1.0383454153188483,382
2024-01-08 00:50:00+00:00,1.0383454153188483,1.0388243648293831,1.0382908488432983,1.038623252347538,960
2024-01-08 00:55:00+00:00,1.038623252347538,1.0386539404404351,1.0368172376215359,1.0372564821467407,621
2024-01-08 01:00:00+00:00,1.0372564821467407,1.0373882667312149,1.03706684794548,1.0373474549998045,272
2024-01-08 01:05:00+00:00,1.0373474549998045,1.0374262839524686,1.0370018266112677,1.0370839256663598,1011
2024-01-08 01:10:00+00:00,1.0370839256663598,1.037774839385259,1.0369437079917454,1.0377467501708761,958
2024-01-08 01:15:00+00:00,1.0377467501708761,1.038008310156654,1.0373579970086717,1.0374751364544426,786
2024-01-08 01:20:00+00:00,1.0374751364544426,1.0378138890217494,1.0373992883560714,1.0378016735649809,1416
2024-01-08 01:25:00+00:00,1.0378016735649809,1.0378648200554146,1.0374750430306015,1.0375801476155286,1282
2024-01-08 01:30:00+00:00,1.0375801476155286,1.0376951314449685,1.0372558689845224,1.037623595326257,155
2024-01-08 01:35:00+00:00,1.037623595326257,1.0381791783350691,1.037376231252436,1.0379903104575177,1366
2024-01-08 01:40:00+00:00,1.0379903104575177,1.0380769659048414,1.037702938719331,1.037734676427065,169
2024-01-08 01:45:00+00:00,1.037734676427065,1.0383638949832628,1.0375407402876498,1.038236190187222,774
2024-01-08 01:50:00+00:00,1.038236190187222,1.0384072107758637,1.0373882400606405,1.037704770095307,1362
2024-01-08 01:55:00+00:00,1.037704770095307,1.038043334078695,1.0376648337413192,1.037842054722735,1474
2024-01-08 02:00:00+00:00,1.037842054722735,1.0383250815646925,1.0377543307682506,1.0383052642447477,131
2024-01-08 02:05:00+00:00,1.0383052642447477,1.0388115488077203,1.0382161589399725,1.0386323498669463,200
2024-01-08 02:10:00+00:00,1.0386323498669463,1.0399476364894746,1.038582951922578,1.0396120112045553,437
2024-01-08 02:15:00+00:00,1.0396120112045553,1.0399267431697243,1.0391425171749054,1.0391995766823363,486
2024-01-08 02:20:00+00:00,1.0391995766823363,1.0392658701118709,1.0383024315690308,1.0384673830295945,491
2024-01-08 02:25:00+00:00,1.0384673830295945,1.038489361472435,1.0379266441888098,1.0379355137298623,683
2024-01-08 02:30:00+00:00,1.0379355137298623,1.038351690256234,1.0379074634632448,1.0382626930944563,546
2024-01-08 02:35:00+00:00,1.0382626930944563,1.038618719921783,1.0381855538037832,1.0385056065574039,915
2024-01-08 02:40:00+00:00,1.0385056065574039,1.0385857920726929,1.0383514979859576,1.0385431260304814,1295
2024-01-08 02:45:00+00:00,1.0385431260304814,1.038698500065994,1.0379210003747774,1.037944428221502,864
2024-01-08 02:50:00+00:00,1.037944428221502,1.0384076866303353,1.0377457388340745,1.038326841872227,564
2024-01-08 02:55:00+00:00,1.038326841872227,1.0386010973951831,1.0376587002642328,1.037675445047597,895
2024-01-08 03:00:00+00:00,1.037675445047597,1.0383425335399334,1.0372690275944918,1.0382611866777616,968
2024-01-08 03:05:00+00:00,1.0382611866777616,1.0400353997416212,1.03800483916115,1.0397289964639953,1354
2024-01-08 03:10:00+00:00,1.0397289964639953,1.0400444607812522,1.039265111043125,1.0399039054704873,1426
2024-01-08 03:15:00+00:00,1.0399039054704873,1.0404732440141682,1.0398940248515505,1.0401914951256963,488
2024-01-08 03:20:00+00:00,1.0401914951256963,1.0405989021455402,1.0397741585846183,1.039919557983322,1385
2024-01-08 03:25:00+00:00,1.039919557983322,1.0400091487340346,1.038934306426227,1.0389627210715924,1243
2024-01-08 03:30:00+00:00,1.0389627210715924,1.0391957932435198,1.0385623552427088,1.038634035156048,279
2024-01-08 03:35:00+00:00,1.038634035156048,1.0386382094433393,1.038009328181966,1.0380508965483881,881
2024-01-08 03:40:00+00:00,1.0380508965483881,1.0382161164023715,1.0371983769639626,1.0372842935860112,313
2024-01-08 03:45:00+00:00,1.0372842935860112,1.038269235678286,1.0371056001061,1.0381620227794743,786
2024-01-08 03:50:00+00:00,1.0381620227794743,1.0383855435667524,1.037976915067223,1.0382880881009597,162
2024-01-08 03:55:00+00:00,1.0382880881009597,1.0385090659293739,1.0382793675725153,1.038469626325714,519
2024-01-08 04:00:00+00:00,1.038469626325714,1.038715588341403,1.0381479696541411,1.0382935941112634,923
2024-01-08 04:05:00+00:00,1.0382935941112634,1.038361914063489,1.0380131811655424,1.0381882742385977,525
2024-01-08 04:10:00+00:00,1.0381882742385977,1.038819214826566,1.0379476537204202,1.0386733940185888,114
2024-01-08 04:15:00+00:00,1.0386733940185888,1.0390105593789403,1.0385545204680395,1.0386410200652647,643
2024-01-08 04:20:00+00:00,1.0386410200652647,1.038914375928443,1.0385519552893216,1.0389010406965298,857
2024-01-08 04:25:00+00:00,1.0389010406965298,1.0389650190746682,1.0384495788739798,1.0387836426464132,1168
2024-01-08 04:30:00+00:00,1.0387836426464132,1.0388184857724723,1.03848363108476,1.0385903494786852,291
2024-01-08 04:35:00+00:00,1.0385903494786852,1.0387400867696601,1.037508689173383,1.0378441668859737,767
2024-01-08 04:40:00+00:00,1.0378441668859737,1.0379011296239418,1.0367118174719088,1.0368023015594994,378
2024-01-08 04:45:00+00:00,1.0368023015594994,1.0368098889469173,1.0365803185153568,1.036651155534463,315
2024-01-08 04:50:00+00:00,1.036651155534463,1.036848569894621,1.0365292322117752,1.0366648894476493,270
2024-01-08 04:55:00+00:00,1.0366648894476493,1.0370192249802255,1.0356289281885858,1.0359826965481476,1163
2024-01-08 05:00:00+00:00,1.0359826965481476,1.0360742800864324,1.0357306779429878,1.0359492991258785,1387
2024-01-08 05:05:00+00:00,1.0359492991258785,1.0360134861302703,1.0359200973839602,1.0359616023513698,1028
2024-01-08 05:10:00+00:00,1.0359616023513698,1.0361033713332948,1.0346909227474133,1.0348292921730147,629
2024-01-08 05:15:00+00:00,1.0348292921730147,1.0348815320462235,1.0340883012858457,1.0343402708318226,1428
2024-01-08 05:20:00+00:00,1.0343402708318226,1.0347258567199824,1.0342830878134532,1.0345353804508333,796
2024-01-08 05:25:00+00:00,1.0345353804508333,1.0348813588426116,1.0344332474088187,1.0347200753950627,841
2024-01-08 05:30:00+00:00,1.0347200753950627,1.0347410460198918,1.0340429944118208,1.0341076892956924,988
2024-01-08 05:35:00+00:00,1.0341076892956924,1.0343099541480019,1.0339134391611338,1.034174103854041,1016
2024-01-08 05:40:00+00:00,1.034174103854041,1.0348219916004369,1.034101967093632,1.0346872647805139,789
2024-01-08 05:45:00+00:00,1.0346872647805139,1.0350873235751752,1.0346510856474624,1.0350737582187788,771
2024-01-08 05:50:00+00:00,1.0350737582187788,1.0351813666425331,1.0348954827880967,1.0350089182035707,545
2024-01-08 05:55:00+00:00,1.0350089182035707,1.0351075391366742,1.0346909770095598,1.0347512132408982,1053
2024-01-08 06:00:00+00:00,1.0347512132408982,1.0348812587062872,1.0342134235951284,1.0344100844883437,1041
2024-01-08 06:05:00+00:00,1.0344100844883437,1.0346430680826042,1.034161240774751,1.034636527087659,710
2024-01-08 06:10:00+00:00,1.034636527087659,1.0348843145424955,1.034604002810295,1.0347219383883495,1096
2024-01-08 06:15:00+00:00,1.0347219383883495,1.0352936296802235,1.0347106662537677,1.0350320466258855,292
2024-01-08 06:20:00+00:00,1.0350320466258855,1.0352139203663675,1.0349459869128919,1.0350847679565318,682
2024-01-08 06:25:00+00:00,1.0350847679565318,1.0355779145150232,1.035012189397241,1.0354929867317906,1481
2024-01-08 06:30:00+00:00,1.0354929867317906,1.0355777480771615,1.035432645407638,1.0355264292892272,1127
2024-01-08 06:35:00+00:00,1.0355264292892272,1.0361098143973055,1.0353104371797006,1.0359171793449478,1108
2024-01-08 06:40:00+00:00,1.0359171793449478,1.036556166831782,1.0357959545683846,1.0363526907212512,1308
2024-01-08 06:45:00+00:00,1.0363526907212512,1.0363597074581132,1.035906444324531,1.0359202587618954,952
2024-01-08 06:50:00+00:00,1.0359202587618954,1.0359467825905135,1.034819406528104,1.0349681734335574,1027
2024-01-08 06:55:00+00:00,1.0349681734335574,1.0358103797831342,1.0348476853951623,1.0357513819019044,773
2024-01-08 07:00:00+00:00,1.0357513819019044,1.036061304018881,1.0357489532542652,1.0358687629486822,1256
2024-01-08 07:05:00+00:00,1.0358687629486822,1.0360753335896804,1.0349593351061732,1.0349652337254078,1096
2024-01-08 07:10:00+00:00,1.0349652337254078,1.0350536918854816,1.0343768240289177,1.0345803200655135,832
2024-01-08 07:15:00+00:00,1.0345803200655135,1.0351242228458264,1.0345541712349606,1.0349640843369377,277
2024-01-08 07:20:00+00:00,1.0349640843369377,1.0349930183720386,1.034798935754805,1.0348038321379507,1228
2024-01-08 07:25:00+00:00,1.0348038321379507,1.0348251667391948,1.034437231376812,1.0345233685209678,556
2024-01-08 07:30:00+00:00,1.0345233685209678,1.0352974520372287,1.0343391892518952,1.0352324731809555,602
2024-01-08 07:35:00+00:00,1.0352324731809555,1.0352860180564063,1.0346733044464829,1.0346748518625168,274
2024-01-08 07:40:00+00:00,1.0346748518625168,1.0347652337021809,1.034032059110424,1.0342464171361396,403
2024-01-08 07:45:00+00:00,1.0342464171361396,1.0344272995452695,1.0339241201224763,1.0343402162921076,276
2024-01-08 07:50:00+00:00,1.0343402162921076,1.0346790142837259,1.034141602914365,1.0345266328082998,236
2024-01-08 07:55:00+00:00,1.0345266328082998,1.034921559343774,1.0343439760351025,1.0347678549528248,129
2024-01-08 08:00:00+00:00,1.0347678549528248,1.0354049756070431,1.0346978447303843,1.0352237933533657,512
2024-01-08 08:05:00+00:00,1.0352237933533657,1.03533994970441,1.035148768628854,1.0353110516529558,1158
2024-01-08 08:10:00+00:00,1.0353110516529558,1.035780944909797,1.03526696283971,1.0355488542874232,1309
2024-01-08 08:15:00+00:00,1.0355488542874232,1.0355666780050807,1.0352791762554743,1.0353991091288566,418
2024-01-08 08:20:00+00:00,1.0353991091288566,1.0354462306702785,1.035132989797575,1.0354160370258771,693
2024-01-08 08:25:00+00:00,1.0354160370258771,1.0356339546005777,1.03536252922478,1.0354561770925998,1264
2024-01-08 08:30:00+00:00,1.0354561770925998,1.0356079488508634,1.0353439435787315,1.0355520075966511,1089
2024-01-08 08:35:00+00:00,1.0355520075966511,1.0361554794645802,1.035507271787906,1.0359364768908825,1366
2024-01-08 08:40:00+00:00,1.0359364768908825,1.036302877878209,1.035873862632927,1.0362084856746867,688
2024-01-08 08:45:00+00:00,1.0362084856746867,1.0362416463934025,1.0361748580686043,1.0362158515642097,335
2024-01-08 08:50:00+00:00,1.0362158515642097,1.0364716595547525,1.0357182434541305,1.0357810937406822,300
2024-01-08 08:55:00+00:00,1.0357810937406822,1.0358552104564729,1.0356988250003358,1.0358006033291216,1092
2024-01-08 09:00:00+00:00,1.0358006033291216,1.0358093831293917,1.0357278798603675,1.0357705559008221,136
2024-01-08 09:05:00+00:00,1.0357705559008221,1.035935304791223,1.03575767756039,1.03585506523864,744
2024-01-08 09:10:00+00:00,1.03585506523864,1.0370432494539996,1.0355842007859957,1.0369823476206508,594
2024-01-08 09:15:00+00:00,1.0369823476206508,1.0371070156192337,1.036673134889324,1.0366952213226808,1386
2024-01-08 09:20:00+00:00,1.0366952213226808,1.0370184565512996,1.0366886025166742,1.0368985633984331,1497
2024-01-08 09:25:00+00:00,1.0368985633984331,1.0375207009617404,1.0368825612787722,1.0374369533112677,778
2024-01-08 09:30:00+00:00,1.0374369533112677,1.0374751567377904,1.0374030433588664,1.037472227160559,912
2024-01-08 09:35:00+00:00,1.037472227160559,1.0386924417577728,1.0374044767023656,1.0386693897684236,630
2024-01-08 09:40:00+00:00,1.0386693897684236,1.0386991040032885,1.0384249752411447,1.0384574808073515,1187
2024-01-08 09:45:00+00:00,1.0384574808073515,1.0386761299827945,1.0383787062471566,1.038610180383823,512
2024-01-08 09:50:00+00:00,1.038610180383823,1.0386649260355587,1.0381571167431571,1.0381797773417198,1142
2024-01-08 09:55:00+00:00,1.0381797773417198,1.0385702977156377,1.0378586507358258,1.037981731709429,1365
2024-01-08 10:00:00+00:00,1.037981731709429,1.0382153693392766,1.0379649145674417,1.0380953564091508,340
2024-01-08 10:05:00+00:00,1.0380953564091508,1.0386059768220346,1.0380043889003328,1.0385190571374008,416
2024-01-08 10:10:00+00:00,1.0385190571374008,1.0391823560927318,1.0384860454943246,1.0386691723846275,629
2024-01-08 10:15:00+00:00,1.0386691723846275,1.0393731285783527,1.0383562662692958,1.0393074942362897,1258
2024-01-08 10:20:00+00:00,1.0393074942362897,1.0395226278734857,1.0391505246595556,1.0392425555443805,997
2024-01-08 10:25:00+00:00,1.0392425555443805,1.0393739190048883,1.039035633438172,1.0390543650701367,371
2024-01-08 10:30:00+00:00,1.0390543650701367,1.0405855996360822,1.0388995618490875,1.0404435730190622,615
2024-01-08 10:35:00+00:00,1.0404435730190622,1.040774957298201,1.0403228914109874,1.040633057379769,1000
2024-01-08 10:40:00+00:00,1.040633057379769,1.040665987528035,1.0400248844207134,1.0402430897434485,1450
2024-01-08 10:45:00+00:00,1.0402430897434485,1.0403117139324478,1.0397033219209328,1.0398663845565332,731
2024-01-08 10:50:00+00:00,1.0398663845565332,1.0401173820402767,1.0393517122923919,1.039360655983506,204
2024-01-08 10:55:00+00:00,1.039360655983506,1.0399201265629052,1.0390069306195437,1.039831782243705,246
2024-01-08 11:00:00+00:00,1.039831782243705,1.0399835440448322,1.0395989297909354,1.0396267392220324,140
2024-01-08 11:05:00+00:00,1.0396267392220324,1.0397451759595266,1.0395633959549622,1.039677349538577,276
2024-01-08 11:10:00+00:00,1.039677349538577,1.039746661374254,1.039541902634024,1.0396287401131776,677
2024-01-08 11:15:00+00:00,1.0396287401131776,1.0400887566303416,1.039513695977588,1.039993385947311,494
2024-01-08 11:20:00+00:00,1.039993385947311,1.0401820223488976,1.0395176450809933,1.0395374819184269,521
2024-01-08 11:25:00+00:00,1.0395374819184269,1.0395584917053984,1.0388872260517004,1.038962840003219,1173
2024-01-08 11:30:00+00:00,1.038962840003219,1.0393445770787946,1.0386734851780084,1.039063773844256,767
2024-01-08 11:35:00+00:00,1.039063773844256,1.039492999807438,1.0388655098954185,1.039360405398792,1120
2024-01-08 11:40:00+00:00,1.039360405398792,1.0395506793921019,1.0393223090479375,1.0395176254525855,858
2024-01-08 11:45:00+00:00,1.0395176254525855,1.0395568391548191,1.038967230979524,1.0390813119790112,387
2024-01-08 11:50:00+00:00,1.0390813119790112,1.039439103683894,1.0389054333849321,1.0394177066786146,1427
2024-01-08 11:55:00+00:00,1.0394177066786146,1.0396127906409691,1.0388954039160754,1.0390155243035497,766
2024-01-08 12:00:00+00:00,1.0390155243035497,1.0390295622650128,1.0385266878561707,1.0387289956964567,1270
2024-01-08 12:05:00+00:00,1.0387289956964567,1.0387634586188237,1.0382022925051955,1.0382231588131619,235
2024-01-08 12:10:00+00:00,1.0382231588131619,1.0389478713970488,1.0381322651266074,1.0388830318312066,1289
2024-01-08 12:15:00+00:00,1.0388830318312066,1.0392491109462938,1.0388011543957143,1.0391964740312138,1102
2024-01-08 12:20:00+00:00,1.0391964740312138,1.039498561930731,1.0390244517551928,1.0394952395755124,449
2024-01-08 12:25:00+00:00,1.0394952395755124,1.0402485930906675,1.0393985167109439,1.0401278823144295,1210
2024-01-08 12:30:00+00:00,1.0401278823144295,1.0416786400448377,1.040126507412312,1.0415750378493267,1139
2024-01-08 12:35:00+00:00,1.0415750378493267,1.041601153253103,1.0406325382713786,1.0406692706018223,1350
2024-01-08 12:40:00+00:00,1.0406692706018223,1.0408826930681747,1.0401468734741717,1.0402694576538378,393
2024-01-08 12:45:00+00:00,1.0402694576538378,1.0405488827796643,1.039919174693862,1.039933359551656,1340
2024-01-08 12:50:00+00:00,1.039933359551656,1.039955493129081,1.0393368337233433,1.0394753626971243,1166
2024-01-08 12:55:00+00:00,1.0394753626971243,1.039487974618493,1.0386406142992795,1.0388997099481143,573
2024-01-08 13:00:00+00:00,1.0388997099481143,1.038953086669669,1.0387274949475953,1.038728471711799,590
2024-01-08 13:05:00+00:00,1.038728471711799,1.0388045707757598,1.0379329817091436,1.0380810303257926,456
2024-01-08 13:10:00+00:00,1.0380810303257926,1.038479824949244,1.0379171146052928,1.0382393596733859,767
2024-01-08 13:15:00+00:00,1.0382393596733859,1.038466482906076,1.0381987108094675,1.0382506236990587,1355
2024-01-08 13:20:00+00:00,1.0382506236990587,1.0385539884621395,1.0381657075474462,1.0384847640953074,1272
2024-01-08 13:25:00+00:00,1.0384847640953074,1.0387495705453076,1.0382952193691826,1.038732820954508,304
2024-01-08 13:30:00+00:00,1.038732820954508,1.039126913830287,1.0385264844921316,1.039030421467151,283
2024-01-08 13:35:00+00:00,1.039030421467151,1.0390419230635117,1.0386774731633965,1.0388208443883253,183
2024-01-08 13:40:00+00:00,1.0388208443883253,1.0399366781877777,1.038519746432545,1.0399070060659559,959
2024-01-08 13:45:00+00:00,1.0399070060659559,1.0400660459394135,1.0396770158449185,1.0400133007410997,539
2024-01-08 13:50:00+00:00,1.0400133007410997,1.0400821222297818,1.0389367032004515,1.03902919608401,1165
2024-01-08 13:55:00+00:00,1.03902919608401,1.0390685125743242,1.0384484858971008,1.03849286181342,1164
2024-01-08 14:00:00+00:00,1.03849286181342,1.0385246741094436,1.0373399909748389,1.0375735344554575,376
2024-01-08 14:05:00+00:00,1.0375735344554575,1.0376673730242516,1.0374710402857994,1.037566963828659,1071
2024-01-08 14:10:00+00:00,1.037566963828659,1.0376633232366335,1.0374416059934166,1.0374882097859521,1170
2024-01-08 14:15:00+00:00,1.0374882097859521,1.0375987234999697,1.0370706684504376,1.0372296543934396,1481
2024-01-08 14:20:00+00:00,1.0372296543934396,1.038398139683591,1.03715319392636,1.0382569920469118,1111
2024-01-08 14:25:00+00:00,1.0382569920469118,1.038615604684245,1.0380583064199786,1.0385264108457932,603
2024-01-08 14:30:00+00:00,1.0385264108457932,1.0389702931863898,1.0383230812077096,1.0388878691122474,1499
2024-01-08 14:35:00+00:00,1.0388878691122474,1.0390549303494543,1.038322893730635,1.0383886453182731,486
2024-01-08 14:40:00+00:00,1.0383886453182731,1.0385468431456548,1.037725911037004,1.0378543191335003,1227
2024-01-08 14:45:00+00:00,1.0378543191335003,1.0380087114998384,1.037729048441856,1.0378578506918164,629
2024-01-08 14:50:00+00:00,1.0378578506918164,1.03804087538432,1.0375088930612597,1.0379320612331129,1409
2024-01-08 14:55:00+00:00,1.0379320612331129,1.0381275154200078,1.036919280796716,1.0369531296066214,1195
2024-01-08 15:00:00+00:00,1.0369531296066214,1.0370418797343794,1.0367584864444135,1.0368440903438603,939
2024-01-08 15:05:00+00:00,1.0368440903438603,1.0368733515385442,1.0367686725436316,1.0368358329604883,400
2024-01-08 15:10:00+00:00,1.0368358329604883,1.0369932291503101,1.0366954704322036,1.0367087432407425,363
2024-01-08 15:15:00+00:00,1.0367087432407425,1.0368382724106877,1.0360372824853596,1.03627156813352,1426
2024-01-08 15:20:00+00:00,1.03627156813352,1.0364031854378544,1.0359763892909515,1.0359764715754816,1222
2024-01-08 15:25:00+00:00,1.0359764715754816,1.0360913011610475,1.0358625498838872,1.0358693209467462,817
2024-01-08 15:30:00+00:00,1.0358693209467462,1.035984335524107,1.0355897919559234,1.0359008113863315,1328
2024-01-08 15:35:00+00:00,1.0359008113863315,1.0362099628589456,1.035621894609198,1.0361985249197023,1196
2024-01-08 15:40:00+00:00,1.0361985249197023,1.0368245193181165,1.036154867265802,1.0367429727444386,642
2024-01-08 15:45:00+00:00,1.0367429727444386,1.036869709799692,1.0363745556480206,1.0365748401328925,1258
2024-01-08 15:50:00+00:00,1.0365748401328925,1.036775402675171,1.036285288492643,1.0363228714922585,1214
2024-01-08 15:55:00+00:00,1.0363228714922585,1.036653014797805,1.0362962367198383,1.036534102941347,770
2024-01-08 16:00:00+00:00,1.036534102941347,1.036942962050913,1.0364045477319659,1.036835135723537,127
2024-01-08 16:05:00+00:00,1.036835135723537,1.0368413305700588,1.0364494760246983,1.0365944860639265,1137
2024-01-08 16:10:00+00:00,1.0365944860639265,1.0370352782959902,1.0363105855720232,1.0369885959066576,575
2024-01-08 16:15:00+00:00,1.0369885959066576,1.0376565250587637,1.036890722551231,1.037480950491467,610
2024-01-08 16:20:00+00:00,1.037480950491467,1.0381631022567346,1.0373269849380244,1.038135438328274,1099
2024-01-08 16:25:00+00:00,1.038135438328274,1.0391076924813074,1.038117057283826,1.039042935273692,1235
2024-01-08 16:30:00+00:00,1.039042935273692,1.0391913942477478,1.038454519707002,1.0385772278457224,223
2024-01-08 16:35:00+00:00,1.0385772278457224,1.0388076568538769,1.0384941531293157,1.038568866369165,1253
2024-01-08 16:40:00+00:00,1.038568866369165,1.0388124840134298,1.0384886978615653,1.0385591441684656,510
2024-01-08 16:45:00+00:00,1.0385591441684656,1.0386170063686606,1.0384851353025188,1.0384926381806028,892
2024-01-08 16:50:00+00:00,1.0384926381806028,1.0385058937556528,1.03805763140089,1.0381399334099006,1315
2024-01-08 16:55:00+00:00,1.0381399334099006,1.038276236118617,1.037188033603554,1.037353250691344,405
2024-01-08 17:00:00+00:00,1.037353250691344,1.0374870212273504,1.0373399051764296,1.037385761054889,409
2024-01-08 17:05:00+00:00,1.037385761054889,1.037395960612259,1.0368056171817888,1.0369716596581529,1458
2024-01-08 17:10:00+00:00,1.0369716596581529,1.037090426054383,1.036951677287514,1.0370006914844834,622
2024-01-08 17:15:00+00:00,1.0370006914844834,1.0370291432768692,1.0364786060741955,1.036573424623206,1425
2024-01-08 17:20:00+00:00,1.036573424623206,1.036695810406612,1.0359688009845653,1.0359879377131027,600
2024-01-08 17:25:00+00:00,1.0359879377131027,1.0361114985071815,1.0356692730908874,1.0360937630316254,967
2024-01-08 17:30:00+00:00,1.0360937630316254,1.036352655294153,1.0360720978837235,1.0361564060514954,814
2024-01-08 17:35:00+00:00,1.0361564060514954,1.0365248414962611,1.0360941815898619,1.0364409770681517,1477
2024-01-08 17:40:00+00:00,1.0364409770681517,1.0377040418675458,1.0362958555833257,1.0375581898423976,870
2024-01-08 17:45:00+00:00,1.0375581898423976,1.0378294041031155,1.0374411379716433,1.0376864784815827,803
2024-01-08 17:50:00+00:00,1.0376864784815827,1.0379752882096693,1.0376226242622946,1.037922594579726,752
2024-01-08 17:55:00+00:00,1.037922594579726,1.0380880187113373,1.0371933844523353,1.0373478131156688,625
2024-01-08 18:00:00+00:00,1.0373478131156688,1.037522495722114,1.0364949525051876,1.0366647675889107,716
2024-01-08 18:05:00+00:00,1.0366647675889107,1.037575124201749,1.0365204443906757,1.037469649377683,744
2024-01-08 18:10:00+00:00,1.037469649377683,1.0375289306445443,1.036894461214986,1.0369750462111949,1169
2024-01-08 18:15:00+00:00,1.0369750462111949,1.0371571126528267,1.0363416402286456,1.0364182196096252,164
2024-01-08 18:20:00+00:00,1.0364182196096252,1.0366773151852564,1.0362565621090782,1.036382411919173,801
2024-01-08 18:25:00+00:00,1.036382411919173,1.0363888425938461,1.036297510562123,1.036320129267538,868
2024-01-08 18:30:00+00:00,1.036320129267538,1.0366058031859866,1.0358225243607577,1.0358369416358877,1154
2024-01-08 18:35:00+00:00,1.0358369416358877,1.0358819484220962,1.035580144680212,1.035663452818687,1032
2024-01-08 18:40:00+00:00,1.035663452818687,1.0364553230001465,1.0355708002832078,1.0362845276171713,704
2024-01-08 18:45:00+00:00,1.0362845276171713,1.0364309827555758,1.0356394464309044,1.0358513639961615,253
2024-01-08 18:50:00+00:00,1.0358513639961615,1.0359166537863895,1.0351137365658543,1.0351140074537544,620
2024-01-08 18:55:00+00:00,1.0351140074537544,1.0359500804679642,1.0349811124094233,1.0355863266738075,457
2024-01-08 19:00:00+00:00,1.0355863266738075,1.0359999667735982,1.0355506548293278,1.0358257008542406,385
2024-01-08 19:05:00+00:00,1.0358257008542406,1.0358982102274574,1.0352974417058973,1.0354887889011644,1109
2024-01-08 19:10:00+00:00,1.0354887889011644,1.0356926412588003,1.0345881172076328,1.0346540984656467,769
2024-01-08 19:15:00+00:00,1.0346540984656467,1.0347203602403428,1.0341060523480763,1.0342533648503935,1211
2024-01-08 19:20:00+00:00,1.0342533648503935,1.0343939909546256,1.03411255113622,1.034209561925979,293
2024-01-08 19:25:00+00:00,1.034209561925979,1.0348746380747031,1.0340907834185151,1.034796823393264,1480
2024-01-08 19:30:00+00:00,1.034796823393264,1.0349472238093465,1.034142647777351,1.0342449755735224,762
2024-01-08 19:35:00+00:00,1.0342449755735224,1.034318539342262,1.0340501772716524,1.034185754767494,454
2024-01-08 19:40:00+00:00,1.034185754767494,1.0346692272065556,1.034058155856078,1.0345193544760076,608
2024-01-08 19:45:00+00:00,1.0345193544760076,1.0345350605837131,1.0332176043095938,1.0332721031099217,1278
2024-01-08 19:50:00+00:00,1.0332721031099217,1.0338065262830434,1.0331367040736321,1.0337906952323312,1093
2024-01-08 19:55:00+00:00,1.0337906952323312,1.033838147795017,1.0331529133618287,1.033163985172343,340
2024-01-08 20:00:00+00:00,1.033163985172343,1.0335795129372563,1.033078939097394,1.0333199906061052,1486
2024-01-08 20:05:00+00:00,1.0333199906061052,1.0335434603541476,1.0332658999382665,1.0334319421211653,283
2024-01-08 20:10:00+00:00,1.0334319421211653,1.0341926702097188,1.0331393054701727,1.0339768637524978,485
2024-01-08 20:15:00+00:00,1.0339768637524978,1.034407710286013,1.033919368755097,1.034246175631302,1120
2024-01-08 20:20:00+00:00,1.034246175631302,1.0342574661198094,1.0329186014004166,1.0330013101389492,841
2024-01-08 20:25:00+00:00,1.0330013101389492,1.0331846325545087,1.0325766905846447,1.0325804761240562,724
2024-01-08 20:30:00+00:00,1.0325804761240562,1.0328115834526235,1.0325767498968836,1.0326363413760495,1396
2024-01-08 20:35:00+00:00,1.0326363413760495,1.0327014374127368,1.0324945935296532,1.0325201801728068,1211
2024-01-08 20:40:00+00:00,1.0325201801728068,1.0328372510717039,1.0323873850503782,1.0327512637284746,1447
2024-01-08 20:45:00+00:00,1.0327512637284746,1.033208652870921,1.0326993462975524,1.0331433821134752,495
2024-01-08 20:50:00+00:00,1.0331433821134752,1.0335258932945524,1.0330986353692648,1.0334421939051572,1290
2024-01-08 20:55:00+00:00,1.0334421939051572,1.0335376762033146,1.0331757302321984,1.0333159718888825,398
2024-01-08 21:00:00+00:00,1.0333159718888825,1.0336046533252174,1.0321895006479038,1.032346547387764,1228
2024-01-08 21:05:00+00:00,1.032346547387764,1.0324195911707106,1.0320806268275617,1.0320959549422255,868
2024-01-08 21:10:00+00:00,1.0320959549422255,1.0323830365012185,1.0320606419405454,1.0322953394436318,937
2024-01-08 21:15:00+00:00,1.0322953394436318,1.032399418811339,1.0315096393219578,1.0317170232051818,261
2024-01-08 21:20:00+00:00,1.0317170232051818,1.0322533610312294,1.0314328757187514,1.0320271958925264,1330
2024-01-08 21:25:00+00:00,1.0320271958925264,1.0325517347255213,1.0318301580397846,1.0324804587782612,490
2024-01-08 21:30:00+00:00,1.0324804587782612,1.032687940693877,1.032344142249631,1.0325304654083245,937
2024-01-08 21:35:00+00:00,1.0325304654083245,1.032621826843937,1.0309005430363154,1.030933254425707,332
2024-01-08 21:40:00+00:00,1.030933254425707,1.031267577077161,1.0301680998348892,1.0302589785292837,1396
2024-01-08 21:45:00+00:00,1.0302589785292837,1.0312543313840679,1.030116339012916,1.0312151563025094,548
2024-01-08 21:50:00+00:00,1.0312151563025094,1.0313296481157068,1.0307147126787632,1.0309178890473332,1167
2024-01-08 21:55:00+00:00,1.0309178890473332,1.031096121747212,1.0295929289485009,1.0298796809074195,1171
2024-01-08 22:00:00+00:00,1.0298796809074195,1.0306467980221592,1.0298455055370443,1.0305003108052635,870
2024-01-08 22:05:00+00:00,1.0305003108052635,1.0305694706403357,1.0304398791850444,1.0304917347712197,269
2024-01-08 22:10:00+00:00,1.0304917347712197,1.031238767875903,1.0304829254191508,1.0310455934158407,491
2024-01-08 22:15:00+00:00,1.0310455934158407,1.031179521355953,1.0307779586984864,1.031172906242761,956
2024-01-08 22:20:00+00:00,1.031172906242761,1.031635458769669,1.0308460527195267,1.0313938655277535,850
2024-01-08 22:25:00+00:00,1.0313938655277535,1.0316497715211017,1.0313355211071726,1.031565597375382,918
2024-01-08 22:30:00+00:00,1.031565597375382,1.0319712439238946,1.0314530856017894,1.0319098763649959,449
2024-01-08 22:35:00+00:00,1.0319098763649959,1.0333080652322069,1.0315452049836784,1.03306944920315,853
2024-01-08 22:40:00+00:00,1.03306944920315,1.0336494908308658,1.0330135813087742,1.033555511651743,219
2024-01-08 22:45:00+00:00,1.033555511651743,1.0337184867116134,1.0324370456493779,1.0327233241129488,777
2024-01-08 22:50:00+00:00,1.0327233241129488,1.0332136001673746,1.032621696517845,1.032938472145493,227
2024-01-08 22:55:00+00:00,1.032938472145493,1.0336444368397633,1.0328159503283665,1.0335125177687052,1029
2024-01-08 23:00:00+00:00,1.0335125177687052,1.0341484890246913,1.0333266913606503,1.0341185182502814,893
2024-01-08 23:05:00+00:00,1.0341185182502814,1.0341788009391795,1.0338804573658633,1.0338824264160282,1292
2024-01-08 23:10:00+00:00,1.0338824264160282,1.034602160631143,1.0338637458739723,1.0344691259744476,746
2024-01-08 23:15:00+00:00,1.0344691259744476,1.034975429965197,1.034202807395154,1.0349334693721546,326
2024-01-08 23:20:00+00:00,1.0349334693721546,1.0362840985862383,1.0348222920794217,1.0362491375681457,429
2024-01-08 23:25:00+00:00,1.0362491375681457,1.036287230227102,1.0357040716080748,1.035844999504901,1239
2024-01-08 23:30:00+00:00,1.035844999504901,1.0358526033933066,1.0355572420674561,1.0355666676550035,1441
2024-01-08 23:35:00+00:00,1.0355666676550035,1.0355777375596085,1.0353355794203094,1.0353926308135288,186
2024-01-08 23:40:00+00:00,1.0353926308135288,1.035418082954624,1.0351026385459914,1.0351233137232607,1046
2024-01-08 23:45:00+00:00,1.0351233137232607,1.0352162925899189,1.034306953665833,1.0346471462596663,774
2024-01-08 23:50:00+00:00,1.0346471462596663,1.0347333072857086,1.0331357072681564,1.033202429388479,460
2024-01-08 23:55:00+00:00,1.033202429388479,1.0332208081362093,1.0327136158526478,1.0329623650758857,816
2024-01-09 00:00:00+00:00,1.0329623650758857,1.03314457324842,1.0329416795052624,1.0331376371278633,1410
2024-01-09 00:05:00+00:00,1.0331376371278633,1.0332056458933825,1.0326048746147076,1.0328673570372833,376
2024-01-09 00:10:00+00:00,1.0328673570372833,1.0339015958668052,1.032677571055061,1.0338513600508734,1271
2024-01-09 00:15:00+00:00,1.0338513600508734,1.034132789136179,1.033814131379178,1.0338427665815568,225
2024-01-09 00:20:00+00:00,1.0338427665815568,1.0346079689773136,1.033781715046478,1.0344946194651323,1108
2024-01-09 00:25:00+00:00,1.0344946194651323,1.0346577636517116,1.0344729769579821,1.034614321051034,204
2024-01-09 00:30:00+00:00,1.034614321051034,1.0351592235163576,1.034424617852974,1.0350263082551365,184
2024-01-09 00:35:00+00:00,1.0350263082551365,1.0354082649803622,1.0349674965690319,1.0351552940378523,152
2024-01-09 00:40:00+00:00,1.0351552940378523,1.0358511497390486,1.0349658011975023,1.035848219037498,1226
2024-01-09 00:45:00+00:00,1.035848219037498,1.0358891199919973,1.0357440819386237,1.0358616536523169,903
2024-01-09 00:50:00+00:00,1.0358616536523169,1.0361781734592046,1.0357338022530391,1.036103071936058,1066
2024-01-09 00:55:00+00:00,1.036103071936058,1.0362797624295053,1.0361005689586953,1.036277309728932,317
2024-01-09 01:00:00+00:00,1.036277309728932,1.036466210667526,1.0361063865296336,1.036112393729795,1390
2024-01-09 01:05:00+00:00,1.036112393729795,1.0363330530225408,1.0360835080504656,1.0363066556438287,1232
2024-01-09 01:10:00+00:00,1.0363066556438287,1.0375946804628122,1.0361576401781851,1.0374488657131007,784
2024-01-09 01:15:00+00:00,1.0374488657131007,1.0374920345182532,1.037106539536504,1.0372930424796805,1358
2024-01-09 01:20:00+00:00,1.0372930424796805,1.03789342220144,1.037236587204115,1.037495037091504,300
2024-01-09 01:25:00+00:00,1.037495037091504,1.0383075968001967,1.037273104745359,1.03813194437559,509
2024-01-09 01:30:00+00:00,1.03813194437559,1.0389363279369033,1.0381299599814156,1.0387082390742381,167
2024-01-09 01:35:00+00:00,1.0387082390742381,1.0388376202217944,1.0385977150731158,1.0386987434204609,330
2024-01-09 01:40:00+00:00,1.0386987434204609,1.0389042560955715,1.0373585625223993,1.0374453515138875,1278
2024-01-09 01:45:00+00:00,1.0374453515138875,1.0379138206017433,1.0373170805142253,1.0376978153022753,673
2024-01-09 01:50:00+00:00,1.0376978153022753,1.0378025689392425,1.036473585476411,1.0365306780403993,1003
2024-01-09 01:55:00+00:00,1.0365306780403993,1.0373474101347058,1.0362308616022369,1.037276947597561,1334
2024-01-09 02:00:00+00:00,1.037276947597561,1.0375106828422347,1.03723779885908,1.0373492841132514,1169
2024-01-09 02:05:00+00:00,1.0373492841132514,1.0380307521552243,1.0372090432961658,1.03785222943842,659
2024-01-09 02:10:00+00:00,1.03785222943842,1.0378622812408453,1.0372606558675768,1.0373685326269972,587
2024-01-09 02:15:00+00:00,1.0373685326269972,1.0377566157454026,1.0364999701561963,1.036547710899273,251
2024-01-09 02:20:00+00:00,1.036547710899273,1.036724077633824,1.0365187167860745,1.0366673048636037,1261
2024-01-09 02:25:00+00:00,1.0366673048636037,1.0369740903578866,1.0365492321449952,1.036634337060264,1478
2024-01-09 02:30:00+00:00,1.036634337060264,1.0366587174233646,1.0362453577114827,1.0363640134959773,800
2024-01-09 02:35:00+00:00,1.0363640134959773,1.0366000385675256,1.0361538133706167,1.0363923379881188,799
2024-01-09 02:40:00+00:00,1.0363923379881188,1.0380749935486084,1.0363538925652054,1.037810866780237,1287
2024-01-09 02:45:00+00:00,1.037810866780237,1.0383876477988605,1.0377822110764912,1.038228339458068,579
2024-01-09 02:50:00+00:00,1.038228339458068,1.0388331449445893,1.0381673653183574,1.0387575756303906,669
2024-01-09 02:55:00+00:00,1.0387575756303906,1.0393413349383949,1.038555646707921,1.0391803171864835,1351
2024-01-09 03:00:00+00:00,1.0391803171864835,1.040125302512722,1.0390660365138924,1.0399334434516827,631
2024-01-09 03:05:00+00:00,1.0399334434516827,1.0400374992207144,1.0396014673971257,1.0398190135053795,1398
2024-01-09 03:10:00+00:00,1.0398190135053795,1.0398496821930765,1.03861114552313,1.038735126282209,325
2024-01-09 03:15:00+00:00,1.038735126282209,1.038743285493109,1.038400311974041,1.0386215997349733,795
2024-01-09 03:20:00+00:00,1.0386215997349733,1.0391142557007893,1.0383212392363992,1.0390275635318165,785
2024-01-09 03:25:00+00:00,1.0390275635318165,1.0393170449492721,1.0383666669373042,1.0385081534475393,529
2024-01-09 03:30:00+00:00,1.0385081534475393,1.0387086009955426,1.0383762744849638,1.0384009970864505,1448
2024-01-09 03:35:00+00:00,1.0384009970864505,1.0384553720455438,1.0379526495684606,1.0380262538760503,775
2024-01-09 03:40:00+00:00,1.0380262538760503,1.0388732143744046,1.0379573661603412,1.0387902563809939,1330
2024-01-09 03:45:00+00:00,1.0387902563809939,1.0392606922095746,1.0385745402409354,1.0391639388497385,406
2024-01-09 03:50:00+00:00,1.0391639388497385,1.0397006189055304,1.0389791047530073,1.03948688014949,588
2024-01-09 03:55:00+00:00,1.03948688014949,1.0398107155692042,1.0394444396310079,1.0397943610511244,769
2024-01-09 04:00:00+00:00,1.0397943610511244,1.0401255829893488,1.0395609494298281,1.03975939835433,889
2024-01-09 04:05:00+00:00,1.03975939835433,1.039855418056485,1.0397115091824463,1.0398465074640857,421
2024-01-09 04:10:00+00:00,1.0398465074640857,1.0398778131129083,1.0391426157796606,1.0392147047430902,538
2024-01-09 04:15:00+00:00,1.0392147047430902,1.039375927607094,1.0380342133329619,1.0380630251948266,971
2024-01-09 04:20:00+00:00,1.0380630251948266,1.0381483181536562,1.0380388671645258,1.038125351085544,489
2024-01-09 04:25:00+00:00,1.038125351085544,1.0383341760766207,1.0380651191220585,1.038277950454548,1163
2024-01-09 04:30:00+00:00,1.038277950454548,1.0390993987324244,1.03820016020034,1.0388901526541223,767
2024-01-09 04:35:00+00:00,1.0388901526541223,1.0397955124540945,1.0388365614135344,1.039690791954753,1457
2024-01-09 04:40:00+00:00,1.039690791954753,1.0405793357487447,1.0396621012818745,1.0404913530769917,432
2024-01-09 04:45:00+00:00,1.0404913530769917,1.0405547781858422,1.0399197125181205,1.039956528247201,1279
2024-01-09 04:50:00+00:00,1.039956528247201,1.0400286875310107,1.0393789401062923,1.0397577587378928,786
2024-01-09 04:55:00+00:00,1.0397577587378928,1.0401846111830029,1.0396569242138207,1.039991878026977,220
2024-01-09 05:00:00+00:00,1.039991878026977,1.041299249155258,1.0399684872270407,1.0412928582992016,1087
2024-01-09 05:05:00+00:00,1.0412928582992016,1.0420602111411859,1.041204757290935,1.042047847271528,396
2024-01-09 05:10:00+00:00,1.042047847271528,1.0426843613645795,1.0418467043817663,1.04261544925527,293
2024-01-09 05:15:00+00:00,1.04261544925527,1.0426878380702445,1.0423482789842775,1.0423976531667858,844
2024-01-09 05:20:00+00:00,1.0423976531667858,1.042608632061848,1.0417511013574292,1.0419216945905914,1200
2024-01-09 05:25:00+00:00,1.0419216945905914,1.0424183473415236,1.0418053221414365,1.0423170558845378,460
2024-01-09 05:30:00+00:00,1.0423170558845378,1.0424244458568763,1.0415082397794033,1.041727802124468,972
2024-01-09 05:35:00+00:00,1.041727802124468,1.0418225311534617,1.0414428919702843,1.0415879833195096,120
2024-01-09 05:40:00+00:00,1.0415879833195096,1.0418036299422104,1.0414291096002972,1.0415125838335444,358
2024-01-09 05:45:00+00:00,1.0415125838335444,1.042463460416372,1.0414142586092476,1.042326480137668,1156
2024-01-09 05:50:00+00:00,1.042326480137668,1.0423585297059343,1.0419808650399585,1.0421259900448117,118
2024-01-09 05:55:00+00:00,1.0421259900448117,1.0422394563123998,1.0406977930426888,1.040839355432679,600
2024-01-09 06:00:00+00:00,1.040839355432679,1.0412525069946903,1.0406913930785988,1.0410862657633098,810
2024-01-09 06:05:00+00:00,1.0410862657633098,1.0413786302309471,1.040594058786266,1.0407067784439556,192
2024-01-09 06:10:00+00:00,1.0407067784439556,1.0409235536797823,1.0405742897573655,1.0407133510403312,1469
2024-01-09 06:15:00+00:00,1.0407133510403312,1.0407533964761928,1.0406164739325756,1.0406526229701836,812
2024-01-09 06:20:00+00:00,1.0406526229701836,1.0406634602797935,1.040462666107528,1.0404945977902564,574
2024-01-09 06:25:00+00:00,1.0404945977902564,1.0410139852053066,1.0403934490298699,1.04089016292417,1468
2024-01-09 06:30:00+00:00,1.04089016292417,1.0409024857957934,1.040050609903402,1.0400767775852415,881
2024-01-09 06:35:00+00:00,1.0400767775852415,1.040144460629528,1.0397099734959314,1.0397923091890495,1049
2024-01-09 06:40:00+00:00,1.0397923091890495,1.0403024921138062,1.0397247643525056,1.0401323409850383,226
2024-01-09 06:45:00+00:00,1.0401323409850383,1.040157557812683,1.0397038080480396,1.0397973742824524,322
2024-01-09 06:50:00+00:00,1.0397973742824524,1.0399059807357693,1.0387607600927484,1.0389453608258248,163
2024-01-09 06:55:00+00:00,1.0389453608258248,1.039308752192185,1.0388832952292886,1.0392770728815781,820
2024-01-09 07:00:00+00:00,1.0392770728815781,1.0400637774777945,1.03899735418054,1.0398450869755322,1270
2024-01-09 07:05:00+00:00,1.0398450869755322,1.0398592275443275,1.0396960553676082,1.039806095276425,1362
2024-01-09 07:10:00+00:00,1.039806095276425,1.0399988166969178,1.0384846633559177,1.0387710485824035,904
2024-01-09 07:15:00+00:00,1.0387710485824035,1.0391389900971748,1.0386596983680714,1.0391221374836976,175
2024-01-09 07:20:00+00:00,1.0391221374836976,1.0392382797728235,1.0381239347807956,1.0382441375299734,976
2024-01-09 07:25:00+00:00,1.0382441375299734,1.038448362311657,1.0382015136251468,1.038388868387341,993
2024-01-09 07:30:00+00:00,1.038388868387341,1.0385979512575596,1.0376369921809385,1.0379125262759608,935
2024-01-09 07:35:00+00:00,1.0379125262759608,1.0379148151572533,1.0371551397754792,1.0372950517264843,1109
2024-01-09 07:40:00+00:00,1.0372950517264843,1.0373841163041828,1.0368166139554702,1.0370502967636959,880
2024-01-09 07:45:00+00:00,1.0370502967636959,1.0371914801018698,1.0368721446724685,1.0369396966166,1085
2024-01-09 07:50:00+00:00,1.0369396966166,1.0370585559990537,1.0365287917390535,1.0365901399672939,780
2024-01-09 07:55:00+00:00,1.0365901399672939,1.036882473965422,1.0365761521559542,1.0368797131219765,310
2024-01-09 08:00:00+00:00,1.0368797131219765,1.0369083538610433,1.0364764131813555,1.0366691905716543,211
2024-01-09 08:05:00+00:00,1.0366691905716543,1.037438692234534,1.0365639313911956,1.0371979907942368,1370
2024-01-09 08:10:00+00:00,1.0371979907942368,1.0375950527692632,1.036945614131126,1.037364550875288,717
2024-01-09 08:15:00+00:00,1.037364550875288,1.0375063226976584,1.0369289086640066,1.0370234876071402,551
2024-01-09 08:20:00+00:00,1.0370234876071402,1.0374597316284022,1.036577851419785,1.0365952280776973,510
2024-01-09 08:25:00+00:00,1.0365952280776973,1.0366376917788998,1.0357468678452133,1.035762066581325,172
2024-01-09 08:30:00+00:00,1.035762066581325,1.0362271885532255,1.0357585398845193,1.035933347021222,1423
2024-01-09 08:35:00+00:00,1.035933347021222,1.036023869489193,1.03573862075327,1.0357704011558444,216
2024-01-09 08:40:00+00:00,1.0357704011558444,1.0362005886949461,1.0344552215782647,1.0345625916070063,406
2024-01-09 08:45:00+00:00,1.0345625916070063,1.034599978740504,1.0342778765827811,1.0343061675752712,740
2024-01-09 08:50:00+00:00,1.0343061675752712,1.034431802381066,1.0336772769199136,1.0338608811717958,601
2024-01-09 08:55:00+00:00,1.0338608811717958,1.0348375681235902,1.0337517200736135,1.034696074101361,155
2024-01-09 09:00:00+00:00,1.034696074101361,1.034769132530512,1.0336761285854827,1.0338358388504485,560
2024-01-09 09:05:00+00:00,1.0338358388504485,1.0339790748657272,1.0331018929254683,1.0331114555106649,1191
2024-01-09 09:10:00+00:00,1.0331114555106649,1.0339768600138506,1.0329362553370112,1.033705478916556,450
2024-01-09 09:15:00+00:00,1.033705478916556,1.034632460201765,1.0334383513638112,1.0344273997808657,1312
2024-01-09 09:20:00+00:00,1.0344273997808657,1.0344627950700067,1.0340093428441206,1.034062772946768,604
2024-01-09 09:25:00+00:00,1.034062772946768,1.0341794671640003,1.033532017617785,1.0337566459928897,118
2024-01-09 09:30:00+00:00,1.0337566459928897,1.0341414228245729,1.0337506599067885,1.034095839844151,252
2024-01-09 09:35:00+00:00,1.034095839844151,1.034291865686336,1.032885631453106,1.0329132996514863,1234
2024-01-09 09:40:00+00:00,1.0329132996514863,1.0329465047389716,1.0316429938093739,1.0319727320625027,667
2024-01-09 09:45:00+00:00,1.0319727320625027,1.0319958327336969,1.031780705038876,1.0318485169098155,1473
2024-01-09 09:50:00+00:00,1.0318485169098155,1.0327538498028217,1.031834065995987,1.03266878002117,1204
2024-01-09 09:55:00+00:00,1.03266878002117,1.0326998219673216,1.0323614758290567,1.0324644509674874,142
2024-01-09 10:00:00+00:00,1.0324644509674874,1.0325692193596656,1.032436566610822,1.0325372070811376,537
2024-01-09 10:05:00+00:00,1.0325372070811376,1.0333673340204872,1.032510858546221,1.033143197629735,1114
2024-01-09 10:10:00+00:00,1.033143197629735,1.034328636894553,1.0329790072178118,1.0342522173088755,188
2024-01-09 10:15:00+00:00,1.0342522173088755,1.0343035472053304,1.033923129698411,1.0339745989470195,1498
2024-01-09 10:20:00+00:00,1.0339745989470195,1.034012413128669,1.0337889278042605,1.0339865740666632,332
2024-01-09 10:25:00+00:00,1.0339865740666632,1.0351119791797796,1.0339512208028663,1.0349492441161827,1215
2024-01-09 10:30:00+00:00,1.0349492441161827,1.0350609310089938,1.0340476560286158,1.0341822436064383,1276
2024-01-09 10:35:00+00:00,1.0341822436064383,1.034943997811376,1.034154696083187,1.0347342802998267,807
2024-01-09 10:40:00+00:00,1.0347342802998267,1.0349584775162228,1.0340955522394388,1.0342281319906848,1225
2024-01-09 10:45:00+00:00,1.0342281319906848,1.0344185974012452,1.034037887974326,1.0343018064557294,1338
2024-01-09 10:50:00+00:00,1.0343018064557294,1.0344539451371333,1.0341072703481264,1.034197021832355,1128
2024-01-09 10:55:00+00:00,1.034197021832355,1.034536180526877,1.0336171875988316,1.0337223194006289,1091
2024-01-09 11:00:00+00:00,1.0337223194006289,1.0338896017601016,1.0331973504422425,1.0332348666445839,644
2024-01-09 11:05:00+00:00,1.0332348666445839,1.0334155975917965,1.0331474036321266,1.033398331821311,509
2024-01-09 11:10:00+00:00,1.033398331821311,1.0340489668109853,1.0333104386649865,1.03393339412844,1314
2024-01-09 11:15:00+00:00,1.03393339412844,1.0341154019230352,1.0336507972940219,1.0338870034998706,414
2024-01-09 11:20:00+00:00,1.0338870034998706,1.0340775463174732,1.0336684780529568,1.033943925781735,680
2024-01-09 11:25:00+00:00,1.033943925781735,1.034325688653784,1.033868649570077,1.0342598856384535,817
2024-01-09 11:30:00+00:00,1.0342598856384535,1.0343413165956792,1.0335096468820448,1.033778117675636,647
2024-01-09 11:35:00+00:00,1.033778117675636,1.0343538822580758,1.0336718160406198,1.0341811322024923,622
2024-01-09 11:40:00+00:00,1.0341811322024923,1.0346424811719952,1.033974642889159,1.0346254904110261,938
2024-01-09 11:45:00+00:00,1.0346254904110261,1.0361623227754773,1.0344265970316455,1.0359930719889303,561
2024-01-09 11:50:00+00:00,1.0359930719889303,1.0360258783791023,1.0357021890088343,1.0358189711824872,1484
2024-01-09 11:55:00+00:00,1.0358189711824872,1.0360127873622125,1.0355779131788174,1.0356024426516501,349
2024-01-09 12:00:00+00:00,1.0356024426516501,1.036197491600705,1.0355673446307654,1.0360213261679618,644
2024-01-09 12:05:00+00:00,1.0360213261679618,1.0364675543666448,1.0358237004553614,1.0364663512881582,1283
2024-01-09 12:10:00+00:00,1.0364663512881582,1.036829644359397,1.0360741267282498,1.0362097807004431,765
2024-01-09 12:15:00+00:00,1.0362097807004431,1.0363816525105725,1.0358955173308901,1.036021624341533,1087
2024-01-09 12:20:00+00:00,1.036021624341533,1.0364413154642758,1.0359935357012724,1.0363226563990158,1005
2024-01-09 12:25:00+00:00,1.0363226563990158,1.036563640499509,1.0356061644643526,1.0359145607027678,563
2024-01-09 12:30:00+00:00,1.0359145607027678,1.0359653245441764,1.0355776614803849,1.0357226399260577,1141
2024-01-09 12:35:00+00:00,1.0357226399260577,1.0358423402202108,1.035570861324153,1.0357897510076248,432
2024-01-09 12:40:00+00:00,1.0357897510076248,1.036554701548907,1.0356136967420002,1.0363262583438304,1149
2024-01-09 12:45:00+00:00,1.0363262583438304,1.0364156445454054,1.0359349373186995,1.0360337041581447,279
2024-01-09 12:50:00+00:00,1.0360337041581447,1.036133705401368,1.0350936197296896,1.0351000386328872,1071
2024-01-09 12:55:00+00:00,1.0351000386328872,1.0351081816251262,1.0339897835238563,1.0341288055773241,257
2024-01-09 13:00:00+00:00,1.0341288055773241,1.0341832389588737,1.0334420481958904,1.033498290488235,1316
2024-01-09 13:05:00+00:00,1.033498290488235,1.0335222025630992,1.0327177565878445,1.032840382158103,975
2024-01-09 13:10:00+00:00,1.032840382158103,1.0330029411664703,1.032735356205597,1.0327811948482368,156
2024-01-09 13:15:00+00:00,1.0327811948482368,1.0329049959566463,1.0317723067718256,1.0321879239393517,252
2024-01-09 13:20:00+00:00,1.0321879239393517,1.0322065282390063,1.0317606190311959,1.0318458801063224,362
2024-01-09 13:25:00+00:00,1.0318458801063224,1.0319147887414482,1.0314527611685147,1.031467148358291,1444
2024-01-09 13:30:00+00:00,1.031467148358291,1.0315290724075579,1.0311577285553946,1.031260593007729,925
2024-01-09 13:35:00+00:00,1.031260593007729,1.032093123975795,1.0310527836729653,1.03196314152018,490
2024-01-09 13:40:00+00:00,1.03196314152018,1.0323483995913314,1.0318495704061619,1.0323253335399656,487
2024-01-09 13:45:00+00:00,1.0323253335399656,1.032476460688885,1.0322201363606496,1.0323543054486388,136
2024-01-09 13:50:00+00:00,1.0323543054486388,1.0323843630803862,1.0320648192905506,1.0321369813019066,384
2024-01-09 13:55:00+00:00,1.0321369813019066,1.0321952564636312,1.0317462342213455,1.0319340463183284,1297
2024-01-09 14:00:00+00:00,1.0319340463183284,1.0322216973563634,1.031930779173001,1.0321237913697068,938
2024-01-09 14:05:00+00:00,1.0321237913697068,1.0325435868941755,1.0320038440215638,1.0324459012449287,614
2024-01-09 14:10:00+00:00,1.0324459012449287,1.032635519714009,1.031952165968099,1.0319980171759178,129
2024-01-09 14:15:00+00:00,1.0319980171759178,1.0321358617597538,1.031970596594397,1.0320374811699908,580
2024-01-09 14:20:00+00:00,1.0320374811699908,1.0321958419290118,1.030862093844188,1.031009768148445,636
2024-01-09 14:25:00+00:00,1.031009768148445,1.0311675021475186,1.0309872607011925,1.0311395278335735,266
2024-01-09 14:30:00+00:00,1.0311395278335735,1.0319203931329406,1.0310092870742031,1.0315530917288762,950
2024-01-09 14:35:00+00:00,1.0315530917288762,1.0316418991914258,1.031350654147607,1.0314292699617331,1024
2024-01-09 14:40:00+00:00,1.0314292699617331,1.0325355309337991,1.0313612356397373,1.0323867081038798,1497
2024-01-09 14:45:00+00:00,1.0323867081038798,1.0324060879002344,1.0317848666135518,1.0319524664081403,602
2024-01-09 14:50:00+00:00,1.0319524664081403,1.032103553933852,1.0318317189395536,1.032085299543903,486
2024-01-09 14:55:00+00:00,1.032085299543903,1.0325544295389182,1.0320368522209513,1.032087454152697,1252
2024-01-09 15:00:00+00:00,1.032087454152697,1.0321481801584156,1.0318702410155247,1.0320563379196555,590
2024-01-09 15:05:00+00:00,1.0320563379196555,1.032108705318537,1.0319833075347908,1.0320179855873868,982
2024-01-09 15:10:00+00:00,1.0320179855873868,1.032165926531595,1.0318737960217474,1.0320938931057568,1132
2024-01-09 15:15:00+00:00,1.0320938931057568,1.0327011738686929,1.0318989771362923,1.0325521215039861,1331
2024-01-09 15:20:00+00:00,1.0325521215039861,1.0333166531808962,1.0323862497128484,1.0332840647832353,546
2024-01-09 15:25:00+00:00,1.0332840647832353,1.0333292438049708,1.0332732932688455,1.0333035678936369,971
2024-01-09 15:30:00+00:00,1.0333035678936369,1.033952029021581,1.032972911155349,1.0337454684681628,283
2024-01-09 15:35:00+00:00,1.0337454684681628,1.0337771819503114,1.0332991625034635,1.0334034191772201,1190
2024-01-09 15:40:00+00:00,1.0334034191772201,1.0340154939402262,1.03332664650053,1.0338198577374962,163
2024-01-09 15:45:00+00:00,1.0338198577374962,1.0341064124611525,1.0334063277403183,1.033446653150271,1075
2024-01-09 15:50:00+00:00,1.033446653150271,1.034199207862401,1.0333552675450868,1.0340308915136718,392
2024-01-09 15:55:00+00:00,1.0340308915136718,1.0354287749596767,1.0340058989841618,1.0351945076101357,747
2024-01-09 16:00:00+00:00,1.0351945076101357,1.0352365201306024,1.0350824846717945,1.0351520212151402,206
2024-01-09 16:05:00+00:00,1.0351520212151402,1.0351861621896532,1.0339824187845643,1.0340379163425086,1064
2024-01-09 16:10:00+00:00,1.0340379163425086,1.0341175625315544,1.0335176257416316,1.0337752330038874,774
2024-01-09 16:15:00+00:00,1.0337752330038874,1.034710480175809,1.0337714437677286,1.0344326495105385,1029
2024-01-09 16:20:00+00:00,1.0344326495105385,1.034884693476395,1.0342931417588064,1.034739398506621,586
2024-01-09 16:25:00+00:00,1.034739398506621,1.0352260712012222,1.034730485399873,1.034888873648278,109
2024-01-09 16:30:00+00:00,1.034888873648278,1.0355176687272727,1.0347195904960327,1.0354315012551403,913
2024-01-09 16:35:00+00:00,1.0354315012551403,1.0357115037806575,1.0353413678573542,1.03570301906111,1078
2024-01-09 16:40:00+00:00,1.03570301906111,1.036390164289141,1.0356937689945012,1.0363543339480061,1030
2024-01-09 16:45:00+00:00,1.0363543339480061,1.036964471553981,1.0362567209427678,1.036851485390699,467
2024-01-09 16:50:00+00:00,1.036851485390699,1.0379471882809788,1.0367758579023643,1.0376611111077767,1103
2024-01-09 16:55:00+00:00,1.0376611111077767,1.0379927330677594,1.0374322273779346,1.0378680187015425,858
2024-01-09 17:00:00+00:00,1.0378680187015425,1.0384751678409305,1.037826439805767,1.0383585459526363,394
2024-01-09 17:05:00+00:00,1.0383585459526363,1.0384789581882634,1.0381971222914572,1.0382198591130394,255
2024-01-09 17:10:00+00:00,1.0382198591130394,1.0383709292269678,1.0376613265895953,1.0379283992307022,555
2024-01-09 17:15:00+00:00,1.0379283992307022,1.039024019040883,1.037846145430589,1.0388349091011262,132
2024-01-09 17:20:00+00:00,1.0388349091011262,1.0390148924565472,1.0387001430252498,1.0389679862819459,1102
2024-01-09 17:25:00+00:00,1.0389679862819459,1.0394315684666573,1.0387436676481356,1.039406888212027,121
2024-01-09 17:30:00+00:00,1.039406888212027,1.0396417422646247,1.0393746844626948,1.0394919844614547,167
2024-01-09 17:35:00+00:00,1.0394919844614547,1.0395127428884867,1.0390813963340062,1.0392079351421977,321
2024-01-09 17:40:00+00:00,1.0392079351421977,1.0393577516359565,1.0391735452050403,1.0392344260554618,556
2024-01-09 17:45:00+00:00,1.0392344260554618,1.0400282443305593,1.0391499387635053,1.0400013779534198,127
2024-01-09 17:50:00+00:00,1.0400013779534198,1.0403786886944029,1.0399731223458992,1.0403109032021516,981
2024-01-09 17:55:00+00:00,1.0403109032021516,1.0405454321021417,1.0393296853272471,1.0394414773259129,285
2024-01-09 18:00:00+00:00,1.0394414773259129,1.0398528276750953,1.0391013825329782,1.0393503991474944,1224
2024-01-09 18:05:00+00:00,1.0393503991474944,1.0403563141894236,1.0391003030484625,1.0402974000379002,882
2024-01-09 18:10:00+00:00,1.0402974000379002,1.040364683840644,1.0400334178656367,1.0402069998261416,216
2024-01-09 18:15:00+00:00,1.0402069998261416,1.0402811929544482,1.0391676308231466,1.0392913686970482,660
2024-01-09 18:20:00+00:00,1.0392913686970482,1.040377781977,1.0392489369255946,1.0402958692079929,296
2024-01-09 18:25:00+00:00,1.0402958692079929,1.040904166930419,1.0402777949150492,1.0406716201799453,1473
2024-01-09 18:30:00+00:00,1.0406716201799453,1.0407434074486834,1.0406183677928593,1.0406560034147418,929
2024-01-09 18:35:00+00:00,1.0406560034147418,1.040721701956522,1.0404436646312012,1.0404835574863958,1232
2024-01-09 18:40:00+00:00,1.0404835574863958,1.0411603103136577,1.0404121504717312,1.0410674518507264,624
2024-01-09 18:45:00+00:00,1.0410674518507264,1.0413358505165018,1.040640920185083,1.040806152561054,305
2024-01-09 18:50:00+00:00,1.040806152561054,1.0414740492229555,1.040586342282129,1.041424524859782,428
2024-01-09 18:55:00+00:00,1.041424524859782,1.0418297484539134,1.0413726897952784,1.0417276810841873,683
2024-01-09 19:00:00+00:00,1.0417276810841873,1.0421100938546817,1.041459903800492,1.0418759616052298,1178
2024-01-09 19:05:00+00:00,1.0418759616052298,1.0422152318970148,1.0418614317266115,1.0419726033133303,703
2024-01-09 19:10:00+00:00,1.0419726033133303,1.0420384681063126,1.04173389867844,1.0419022868150407,1400
2024-01-09 19:15:00+00:00,1.0419022868150407,1.0425386975226945,1.0418352842139003,1.0424678522769928,606
2024-01-09 19:20:00+00:00,1.0424678522769928,1.0429552118734882,1.0419518118062203,1.042037655592206,426
2024-01-09 19:25:00+00:00,1.042037655592206,1.0420884619212163,1.041185137301288,1.0412134428169637,793
2024-01-09 19:30:00+00:00,1.0412134428169637,1.0417576144830727,1.0411348564185272,1.0415541487437008,255
2024-01-09 19:35:00+00:00,1.0415541487437008,1.0419343311757616,1.0415491183290992,1.0419037142763978,1037
2024-01-09 19:40:00+00:00,1.0419037142763978,1.0423271189107333,1.0418391907654632,1.0421747348709585,241
2024-01-09 19:45:00+00:00,1.0421747348709585,1.042469938928031,1.042039455959053,1.0424080404684088,997
2024-01-09 19:50:00+00:00,1.0424080404684088,1.0424709898642468,1.042258167555348,1.0422618216953812,635
2024-01-09 19:55:00+00:00,1.0422618216953812,1.042784861448609,1.041801576436717,1.0426930485108283,599
2024-01-09 20:00:00+00:00,1.0426930485108283,1.0429109634082703,1.0424276634371619,1.0426901508007635,955
2024-01-09 20:05:00+00:00,1.0426901508007635,1.0429392236660482,1.0424105164050044,1.0424570503476878,1087
2024-01-09 20:10:00+00:00,1.0424570503476878,1.042503780785324,1.0421866152003836,1.0423153328399932,1400
2024-01-09 20:15:00+00:00,1.0423153328399932,1.0434245392813515,1.0421395812304488,1.0433892510167397,505
2024-01-09 20:20:00+00:00,1.0433892510167397,1.0435078276918617,1.0424523791245084,1.0425049911043713,1236
2024-01-09 20:25:00+00:00,1.0425049911043713,1.0428600403799215,1.042416990990939,1.0427863570008051,1269
2024-01-09 20:30:00+00:00,1.0427863570008051,1.0428294799810334,1.0418165489725095,1.041931736005033,1493
2024-01-09 20:35:00+00:00,1.041931736005033,1.0420387941897007,1.0417895830505859,1.041896188764707,1450
2024-01-09 20:40:00+00:00,1.041896188764707,1.0419171206795668,1.0416083550163262,1.0416911292764193,1206
2024-01-09 20:45:00+00:00,1.0416911292764193,1.041795853838379,1.0403090580150696,1.040625985358534,512
2024-01-09 20:50:00+00:00,1.040625985358534,1.0409668006437343,1.0404978991393727,1.0408492191911844,1072
2024-01-09 20:55:00+00:00,1.0408492191911844,1.0408746240414304,1.0404970164977598,1.0406722550154206,1198
2024-01-09 21:00:00+00:00,1.0406722550154206,1.0407066587806015,1.039541922197183,1.0396007755613927,508
2024-01-09 21:05:00+00:00,1.0396007755613927,1.0402967307618962,1.0395844540321126,1.0400579753960568,1238
2024-01-09 21:10:00+00:00,1.0400579753960568,1.0408996331476965,1.039991440432174,1.0408250213656447,1082
2024-01-09 21:15:00+00:00,1.0408250213656447,1.0416824573044645,1.0407220487118332,1.0416213172162763,787
2024-01-09 21:20:00+00:00,1.0416213172162763,1.041893781256819,1.0415547997887467,1.041829097982888,1306
2024-01-09 21:25:00+00:00,1.041829097982888,1.041969189284315,1.0416955534184984,1.0418739269193318,222
2024-01-09 21:30:00+00:00,1.0418739269193318,1.0427129840001663,1.0417035347801946,1.0425866502749583,1057
2024-01-09 21:35:00+00:00,1.0425866502749583,1.0435399032071035,1.042576108117895,1.0434845173413225,1200
2024-01-09 21:40:00+00:00,1.0434845173413225,1.0441739060345707,1.0432974481392328,1.044096817727066,156
2024-01-09 21:45:00+00:00,1.044096817727066,1.0443251821489516,1.0435798983268274,1.043626171456291,670
2024-01-09 21:50:00+00:00,1.043626171456291,1.0438541082637667,1.0434005398222355,1.0437521083588719,823
2024-01-09 21:55:00+00:00,1.0437521083588719,1.044044046965661,1.0437403344577991,1.04400235635217,391
2024-01-09 22:00:00+00:00,1.04400235635217,1.0442006035648992,1.0430386533809697,1.043078614209475,1331
2024-01-09 22:05:00+00:00,1.043078614209475,1.0434310289680457,1.0430362583718509,1.04334426581496,977
2024-01-09 22:10:00+00:00,1.04334426581496,1.044958191104981,1.0433064376122816,1.0445508891942163,485
2024-01-09 22:15:00+00:00,1.0445508891942163,1.0450065184727173,1.0444855680102176,1.0449060031575077,711
2024-01-09 22:20:00+00:00,1.0449060031575077,1.04578423898582,1.044865743653915,1.0456966903645353,256
2024-01-09 22:25:00+00:00,1.0456966903645353,1.0458843165334988,1.045508224927031,1.0458132409623,222
2024-01-09 22:30:00+00:00,1.0458132409623,1.045815458388487,1.0457561414628882,1.0457958708807675,1145
2024-01-09 22:35:00+00:00,1.0457958708807675,1.0460463859763014,1.0457315790666104,1.0460161528209009,1477
2024-01-09 22:40:00+00:00,1.0460161528209009,1.0460321938543273,1.0453627816036617,1.0456103892181106,487
2024-01-09 22:45:00+00:00,1.0456103892181106,1.0456139062815653,1.0450848051923052,1.0451274347515735,442
2024-01-09 22:50:00+00:00,1.0451274347515735,1.0460209609540987,1.0450410800207257,1.0458100621169928,1057
2024-01-09 22:55:00+00:00,1.0458100621169928,1.0465516693347952,1.0456723051011592,1.0465485830336547,815
2024-01-09 23:00:00+00:00,1.0465485830336547,1.0467189929789567,1.0460200411632719,1.0460508935502086,295
2024-01-09 23:05:00+00:00,1.0460508935502086,1.0467256553099606,1.0458706996076457,1.0465781025753091,1034
2024-01-09 23:10:00+00:00,1.0465781025753091,1.0466828198648375,1.0463648080443744,1.0465535289342258,393
2024-01-09 23:15:00+00:00,1.0465535289342258,1.047032796033096,1.046336831957018,1.046752273936202,261
2024-01-09 23:20:00+00:00,1.046752273936202,1.0471894459517304,1.0466802941989024,1.047014076435349,749
2024-01-09 23:25:00+00:00,1.047014076435349,1.0476275177428112,1.0466434118969425,1.047555566185396,1135
2024-01-09 23:30:00+00:00,1.047555566185396,1.0477323147684148,1.0474588846979624,1.047619843253113,829
2024-01-09 23:35:00+00:00,1.047619843253113,1.0485323900101047,1.0472860593789295,1.0483794524942178,1007
2024-01-09 23:40:00+00:00,1.0483794524942178,1.0487490047650203,1.0482586320846272,1.0485626111150388,433
2024-01-09 23:45:00+00:00,1.0485626111150388,1.0492217888452449,1.0483517891087653,1.04891083051254,791
2024-01-09 23:50:00+00:00,1.04891083051254,1.0490613989980537,1.0484444659624887,1.0484947996506881,1098
2024-01-09 23:55:00+00:00,1.0484947996506881,1.0498278921052582,1.0483619855505142,1.0496474409201528,839
2024-01-10 00:00:00+00:00,1.0496474409201528,1.0499336588240618,1.0494227679532804,1.0499150091331324,435
2024-01-10 00:05:00+00:00,1.0499150091331324,1.050376489246216,1.049743764009079,1.0503103007824868,1436
2024-01-10 00:10:00+00:00,1.0503103007824868,1.0503173634183345,1.0494610486114113,1.0494867599269584,194
2024-01-10 00:15:00+00:00,1.0494867599269584,1.0496915821440869,1.0487390916875288,1.0490760422218637,1375
2024-01-10 00:20:00+00:00,1.0490760422218637,1.049748506594184,1.049047979493831,1.0497463408027345,1114
2024-01-10 00:25:00+00:00,1.0497463408027345,1.0500884354486508,1.049617850560462,1.049917917180369,256
2024-01-10 00:30:00+00:00,1.049917917180369,1.0499801947091023,1.0488999961238605,1.0489342597221458,457
2024-01-10 00:35:00+00:00,1.0489342597221458,1.0496454526007006,1.0484742532699958,1.0494997873463578,616
2024-01-10 00:40:00+00:00,1.0494997873463578,1.0495398033055068,1.0489650703288496,1.0492354273733393,1440
2024-01-10 00:45:00+00:00,1.0492354273733393,1.0502302551175429,1.0490088794706367,1.0499968139723046,823
2024-01-10 00:50:00+00:00,1.0499968139723046,1.050130922945364,1.0498841738938212,1.0499717003172404,461
2024-01-10 00:55:00+00:00,1.0499717003172404,1.0501012861840164,1.049845872062453,1.0501001678648405,1387
2024-01-10 01:00:00+00:00,1.0501001678648405,1.0508256344456237,1.05004694399672,1.0507401800686398,265
2024-01-10 01:05:00+00:00,1.0507401800686398,1.0508578644877433,1.0502615877140478,1.050289678909338,1243
2024-01-10 01:10:00+00:00,1.050289678909338,1.0503160212516063,1.049745837850315,1.0497892963254132,1262
2024-01-10 01:15:00+00:00,1.0497892963254132,1.0499728511450792,1.049495119003915,1.0497071511421003,641
2024-01-10 01:20:00+00:00,1.0497071511421003,1.050453364898297,1.0495447620723752,1.0501622898866194,160
2024-01-10 01:25:00+00:00,1.0501622898866194,1.0501650130797113,1.0494573511711824,1.049484474580836,1340
2024-01-10 01:30:00+00:00,1.049484474580836,1.0494972864571208,1.048614540588941,1.0486301760625039,1454
2024-01-10 01:35:00+00:00,1.0486301760625039,1.0491467863210402,1.0485187230257509,1.0490830379764013,629
2024-01-10 01:40:00+00:00,1.0490830379764013,1.0492687202828002,1.0486627626846023,1.04878773247717,360
2024-01-10 01:45:00+00:00,1.04878773247717,1.048870305398227,1.0485889058975155,1.0486030273164648,479
2024-01-10 01:50:00+00:00,1.0486030273164648,1.0488460379000288,1.047511214403224,1.0476504708726975,291
2024-01-10 01:55:00+00:00,1.0476504708726975,1.047757123418506,1.0473037416699489,1.0473157573829182,953
2024-01-10 02:00:00+00:00,1.0473157573829182,1.0475411771954166,1.0470608306475808,1.0473327410235644,826
2024-01-10 02:05:00+00:00,1.0473327410235644,1.047971686590648,1.0472234276773478,1.047840895274291,598
2024-01-10 02:10:00+00:00,1.047840895274291,1.0478809776487599,1.0474274476834262,1.0474577888382715,1010
2024-01-10 02:15:00+00:00,1.0474577888382715,1.048562700892607,1.0474021224122567,1.0483467537571343,971
2024-01-10 02:20:00+00:00,1.0483467537571343,1.0484643691782718,1.0479164664041203,1.0480088946493524,115
2024-01-10 02:25:00+00:00,1.0480088946493524,1.0480508028529987,1.0475490845346755,1.0476719116852837,673
2024-01-10 02:30:00+00:00,1.0476719116852837,1.0485242817135616,1.0473690196118581,1.0484981882861877,1308
2024-01-10 02:35:00+00:00,1.0484981882861877,1.0486818159120572,1.0482322976799299,1.0486300160432773,1214
2024-01-10 02:40:00+00:00,1.0486300160432773,1.0487608672870832,1.0480917872639424,1.0483615537933784,1296
2024-01-10 02:45:00+00:00,1.0483615537933784,1.0483622622339999,1.0482870529661632,1.0483012032192296,1436
2024-01-10 02:50:00+00:00,1.0483012032192296,1.0490799296032445,1.0482143371161696,1.0490313835729848,185
2024-01-10 02:55:00+00:00,1.0490313835729848,1.0500870625783258,1.0488213897971594,1.0498214105868915,478
2024-01-10 03:00:00+00:00,1.0498214105868915,1.0498512234661053,1.0492786572775368,1.0494136635312936,743
2024-01-10 03:05:00+00:00,1.0494136635312936,1.0494613682265548,1.0492974716057393,1.049412386494518,814
2024-01-10 03:10:00+00:00,1.049412386494518,1.0496425212168807,1.0493179252826732,1.0494806805880887,1200
2024-01-10 03:15:00+00:00,1.0494806805880887,1.0497710451821498,1.0486903076407572,1.0489841502304964,1114
2024-01-10 03:20:00+00:00,1.0489841502304964,1.0490441792956795,1.0488363113982009,1.0489759235446836,1088
2024-01-10 03:25:00+00:00,1.0489759235446836,1.0490754989110944,1.0486425964690846,1.0489996948393836,321
2024-01-10 03:30:00+00:00,1.0489996948393836,1.0497698707986607,1.0489390045708717,1.0496187145310092,1048
2024-01-10 03:35:00+00:00,1.0496187145310092,1.0502802352287095,1.0495505059344499,1.050273374858354,1214
2024-01-10 03:40:00+00:00,1.050273374858354,1.050556333416112,1.0499807910345988,1.0501215003929263,1152
2024-01-10 03:45:00+00:00,1.0501215003929263,1.0502258110694545,1.0499949957001933,1.0500301644247116,916
2024-01-10 03:50:00+00:00,1.0500301644247116,1.0504645632361422,1.0497221992405912,1.050399928505577,223
2024-01-10 03:55:00+00:00,1.050399928505577,1.0504376891272367,1.0500481874723242,1.0501135955516896,309
2024-01-10 04:00:00+00:00,1.0501135955516896,1.0504994567375048,1.0500721800306776,1.0504436673367141,1140
2024-01-10 04:05:00+00:00,1.0504436673367141,1.0505790794138625,1.0502492182065861,1.0504185058035733,1315
2024-01-10 04:10:00+00:00,1.0504185058035733,1.0506284105732877,1.0498125992627896,1.0499303770709112,1255
2024-01-10 04:15:00+00:00,1.0499303770709112,1.050060100585002,1.0494146321014974,1.0494490697130783,697
2024-01-10 04:20:00+00:00,1.0494490697130783,1.050301152735789,1.0493489846140722,1.0502293658956576,922
2024-01-10 04:25:00+00:00,1.0502293658956576,1.0504224647083404,1.0501169829630745,1.0501682312675489,347
2024-01-10 04:30:00+00:00,1.0501682312675489,1.0513977155593142,1.0501122928794746,1.051050558510895,928
2024-01-10 04:35:00+00:00,1.051050558510895,1.0512672543217785,1.050790109537394,1.0508016506827174,373
2024-01-10 04:40:00+00:00,1.0508016506827174,1.0509977579602416,1.0506911628157698,1.0509756661687488,1213
2024-01-10 04:45:00+00:00,1.0509756661687488,1.0525513554354662,1.0509558573572109,1.0522540081885225,1199
2024-01-10 04:50:00+00:00,1.0522540081885225,1.0527277952114904,1.0517107390204607,1.0517187335485478,171
2024-01-10 04:55:00+00:00,1.0517187335485478,1.0519600061449836,1.050562191991384,1.0507417843920464,1410
2024-01-10 05:00:00+00:00,1.0507417843920464,1.0514418440002082,1.0506963128015772,1.0514387362328992,1214
2024-01-10 05:05:00+00:00,1.0514387362328992,1.0514491293953383,1.0509337605880387,1.0510250954471836,629
2024-01-10 05:10:00+00:00,1.0510250954471836,1.0511350618900435,1.0509348956968012,1.051035234494937,731
2024-01-10 05:15:00+00:00,1.051035234494937,1.0511218640526148,1.050712099661521,1.0507483448577684,210
2024-01-10 05:20:00+00:00,1.0507483448577684,1.0510849132982103,1.0506416771736735,1.0509102456237862,1410
2024-01-10 05:25:00+00:00,1.0509102456237862,1.0509753631313543,1.0502773932467648,1.0504317997092147,241
2024-01-10 05:30:00+00:00,1.0504317997092147,1.0504370955063402,1.0502087843620294,1.0503583009500315,1391
2024-01-10 05:35:00+00:00,1.0503583009500315,1.0506519097698708,1.050318714789579,1.050615541747122,1016
2024-01-10 05:40:00+00:00,1.050615541747122,1.05073990805183,1.0498709908887909,1.0501068815645562,1386
2024-01-10 05:45:00+00:00,1.0501068815645562,1.0502488738720641,1.0497345959120645,1.0497603021735853,619
2024-01-10 05:50:00+00:00,1.0497603021735853,1.0498581498230135,1.049555609475203,1.0495989630254445,1353
2024-01-10 05:55:00+00:00,1.0495989630254445,1.0497358911916879,1.0486271733755799,1.0488701134056457,696
2024-01-10 06:00:00+00:00,1.0488701134056457,1.0489554481422527,1.048624349477778,1.0486694850149394,590
2024-01-10 06:05:00+00:00,1.0486694850149394,1.0489218337959185,1.048317960531976,1.0487527475578005,571
2024-01-10 06:10:00+00:00,1.0487527475578005,1.0487736381545336,1.0484837916100316,1.0485642085876141,1432
2024-01-10 06:15:00+00:00,1.0485642085876141,1.048673444887869,1.0482837910622707,1.0484429020330157,751
2024-01-10 06:20:00+00:00,1.0484429020330157,1.0485990851364948,1.0484167388782606,1.0484534380082562,769
2024-01-10 06:25:00+00:00,1.0484534380082562,1.0487904238192807,1.0480914879060081,1.048130648833197,1000
2024-01-10 06:30:00+00:00,1.048130648833197,1.0485467516434634,1.048003659423764,1.048513773373947,878
2024-01-10 06:35:00+00:00,1.048513773373947,1.0494817634031897,1.04810454252511,1.0492875650704734,857
2024-01-10 06:40:00+00:00,1.0492875650704734,1.0494506366269707,1.0490147775432141,1.0490649165362782,630
2024-01-10 06:45:00+00:00,1.0490649165362782,1.0494357283946072,1.04899186234524,1.0493404000557132,329
2024-01-10 06:50:00+00:00,1.0493404000557132,1.0493445923039526,1.0491629738527115,1.0492356668828424,1492
2024-01-10 06:55:00+00:00,1.0492356668828424,1.04965028743533,1.0491447501845212,1.0494483927752842,787
2024-01-10 07:00:00+00:00,1.0494483927752842,1.0503232715015653,1.0492869521900685,1.0502909841493706,1461
2024-01-10 07:05:00+00:00,1.0502909841493706,1.0506777896131956,1.050026965923679,1.0505791102350703,744
2024-01-10 07:10:00+00:00,1.0505791102350703,1.0506425997706326,1.0494886213463561,1.0496685656831448,939
2024-01-10 07:15:00+00:00,1.0496685656831448,1.0500459318757278,1.0496296268884904,1.0499278315261023,864
2024-01-10 07:20:00+00:00,1.0499278315261023,1.0506412824764502,1.0497150562009183,1.0505960390610227,1452
2024-01-10 07:25:00+00:00,1.0505960390610227,1.05067991329383,1.0504416324042085,1.0505006469525684,254
2024-01-10 07:30:00+00:00,1.0505006469525684,1.051063453168826,1.0504350718305464,1.051044614469485,824
2024-01-10 07:35:00+00:00,1.051044614469485,1.0513385453808144,1.0506985940594855,1.0507029642503296,314
2024-01-10 07:40:00+00:00,1.0507029642503296,1.0508205569137137,1.0497393983868024,1.0499435481104045,1315
2024-01-10 07:45:00+00:00,1.0499435481104045,1.0502779709399046,1.0496939676541273,1.0500386567316249,842
2024-01-10 07:50:00+00:00,1.0500386567316249,1.0500770976324025,1.0490216542901465,1.0491374732765433,1392
2024-01-10 07:55:00+00:00,1.0491374732765433,1.0492166806426804,1.0490013819271056,1.0490326796486926,485
2024-01-10 08:00:00+00:00,1.0490326796486926,1.0497690259978418,1.0488871445870458,1.0497286300958197,328
2024-01-10 08:05:00+00:00,1.0497286300958197,1.0498526142360862,1.048618375289615,1.0487472582689932,980
2024-01-10 08:10:00+00:00,1.0487472582689932,1.0487860913761986,1.0480934638892243,1.0480972988358193,304
2024-01-10 08:15:00+00:00,1.0480972988358193,1.0481712076580616,1.0475613181201135,1.0475774256775634,621
2024-01-10 08:20:00+00:00,1.0475774256775634,1.0477562825705369,1.0474076935193577,1.0475652109982616,539
2024-01-10 08:25:00+00:00,1.0475652109982616,1.0476817939941945,1.0471934415590984,1.047394606211621,409
2024-01-10 08:30:00+00:00,1.047394606211621,1.0482768902107364,1.047303418252151,1.0481482780535167,283
2024-01-10 08:35:00+00:00,1.0481482780535167,1.0488186519448188,1.0481278499901485,1.0486693902979782,1018
2024-01-10 08:40:00+00:00,1.0486693902979782,1.0490457715693657,1.0485503276958628,1.0489500524749766,1161
2024-01-10 08:45:00+00:00,1.0489500524749766,1.0492329919860661,1.0488981178727879,1.0490474109389627,651
2024-01-10 08:50:00+00:00,1.0490474109389627,1.0493523357285246,1.0487506673141211,1.0492746502269064,493
2024-01-10 08:55:00+00:00,1.0492746502269064,1.0493775055824934,1.04878509454388,1.0488434076027242,320
2024-01-10 09:00:00+00:00,1.0488434076027242,1.04939434035051,1.0486823702867607,1.0493139241850047,1047
2024-01-10 09:05:00+00:00,1.0493139241850047,1.0493491783254827,1.0486405348678995,1.0487514687032837,1232
2024-01-10 09:10:00+00:00,1.0487514687032837,1.0495915439400878,1.0487377947769156,1.0492104951572956,867
2024-01-10 09:15:00+00:00,1.0492104951572956,1.0499012806555996,1.049172148707857,1.0498537359481865,704
2024-01-10 09:20:00+00:00,1.0498537359481865,1.049999767988622,1.0497233031075888,1.0499854215180462,1007
2024-01-10 09:25:00+00:00,1.0499854215180462,1.0500500034360958,1.0496580825393917,1.0499139106549809,1381
2024-01-10 09:30:00+00:00,1.0499139106549809,1.0504216922359928,1.049588264762053,1.0501450544038475,1485
2024-01-10 09:35:00+00:00,1.0501450544038475,1.05032816810541,1.0486376259425922,1.0486635526227122,370
2024-01-10 09:40:00+00:00,1.0486635526227122,1.0489316757184897,1.0482560389508262,1.048843009482368,767
2024-01-10 09:45:00+00:00,1.048843009482368,1.0489853698790865,1.0486975343144387,1.048804541068442,1326
2024-01-10 09:50:00+00:00,1.048804541068442,1.0488932348468,1.0486021480695062,1.0487989676618235,985
2024-01-10 09:55:00+00:00,1.0487989676618235,1.0493527712364303,1.0486873297627153,1.04919044892625,1242
2024-01-10 10:00:00+00:00,1.04919044892625,1.0494230594525227,1.0491376668530876,1.0491722093160374,1494
2024-01-10 10:05:00+00:00,1.0491722093160374,1.049282497135818,1.0482313928535485,1.0485950560867887,245
2024-01-10 10:10:00+00:00,1.0485950560867887,1.0487087774070107,1.048497669848673,1.0485418909171378,957
2024-01-10 10:15:00+00:00,1.0485418909171378,1.0487802835989137,1.0484066831474135,1.0485982791324662,844
2024-01-10 10:20:00+00:00,1.0485982791324662,1.0488849920570222,1.0484569607703627,1.0486795108489977,498
2024-01-10 10:25:00+00:00,1.0486795108489977,1.0489617391564632,1.0485001831743754,1.0487853852006555,1015
2024-01-10 10:30:00+00:00,1.0487853852006555,1.049368080262934,1.0486284918759163,1.0493513984404297,245
2024-01-10 10:35:00+00:00,1.0493513984404297,1.0495711482370307,1.0487261939145134,1.0488025695299081,793
2024-01-10 10:40:00+00:00,1.0488025695299081,1.0491212699548644,1.0485074704497843,1.0489156831262454,680
2024-01-10 10:45:00+00:00,1.0489156831262454,1.0496400394232932,1.0487381132059073,1.0496131751854134,646
2024-01-10 10:50:00+00:00,1.0496131751854134,1.049699664032938,1.0484530654934738,1.0487238319084105,959
2024-01-10 10:55:00+00:00,1.0487238319084105,1.0491640642523912,1.0486154765217905,1.0488390062627773,1421
2024-01-10 11:00:00+00:00,1.0488390062627773,1.0488895566178678,1.0485427031815036,1.048552999139754,1426
2024-01-10 11:05:00+00:00,1.048552999139754,1.0488075294910277,1.048085728466498,1.048379615457011,1081
2024-01-10 11:10:00+00:00,1.048379615457011,1.0484138202897717,1.0476184649396876,1.047926292178179,563
2024-01-10 11:15:00+00:00,1.047926292178179,1.0481604468163543,1.0478527634354644,1.0478584123776022,1452
2024-01-10 11:20:00+00:00,1.0478584123776022,1.0489461693645818,1.0478556504700383,1.0488440571383073,1497
2024-01-10 11:25:00+00:00,1.0488440571383073,1.049014643170649,1.0481104235153502,1.048201938884457,1284
2024-01-10 11:30:00+00:00,1.048201938884457,1.048247955677029,1.0475651862034427,1.0476099091870663,1322
2024-01-10 11:35:00+00:00,1.0476099091870663,1.0476301323909996,1.0467154856617151,1.0469489016068418,1243
2024-01-10 11:40:00+00:00,1.0469489016068418,1.0480238167540867,1.0467148478499144,1.0478740999237743,1164
2024-01-10 11:45:00+00:00,1.0478740999237743,1.0480265448609913,1.0473821082409653,1.0476528205043818,1115
2024-01-10 11:50:00+00:00,1.0476528205043818,1.0478971303988862,1.0474824191958303,1.0476603431438476,993
2024-01-10 11:55:00+00:00,1.0476603431438476,1.0478139344381778,1.0472249781238157,1.0474703064935647,1004
2024-01-10 12:00:00+00:00,1.0474703064935647,1.047639750958688,1.046690387845895,1.0469966284387442,645
2024-01-10 12:05:00+00:00,1.0469966284387442,1.0470651781053264,1.046779773118211,1.0468944674042227,1341
2024-01-10 12:10:00+00:00,1.0468944674042227,1.0482061973889276,1.0466216441034193,1.0482021661087595,988
2024-01-10 12:15:00+00:00,1.0482021661087595,1.0490411182637274,1.0481447684958185,1.0489527160294527,958
2024-01-10 12:20:00+00:00,1.0489527160294527,1.0490468949912997,1.0482800211488845,1.0485263493634847,1138
2024-01-10 12:25:00+00:00,1.0485263493634847,1.0489761692479287,1.048324437963278,1.0488868191455847,205
2024-01-10 12:30:00+00:00,1.0488868191455847,1.0492087901163094,1.0482512377761124,1.048471710243933,1386
2024-01-10 12:35:00+00:00,1.048471710243933,1.0485408633575635,1.04741907245584,1.047561444069976,915
2024-01-10 12:40:00+00:00,1.047561444069976,1.0485044914978734,1.0475093301508773,1.0481163954634345,1422
2024-01-10 12:45:00+00:00,1.0481163954634345,1.048780999623999,1.0479739885276265,1.0487453139577574,243
2024-01-10 12:50:00+00:00,1.0487453139577574,1.0494492655346401,1.0487263536868545,1.0493148100622571,427
2024-01-10 12:55:00+00:00,1.0493148100622571,1.049412757614389,1.049072309715722,1.0490892780760885,1429
2024-01-10 13:00:00+00:00,1.0490892780760885,1.0492936003528917,1.0489674872195067,1.0490227785444577,1069
2024-01-10 13:05:00+00:00,1.0490227785444577,1.0496211429398663,1.0487365697686382,1.049437019572206,1005
2024-01-10 13:10:00+00:00,1.049437019572206,1.0497718646086653,1.0493455801336322,1.049663433529902,666
2024-01-10 13:15:00+00:00,1.049663433529902,1.0496927531271212,1.0493670842665723,1.0494778333687287,877
2024-01-10 13:20:00+00:00,1.0494778333687287,1.0497977036950041,1.0486163735807075,1.048649232932473,864
2024-01-10 13:25:00+00:00,1.048649232932473,1.0487319936785586,1.0485977273780345,1.0487299134846253,376
2024-01-10 13:30:00+00:00,1.0487299134846253,1.04936570113132,1.0485834935037937,1.0493166829256977,893
2024-01-10 13:35:00+00:00,1.0493166829256977,1.049361232271064,1.0486133795881438,1.048709344573876,822
2024-01-10 13:40:00+00:00,1.048709344573876,1.0491479196233302,1.0484877080170671,1.0490652552270163,538
2024-01-10 13:45:00+00:00,1.0490652552270163,1.0492953526949182,1.048885900119195,1.0492601409686326,579
2024-01-10 13:50:00+00:00,1.0492601409686326,1.0497599606215924,1.0491466913270264,1.0496746765076652,1175
2024-01-10 13:55:00+00:00,1.0496746765076652,1.05045830965285,1.0496672676065983,1.0501533153014906,1045
2024-01-10 14:00:00+00:00,1.0501533153014906,1.050174330929978,1.04977112018946,1.0498096708797118,757
2024-01-10 14:05:00+00:00,1.0498096708797118,1.0499597530400362,1.0488666829909057,1.0489819172652728,946
2024-01-10 14:10:00+00:00,1.0489819172652728,1.0490729179085923,1.0486677331802132,1.0487230707361437,437
2024-01-10 14:15:00+00:00,1.0487230707361437,1.0492856746703825,1.0487221709034065,1.0492102693629144,799
2024-01-10 14:20:00+00:00,1.0492102693629144,1.0494333314740658,1.0488649927365123,1.0489469155374946,886
2024-01-10 14:25:00+00:00,1.0489469155374946,1.0489529039948582,1.0485517560250066,1.0486038871739005,453
2024-01-10 14:30:00+00:00,1.0486038871739005,1.0486910363550872,1.0475980349626877,1.0476699217274201,337
2024-01-10 14:35:00+00:00,1.0476699217274201,1.0488361772888086,1.0473284798206743,1.0486089731890007,836
2024-01-10 14:40:00+00:00,1.0486089731890007,1.0491015061862128,1.0485652163048447,1.049062870735306,1417
2024-01-10 14:45:00+00:00,1.049062870735306,1.0494971172184548,1.048761961319845,1.0494876866368625,746
2024-01-10 14:50:00+00:00,1.0494876866368625,1.050210090712728,1.049304600506163,1.0500164843293307,1362
2024-01-10 14:55:00+00:00,1.0500164843293307,1.0504254110966933,1.0499843741991723,1.050340261302153,1291
2024-01-10 15:00:00+00:00,1.050340261302153,1.0503783315598458,1.0499160053430439,1.0502329538905826,1142
2024-01-10 15:05:00+00:00,1.0502329538905826,1.0503997541673984,1.0499362556597809,1.0501679633202536,1352
2024-01-10 15:10:00+00:00,1.0501679633202536,1.050182460961301,1.0498848825612292,1.049964459480544,675
2024-01-10 15:15:00+00:00,1.049964459480544,1.051543521005831,1.0498507636406043,1.051368650845774,1162
2024-01-10 15:20:00+00:00,1.051368650845774,1.0520844384440715,1.0512749809724213,1.051681912459959,302
2024-01-10 15:25:00+00:00,1.051681912459959,1.0518520629349757,1.0514586364365557,1.051459060830628,547
2024-01-10 15:30:00+00:00,1.051459060830628,1.0517350224145356,1.0513524452769225,1.0517248154123369,893
2024-01-10 15:35:00+00:00,1.0517248154123369,1.0517795084928723,1.051038771690435,1.051214271945626,153
2024-01-10 15:40:00+00:00,1.051214271945626,1.0520683067881467,1.0510731139740779,1.0520260756984745,1171
2024-01-10 15:45:00+00:00,1.0520260756984745,1.0520560179971217,1.051687555274207,1.0516993852566747,1395
2024-01-10 15:50:00+00:00,1.0516993852566747,1.0520130696057897,1.0513076129483176,1.051983914865105,247
2024-01-10 15:55:00+00:00,1.051983914865105,1.0526027423853392,1.0519263155256653,1.0525656502034502,1488
2024-01-10 16:00:00+00:00,1.0525656502034502,1.052965425059809,1.0523118975767634,1.0527891985929088,223
2024-01-10 16:05:00+00:00,1.0527891985929088,1.05319956483516,1.0525657915723208,1.0528599828703702,277
2024-01-10 16:10:00+00:00,1.0528599828703702,1.0529214704390513,1.052627194307347,1.0528867266114659,1167
2024-01-10 16:15:00+00:00,1.0528867266114659,1.0529810017193229,1.052865965378363,1.0528780713051242,1059
2024-01-10 16:20:00+00:00,1.0528780713051242,1.0529309236034272,1.0525704187884033,1.0525955322701772,1410
2024-01-10 16:25:00+00:00,1.0525955322701772,1.0526515456686572,1.0522943808619118,1.05238002205582,695
2024-01-10 16:30:00+00:00,1.05238002205582,1.0532515649285077,1.0523085597990476,1.0531796153312893,901
2024-01-10 16:35:00+00:00,1.0531796153312893,1.0534244552299121,1.0530191859026814,1.0531435246390657,307
2024-01-10 16:40:00+00:00,1.0531435246390657,1.0531688982061114,1.0526764087231542,1.0527508093831655,1068
2024-01-10 16:45:00+00:00,1.0527508093831655,1.0528150810287917,1.0524847241869506,1.0525000980428638,1497
2024-01-10 16:50:00+00:00,1.0525000980428638,1.0532852780769153,1.0524314215624457,1.0531002181694833,935
2024-01-10 16:55:00+00:00,1.0531002181694833,1.053666125331459,1.0530465987738384,1.0534770209202378,1406
2024-01-10 17:00:00+00:00,1.0534770209202378,1.0538844664862708,1.0534097229013006,1.0537932374173655,650
2024-01-10 17:05:00+00:00,1.0537932374173655,1.0539352529905786,1.0534480712409655,1.0536786262331626,1475
2024-01-10 17:10:00+00:00,1.0536786262331626,1.0542298341338592,1.053434309833951,1.05400176969564,851
2024-01-10 17:15:00+00:00,1.05400176969564,1.0541392234015599,1.0532053224349975,1.0536836924487314,301
2024-01-10 17:20:00+00:00,1.0536836924487314,1.0537725653752297,1.0532975164009457,1.0535311116577646,607
2024-01-10 17:25:00+00:00,1.0535311116577646,1.0541795546280015,1.0533193230533364,1.054026168290936,788
2024-01-10 17:30:00+00:00,1.054026168290936,1.0544942260327483,1.0539195103067553,1.0544711136743783,193
2024-01-10 17:35:00+00:00,1.0544711136743783,1.0546888847888003,1.053936095423384,1.0539375988232793,1354
2024-01-10 17:40:00+00:00,1.0539375988232793,1.054153258779629,1.0533421098587294,1.053470954011543,434
2024-01-10 17:45:00+00:00,1.053470954011543,1.053648275044237,1.0532636179550625,1.0535124092275465,1045
2024-01-10 17:50:00+00:00,1.0535124092275465,1.0546052341373489,1.0534193671960554,1.05440585747975,1387
2024-01-10 17:55:00+00:00,1.05440585747975,1.0544678607529983,1.0531706032896662,1.0533801498269875,708
2024-01-10 18:00:00+00:00,1.0533801498269875,1.0535290145273342,1.053247306154901,1.0535109443215336,953
2024-01-10 18:05:00+00:00,1.0535109443215336,1.0535705413014858,1.0526171176431993,1.0527703033025322,823
2024-01-10 18:10:00+00:00,1.0527703033025322,1.0528447738747104,1.0523709114968587,1.0524206093317587,1169
2024-01-10 18:15:00+00:00,1.0524206093317587,1.0525680014881367,1.0520948214562946,1.0522130570337203,154
2024-01-10 18:20:00+00:00,1.0522130570337203,1.05236702655684,1.051885944418856,1.0519760416530868,603
2024-01-10 18:25:00+00:00,1.0519760416530868,1.052088854585577,1.0516669368594083,1.0516794917426355,956
2024-01-10 18:30:00+00:00,1.0516794917426355,1.051778772065661,1.0516041148236706,1.0516675063090561,227
2024-01-10 18:35:00+00:00,1.0516675063090561,1.0521013425800412,1.0513086239386435,1.0513702758529633,1303
2024-01-10 18:40:00+00:00,1.0513702758529633,1.051472588158438,1.0505456629534464,1.0505857131867569,984
2024-01-10 18:45:00+00:00,1.0505857131867569,1.0511429777609245,1.050482698450028,1.0509796143375914,103
2024-01-10 18:50:00+00:00,1.0509796143375914,1.0514331454531072,1.0508927548786664,1.0513594762933143,117
2024-01-10 18:55:00+00:00,1.0513594762933143,1.0520066883274632,1.051180695266185,1.0517869455516746,323
2024-01-10 19:00:00+00:00,1.0517869455516746,1.0517895901317331,1.0507147709743692,1.0509609065326255,1029
2024-01-10 19:05:00+00:00,1.0509609065326255,1.0512592155164424,1.050942817066387,1.051102217765337,825
2024-01-10 19:10:00+00:00,1.051102217765337,1.0514659690638153,1.0509735219216623,1.0514417126693212,775
2024-01-10 19:15:00+00:00,1.0514417126693212,1.0516920760810495,1.050666239144602,1.050883816609157,885
2024-01-10 19:20:00+00:00,1.050883816609157,1.0510512392849718,1.0508298443343276,1.050872873360938,792
2024-01-10 19:25:00+00:00,1.050872873360938,1.0508741682959493,1.050672346432647,1.050796019536021,580
2024-01-10 19:30:00+00:00,1.050796019536021,1.051854319353305,1.0505065146560373,1.0517481198854326,110
2024-01-10 19:35:00+00:00,1.0517481198854326,1.0527744544442008,1.051705432410931,1.0527443862079617,139
2024-01-10 19:40:00+00:00,1.0527443862079617,1.0529263350200229,1.0515927885641176,1.0518525241173047,1064
2024-01-10 19:45:00+00:00,1.0518525241173047,1.053216618297807,1.0517654400344008,1.0531483680374125,1141
2024-01-10 19:50:00+00:00,1.0531483680374125,1.0534752712650928,1.052355295888286,1.052650636574583,435
2024-01-10 19:55:00+00:00,1.052650636574583,1.0534862491623798,1.0525466863564545,1.053150999998807,440
2024-01-10 20:00:00+00:00,1.053150999998807,1.0536908238081988,1.0530328780359204,1.0536462431933287,671
2024-01-10 20:05:00+00:00,1.0536462431933287,1.0537335801169783,1.0529966829566797,1.0531058858662328,1002
2024-01-10 20:10:00+00:00,1.0531058858662328,1.0535381079204353,1.0529968764907123,1.0533498208864447,930
2024-01-10 20:15:00+00:00,1.0533498208864447,1.0535374010115786,1.0532690066328425,1.0532773853140005,882
2024-01-10 20:20:00+00:00,1.0532773853140005,1.0537608571167643,1.0531924580677354,1.053553517782161,151
2024-01-10 20:25:00+00:00,1.053553517782161,1.0538578028944967,1.0535530187576763,1.053659227287208,703
2024-01-10 20:30:00+00:00,1.053659227287208,1.054317018293388,1.0535695692887532,1.054273689467663,1153
2024-01-10 20:35:00+00:00,1.054273689467663,1.0543334418308947,1.054238338894664,1.0542976212395894,926
2024-01-10 20:40:00+00:00,1.0542976212395894,1.0542993803303546,1.0540074149186136,1.0541933121592388,1229
2024-01-10 20:45:00+00:00,1.0541933121592388,1.0551327345103216,1.054115724649634,1.0547552310516495,1073
2024-01-10 20:50:00+00:00,1.0547552310516495,1.0550756553499727,1.054727498603038,1.0550454975631918,1359
2024-01-10 20:55:00+00:00,1.0550454975631918,1.055534936699072,1.0547896703143986,1.0554157200940957,901
2024-01-10 21:00:00+00:00,1.0554157200940957,1.055561062179239,1.054892044861252,1.055049181247661,897
2024-01-10 21:05:00+00:00,1.055049181247661,1.0552066522088686,1.0544540698182743,1.0544819536890906,880
2024-01-10 21:10:00+00:00,1.0544819536890906,1.0545731685240816,1.0541412314000158,1.0541668100824004,470
2024-01-10 21:15:00+00:00,1.0541668100824004,1.054229341989749,1.053702915940484,1.0538237729303623,710
2024-01-10 21:20:00+00:00,1.0538237729303623,1.054459003746328,1.0537718865086205,1.0542222233135519,336
2024-01-10 21:25:00+00:00,1.0542222233135519,1.0548143065546836,1.0540379658539032,1.0547208620179118,702
2024-01-10 21:30:00+00:00,1.0547208620179118,1.0548204378894601,1.0545768341879136,1.0546232316286313,309
2024-01-10 21:35:00+00:00,1.0546232316286313,1.0555590718426207,1.054459591639302,1.0553619525000726,787
2024-01-10 21:40:00+00:00,1.0553619525000726,1.0564037834518938,1.0553424930053736,1.0560682373364554,1435
2024-01-10 21:45:00+00:00,1.0560682373364554,1.0564490667884154,1.0559878230060806,1.0561809192452016,732
2024-01-10 21:50:00+00:00,1.0561809192452016,1.0562424645168196,1.0556671247508613,1.0557310433280187,1134
2024-01-10 21:55:00+00:00,1.0557310433280187,1.05666443029465,1.0555345616998946,1.0565467943792404,714
2024-01-10 22:00:00+00:00,1.0565467943792404,1.0565741336667747,1.05638438664745,1.0564987123340093,1368
2024-01-10 22:05:00+00:00,1.0564987123340093,1.0565516354961229,1.056428516634572,1.0565495115371097,394
2024-01-10 22:10:00+00:00,1.0565495115371097,1.0565866094321057,1.0562526477565586,1.0563542585324766,1268
2024-01-10 22:15:00+00:00,1.0563542585324766,1.0565170856689645,1.0558605662432283,1.055868446318406,1114
2024-01-10 22:20:00+00:00,1.055868446318406,1.056042888595193,1.0549569684127271,1.0550772632749668,1344
2024-01-10 22:25:00+00:00,1.0550772632749668,1.0555601188108845,1.0549107416647345,1.0553952996054337,286
2024-01-10 22:30:00+00:00,1.0553952996054337,1.0555574439859616,1.0546293163084721,1.0549660697809455,1352
2024-01-10 22:35:00+00:00,1.0549660697809455,1.0566212024866688,1.054720906834543,1.0565640961079121,1372
2024-01-10 22:40:00+00:00,1.0565640961079121,1.0567588087545565,1.055660013698137,1.0559744944699108,514
2024-01-10 22:45:00+00:00,1.0559744944699108,1.0559821880079103,1.0551908527485265,1.0552947729408069,974
2024-01-10 22:50:00+00:00,1.0552947729408069,1.0555743193087392,1.0549934661850715,1.0555481168792435,921
2024-01-10 22:55:00+00:00,1.0555481168792435,1.056464039676298,1.0554842845172343,1.0563394156389112,168
2024-01-10 23:00:00+00:00,1.0563394156389112,1.0564961363024972,1.0563315314349864,1.0563576848479124,835
2024-01-10 23:05:00+00:00,1.0563576848479124,1.0566535164539177,1.056119908485851,1.05664408582172,1022
2024-01-10 23:10:00+00:00,1.05664408582172,1.056812511829598,1.0556535101117197,1.055654249422638,387
2024-01-10 23:15:00+00:00,1.055654249422638,1.0556851352032788,1.0549812878562723,1.0552808056377754,606
2024-01-10 23:20:00+00:00,1.0552808056377754,1.055284635497947,1.0544520678208213,1.054698493389896,919
2024-01-10 23:25:00+00:00,1.054698493389896,1.0547875282530446,1.053639977806887,1.0536833219110726,1401
2024-01-10 23:30:00+00:00,1.0536833219110726,1.0537302604938077,1.0535017720061384,1.053729146722036,184
2024-01-10 23:35:00+00:00,1.053729146722036,1.053841721555008,1.0523805573403309,1.0525316743668531,1410
2024-01-10 23:40:00+00:00,1.0525316743668531,1.0525966157130857,1.0516855438441657,1.051820059824724,1242
2024-01-10 23:45:00+00:00,1.051820059824724,1.051901851239941,1.0513201657604059,1.0515217669195485,1284
2024-01-10 23:50:00+00:00,1.0515217669195485,1.051649960087629,1.050811678918006,1.0510689365175272,166
2024-01-10 23:55:00+00:00,1.0510689365175272,1.0513811909099506,1.051038051986469,1.0512614968149003,894
2024-01-11 00:00:00+00:00,1.0512614968149003,1.0514978077378223,1.0512137042960548,1.051406350237416,616
2024-01-11 00:05:00+00:00,1.051406350237416,1.0519948292372776,1.0511621016297856,1.051860451980818,1386
2024-01-11 00:10:00+00:00,1.051860451980818,1.0522499997176005,1.0517060535597693,1.0522403754206153,1137
2024-01-11 00:15:00+00:00,1.0522403754206153,1.053064991124581,1.052232195830962,1.052824796453865,1009
2024-01-11 00:20:00+00:00,1.052824796453865,1.0530070511217133,1.0527348820665632,1.0528079942123687,138
2024-01-11 00:25:00+00:00,1.0528079942123687,1.0531850997634549,1.0526717397058718,1.0529519482820349,1325
2024-01-11 00:30:00+00:00,1.0529519482820349,1.053302804181932,1.0528515102142817,1.0532054536773152,785
2024-01-11 00:35:00+00:00,1.0532054536773152,1.0534830065808878,1.053092696830681,1.053264252398631,324
2024-01-11 00:40:00+00:00,1.053264252398631,1.053482710183858,1.0528154977970343,1.0530392781508993,1323
2024-01-11 00:45:00+00:00,1.0530392781508993,1.0531374557555186,1.0525461142469008,1.0528484450385331,1365
2024-01-11 00:50:00+00:00,1.0528484450385331,1.052849104983955,1.0523841485797465,1.0524022697676525,795
2024-01-11 00:55:00+00:00,1.0524022697676525,1.0526840764174106,1.0523599286901828,1.0526083389879908,1026
2024-01-11 01:00:00+00:00,1.0526083389879908,1.0526694369965108,1.0524483654998658,1.0525430692847892,954
2024-01-11 01:05:00+00:00,1.0525430692847892,1.0526373620394347,1.0521779960563074,1.0521782716712675,524
2024-01-11 01:10:00+00:00,1.0521782716712675,1.0524387440580598,1.0517272795439312,1.0518140891924825,1147
2024-01-11 01:15:00+00:00,1.0518140891924825,1.0519301314823797,1.0511464555914605,1.0511617547634333,1496
2024-01-11 01:20:00+00:00,1.0511617547634333,1.051869013017119,1.0510965985825302,1.0516604476280569,1407
2024-01-11 01:25:00+00:00,1.0516604476280569,1.0518115915630282,1.0515965098894302,1.051686012268108,1061
2024-01-11 01:30:00+00:00,1.051686012268108,1.0517200483437794,1.0511866449058689,1.051216539621939,604
2024-01-11 01:35:00+00:00,1.051216539621939,1.051947354794242,1.0511872966986309,1.0516257507575728,1371
2024-01-11 01:40:00+00:00,1.0516257507575728,1.0517087564675653,1.05126520627719,1.0513152851711307,1398
2024-01-11 01:45:00+00:00,1.0513152851711307,1.0514486945860093,1.0504906125039484,1.0505601776379627,107
2024-01-11 01:50:00+00:00,1.0505601776379627,1.0512514685031085,1.0504400676281762,1.0510808469700832,573
2024-01-11 01:55:00+00:00,1.0510808469700832,1.0511630418862932,1.050503715729769,1.0507828145780294,873
2024-01-11 02:00:00+00:00,1.0507828145780294,1.050899911834356,1.050304141287069,1.0505522207673665,908
2024-01-11 02:05:00+00:00,1.0505522207673665,1.0506749206563526,1.0505308636505843,1.0505580933649696,1097
2024-01-11 02:10:00+00:00,1.0505580933649696,1.0512331571715756,1.0504619645297375,1.051142513171266,819
2024-01-11 02:15:00+00:00,1.051142513171266,1.051364926008221,1.0510229536147127,1.0511372770577077,119
2024-01-11 02:20:00+00:00,1.0511372770577077,1.0513151981720197,1.05037972014589,1.050491291643127,332
2024-01-11 02:25:00+00:00,1.050491291643127,1.0511609806386382,1.0503472127880211,1.0507612033020246,1167
2024-01-11 02:30:00+00:00,1.0507612033020246,1.0508550447130922,1.0503279793079823,1.050490637690848,1070
2024-01-11 02:35:00+00:00,1.050490637690848,1.0515077989381598,1.050451706293017,1.0514665035596644,1012
2024-01-11 02:40:00+00:00,1.0514665035596644,1.0514920779200934,1.0513398660560982,1.051450142887024,717
2024-01-11 02:45:00+00:00,1.051450142887024,1.051716913257756,1.0501673917086871,1.0502593569380692,484
2024-01-11 02:50:00+00:00,1.0502593569380692,1.0506042881573823,1.0501635840540477,1.0504312660006392,531
2024-01-11 02:55:00+00:00,1.0504312660006392,1.0515122242335373,1.0500581652280814,1.0514368426920422,1064
2024-01-11 03:00:00+00:00,1.0514368426920422,1.0523556796133509,1.0513760327578185,1.052249561465663,806
2024-01-11 03:05:00+00:00,1.052249561465663,1.0532157038376873,1.052065343498177,1.0531970881459451,283
2024-01-11 03:10:00+00:00,1.0531970881459451,1.0532892641857443,1.0526172901681279,1.0526442859606975,659
2024-01-11 03:15:00+00:00,1.0526442859606975,1.053467104571465,1.0525133669640698,1.0531085823001833,1253
2024-01-11 03:20:00+00:00,1.0531085823001833,1.0531117443161009,1.0526088962763274,1.0527126163483636,938
2024-01-11 03:25:00+00:00,1.0527126163483636,1.0529910286777941,1.052234470715154,1.0528148817993581,1312
2024-01-11 03:30:00+00:00,1.0528148817993581,1.052945952953022,1.0519693160167438,1.0521289979457311,812
2024-01-11 03:35:00+00:00,1.0521289979457311,1.0523933368839293,1.0516073938333543,1.0517741907116986,779
2024-01-11 03:40:00+00:00,1.0517741907116986,1.0518297719786018,1.051310902161695,1.0514027846874174,1429
2024-01-11 03:45:00+00:00,1.0514027846874174,1.0521114721951481,1.0513295212020446,1.0518593854075158,810
2024-01-11 03:50:00+00:00,1.0518593854075158,1.0522670454867784,1.0514914746274244,1.0522647294783363,289
2024-01-11 03:55:00+00:00,1.0522647294783363,1.0525177911808712,1.0520073185149574,1.0523945893261935,662
2024-01-11 04:00:00+00:00,1.0523945893261935,1.0527030890212177,1.0514804847761494,1.051668215310518,1006
2024-01-11 04:05:00+00:00,1.051668215310518,1.05194207368055,1.0513912079931382,1.051488569643627,583
2024-01-11 04:10:00+00:00,1.051488569643627,1.0515733556431484,1.0508759739024796,1.051080530838364,674
2024-01-11 04:15:00+00:00,1.051080530838364,1.0517801131214777,1.050981113483754,1.0515218142584033,1322
2024-01-11 04:20:00+00:00,1.0515218142584033,1.052267233382773,1.0515172129551478,1.0521254849681723,709
2024-01-11 04:25:00+00:00,1.0521254849681723,1.0527804762568944,1.0519367134976303,1.052665428184406,526
2024-01-11 04:30:00+00:00,1.052665428184406,1.0528375651986028,1.0519358118122262,1.0522521415162263,250
2024-01-11 04:35:00+00:00,1.0522521415162263,1.0523678988801124,1.0507699233144727,1.0507950179367616,663
2024-01-11 04:40:00+00:00,1.0507950179367616,1.0508802738264829,1.0497607255897385,1.049850898631773,1173
2024-01-11 04:45:00+00:00,1.049850898631773,1.0506357401154898,1.049757694340926,1.0505813990485229,519
2024-01-11 04:50:00+00:00,1.0505813990485229,1.0506748828355612,1.0502169683629052,1.0503548648397745,758
2024-01-11 04:55:00+00:00,1.0503548648397745,1.0504759419345844,1.0497001734733569,1.0499448458893268,1019
2024-01-11 05:00:00+00:00,1.0499448458893268,1.0508055929541262,1.0499357268175584,1.0507914480709588,1399
2024-01-11 05:05:00+00:00,1.0507914480709588,1.0515237671710607,1.0507491351112956,1.0514403958248182,1239
2024-01-11 05:10:00+00:00,1.0514403958248182,1.0515579934304586,1.0514237213411768,1.0514374774058073,500
2024-01-11 05:15:00+00:00,1.0514374774058073,1.0514691102921723,1.0512340624697234,1.0512674583406805,330
2024-01-11 05:20:00+00:00,1.0512674583406805,1.051289954115502,1.0510781147647665,1.0511822524756866,1039
2024-01-11 05:25:00+00:00,1.0511822524756866,1.05151379221856,1.0507064153106125,1.0512858794929434,456
2024-01-11 05:30:00+00:00,1.0512858794929434,1.052205723434345,1.0511026673263868,1.052111163761437,649
2024-01-11 05:35:00+00:00,1.052111163761437,1.0523242804596913,1.052059085810883,1.0523176234406635,245
2024-01-11 05:40:00+00:00,1.0523176234406635,1.0527491562584965,1.052083331795406,1.0526838452496103,1184
2024-01-11 05:45:00+00:00,1.0526838452496103,1.053485368401601,1.052609136542443,1.053283490869207,324
2024-01-11 05:50:00+00:00,1.053283490869207,1.0535090779081953,1.0525810629818222,1.0526516914060717,632
2024-01-11 05:55:00+00:00,1.0526516914060717,1.0532928886791806,1.0525855366184425,1.053033204954646,669
2024-01-11 06:00:00+00:00,1.053033204954646,1.0530367231299438,1.0527409589003425,1.0528623141166713,159
2024-01-11 06:05:00+00:00,1.0528623141166713,1.0529124595553,1.0514372811485042,1.05152197027678,1186
2024-01-11 06:10:00+00:00,1.05152197027678,1.0515842799116286,1.0502612702553535,1.0503872889322898,965
2024-01-11 06:15:00+00:00,1.0503872889322898,1.0506499497618456,1.0496640996075357,1.0498368242240672,858
2024-01-11 06:20:00+00:00,1.0498368242240672,1.0501219161769308,1.0496586021173975,1.0500999255253336,349
2024-01-11 06:25:00+00:00,1.0500999255253336,1.0501966540335286,1.0500717490220726,1.0501439244839947,174
2024-01-11 06:30:00+00:00,1.0501439244839947,1.0503315064420335,1.0501206921935355,1.0502249781138362,177
2024-01-11 06:35:00+00:00,1.0502249781138362,1.0512649164028443,1.0501158916465019,1.0512336895273677,975
2024-01-11 06:40:00+00:00,1.0512336895273677,1.0515794202893733,1.0504456660749197,1.0505508661429397,1146
2024-01-11 06:45:00+00:00,1.0505508661429397,1.0507938051920673,1.0504469271233063,1.0505206978129482,1213
2024-01-11 06:50:00+00:00,1.0505206978129482,1.0509882456443007,1.050472523780176,1.0506648479114138,1220
2024-01-11 06:55:00+00:00,1.0506648479114138,1.050837031284398,1.0500194721798475,1.0502622997976905,650
2024-01-11 07:00:00+00:00,1.0502622997976905,1.0504871162345808,1.050226589349552,1.050261421119412,101
2024-01-11 07:05:00+00:00,1.050261421119412,1.0504085764090554,1.0492865275049141,1.049405484667428,443
2024-01-11 07:10:00+00:00,1.049405484667428,1.0501582655944743,1.049270824022852,1.0501295252437954,1201
2024-01-11 07:15:00+00:00,1.0501295252437954,1.05022800769172,1.0496698020613071,1.0497558815176928,1169
2024-01-11 07:20:00+00:00,1.0497558815176928,1.0509356521474669,1.0496906053313066,1.0508063723148162,810
2024-01-11 07:25:00+00:00,1.0508063723148162,1.051057338786429,1.050520265659857,1.050773548105977,133
2024-01-11 07:30:00+00:00,1.050773548105977,1.0513098542087445,1.0507572513340404,1.051297912249034,1187
2024-01-11 07:35:00+00:00,1.051297912249034,1.05137058597892,1.0510684832338721,1.0512541241829068,1241
2024-01-11 07:40:00+00:00,1.0512541241829068,1.051296322628533,1.0512163827578618,1.0512221955808154,417
2024-01-11 07:45:00+00:00,1.0512221955808154,1.0513260647887743,1.0505344860263306,1.0508994549489052,1225
2024-01-11 07:50:00+00:00,1.0508994549489052,1.0511951690480337,1.0506565659802547,1.0509462850933022,995
2024-01-11 07:55:00+00:00,1.0509462850933022,1.0511183198228047,1.0507588435251929,1.051097620672305,1343
2024-01-11 08:00:00+00:00,1.051097620672305,1.0513703352221253,1.0506115251338406,1.0506696880816386,977
2024-01-11 08:05:00+00:00,1.0506696880816386,1.050766075858222,1.0505324806324545,1.0505882378476135,225
2024-01-11 08:10:00+00:00,1.0505882378476135,1.0507086503943428,1.05010883625424,1.050251997677744,1005
2024-01-11 08:15:00+00:00,1.050251997677744,1.0515209987289824,1.0500811867013036,1.0514438572893292,250
2024-01-11 08:20:00+00:00,1.0514438572893292,1.051612390397779,1.051349346206998,1.051380912198053,462
2024-01-11 08:25:00+00:00,1.051380912198053,1.052211200141615,1.051326718930385,1.0521774552789742,1321
2024-01-11 08:30:00+00:00,1.0521774552789742,1.0521786178200359,1.051814683356841,1.0520587579140326,1455
2024-01-11 08:35:00+00:00,1.0520587579140326,1.0523140266306839,1.0520296005705654,1.0521793699497117,765
2024-01-11 08:40:00+00:00,1.0521793699497117,1.0522358723660594,1.0514591698393942,1.0514684312509737,507
2024-01-11 08:45:00+00:00,1.0514684312509737,1.0514915040769068,1.0509986749698783,1.0512176178660915,649
2024-01-11 08:50:00+00:00,1.0512176178660915,1.0513239552142246,1.051160741859053,1.0513125084793762,439
2024-01-11 08:55:00+00:00,1.0513125084793762,1.052141254491059,1.05128459748767,1.052130431624741,902
2024-01-11 09:00:00+00:00,1.052130431624741,1.0522456338295914,1.0520715987460547,1.0522314270861115,689
2024-01-11 09:05:00+00:00,1.0522314270861115,1.0530017156865568,1.052154778045374,1.0529436406398782,182
2024-01-11 09:10:00+00:00,1.0529436406398782,1.053287264663576,1.052892008028175,1.0532651723062492,954
2024-01-11 09:15:00+00:00,1.0532651723062492,1.0542082290201578,1.0530258457155492,1.054106415904776,1001
2024-01-11 09:20:00+00:00,1.054106415904776,1.0545264998943953,1.054036564967511,1.0540594859185022,1033
2024-01-11 09:25:00+00:00,1.0540594859185022,1.0555264846104977,1.0538785798576393,1.0553033934870235,1423
2024-01-11 09:30:00+00:00,1.0553033934870235,1.0553959545820133,1.0549330722979866,1.0550314438060606,1085
2024-01-11 09:35:00+00:00,1.0550314438060606,1.0551114798794785,1.0544397619686876,1.0546112976666258,1046
2024-01-11 09:40:00+00:00,1.0546112976666258,1.05493408677776,1.0538610179693748,1.0539574107941327,396
2024-01-11 09:45:00+00:00,1.0539574107941327,1.0553789467687855,1.0539246968791074,1.0551700017966372,750
2024-01-11 09:50:00+00:00,1.0551700017966372,1.0556539421692759,1.055137907708283,1.055586502494946,708
2024-01-11 09:55:00+00:00,1.055586502494946,1.0556258327083006,1.05530784134517,1.0553943220292286,1445
2024-01-11 10:00:00+00:00,1.0553943220292286,1.056090441332001,1.0552688758302387,1.0560375968455813,764
2024-01-11 10:05:00+00:00,1.0560375968455813,1.0565807788146924,1.0560177872396515,1.056384870682899,1063
2024-01-11 10:10:00+00:00,1.056384870682899,1.0576003626330799,1.056245949748244,1.0574075185671363,856
2024-01-11 10:15:00+00:00,1.0574075185671363,1.057479045337973,1.056484032266252,1.0565733124169456,179
2024-01-11 10:20:00+00:00,1.0565733124169456,1.0566040614658374,1.056276978391333,1.056417277612947,1409
2024-01-11 10:25:00+00:00,1.056417277612947,1.0567126680520469,1.0559961954063692,1.0561571235631513,1038
2024-01-11 10:30:00+00:00,1.0561571235631513,1.0561728222311781,1.0549917978373589,1.055099021697127,422
2024-01-11 10:35:00+00:00,1.055099021697127,1.0557682956660819,1.055077787336033,1.0556425703100225,183
2024-01-11 10:40:00+00:00,1.0556425703100225,1.055672083293503,1.0553710794076916,1.0554840146138822,1411
2024-01-11 10:45:00+00:00,1.0554840146138822,1.056125443946068,1.0553424735005743,1.0558585168104493,530
2024-01-11 10:50:00+00:00,1.0558585168104493,1.0571526694540065,1.0558271004375135,1.0570884715799935,123
2024-01-11 10:55:00+00:00,1.0570884715799935,1.0573574850613938,1.0568382695424454,1.056885910335775,961
2024-01-11 11:00:00+00:00,1.056885910335775,1.0569094183225207,1.0564367773097918,1.056647501720387,122
2024-01-11 11:05:00+00:00,1.056647501720387,1.0568887513357608,1.0565722814806033,1.0566943451071023,401
2024-01-11 11:10:00+00:00,1.0566943451071023,1.0573348401280969,1.0564964021542784,1.0572001040394856,1350
2024-01-11 11:15:00+00:00,1.0572001040394856,1.0573832214743277,1.0568168424591664,1.0568846815032658,153
2024-01-11 11:20:00+00:00,1.0568846815032658,1.0569778857239183,1.0565291000805699,1.0565354014097303,1153
2024-01-11 11:25:00+00:00,1.0565354014097303,1.057260251932436,1.056419594080811,1.0570780323237094,965
2024-01-11 11:30:00+00:00,1.0570780323237094,1.0575096579136716,1.0570649424146037,1.0572623018089262,528
2024-01-11 11:35:00+00:00,1.0572623018089262,1.057384865793492,1.05615499153952,1.05616553581944,500
2024-01-11 11:40:00+00:00,1.05616553581944,1.056403010150796,1.055372729467083,1.0555025850431652,764
2024-01-11 11:45:00+00:00,1.0555025850431652,1.0565112291062169,1.055412660266736,1.0562790316719042,846
2024-01-11 11:50:00+00:00,1.0562790316719042,1.0565936971995664,1.0561579572982005,1.056475461695255,1346
2024-01-11 11:55:00+00:00,1.056475461695255,1.0565536415737256,1.055694559213207,1.0560569939142572,465
2024-01-11 12:00:00+00:00,1.0560569939142572,1.0562043614100682,1.0559338312604025,1.0559511719041716,926
2024-01-11 12:05:00+00:00,1.0559511719041716,1.0560484994306436,1.0557567984179177,1.0559423212766716,1061
2024-01-11 12:10:00+00:00,1.0559423212766716,1.0564646530983601,1.0557864100572398,1.0563149281379998,117
2024-01-11 12:15:00+00:00,1.0563149281379998,1.05645994988701,1.0554000017221268,1.0555817064639115,1353
2024-01-11 12:20:00+00:00,1.0555817064639115,1.055615726789137,1.0550572717371616,1.055122027474891,1488
2024-01-11 12:25:00+00:00,1.055122027474891,1.0552710886545418,1.0549061868898038,1.05525020145922,221
2024-01-11 12:30:00+00:00,1.05525020145922,1.0553335978698253,1.0550465741657573,1.0551816974756079,466
2024-01-11 12:35:00+00:00,1.0551816974756079,1.0555156693916055,1.055115921581558,1.0554675774216715,1200
2024-01-11 12:40:00+00:00,1.0554675774216715,1.0555532849521512,1.0546995084923714,1.0548028928109536,1232
2024-01-11 12:45:00+00:00,1.0548028928109536,1.0550077031105836,1.054654867148412,1.0549754209479798,318
2024-01-11 12:50:00+00:00,1.0549754209479798,1.0556688314841873,1.0549319881048715,1.0555353932608422,1384
2024-01-11 12:55:00+00:00,1.0555353932608422,1.0560341824945734,1.055156048502574,1.0557764873332494,561
2024-01-11 13:00:00+00:00,1.0557764873332494,1.0558548765893556,1.055503345947638,1.0558340861379154,510
2024-01-11 13:05:00+00:00,1.0558340861379154,1.056053252982643,1.055638095256809,1.055767630038678,600
2024-01-11 13:10:00+00:00,1.055767630038678,1.055811449993681,1.0552705730810112,1.0553110891127289,1040
2024-01-11 13:15:00+00:00,1.0553110891127289,1.0555710011810477,1.0548993510195144,1.0552572689898911,388
2024-01-11 13:20:00+00:00,1.0552572689898911,1.0559811853616405,1.0549726657134555,1.0559060970098768,860
2024-01-11 13:25:00+00:00,1.0559060970098768,1.055926251939074,1.055623321683037,1.0558274169555033,205
2024-01-11 13:30:00+00:00,1.0558274169555033,1.0559472248676298,1.055216128987313,1.0553418398204137,305
2024-01-11 13:35:00+00:00,1.0553418398204137,1.055669162998871,1.0549590417767465,1.0550662652186644,1175
2024-01-11 13:40:00+00:00,1.0550662652186644,1.0552390306432673,1.0549351373573967,1.0551563944111937,637
2024-01-11 13:45:00+00:00,1.0551563944111937,1.0552140875655054,1.0548195385574402,1.0549435092240138,1211
2024-01-11 13:50:00+00:00,1.0549435092240138,1.0556421980740986,1.0547073013685186,1.0551836688456118,1132
2024-01-11 13:55:00+00:00,1.0551836688456118,1.0555983341433637,1.0551450859824705,1.0554436891894292,1495
2024-01-11 14:00:00+00:00,1.0554436891894292,1.0560713522715026,1.0554260371842947,1.0558969933778684,292
2024-01-11 14:05:00+00:00,1.0558969933778684,1.0567916909079098,1.0557743424758648,1.0566327210062971,1408
2024-01-11 14:10:00+00:00,1.0566327210062971,1.0572023561563917,1.0563690602928462,1.0571429999723179,1348
2024-01-11 14:15:00+00:00,1.0571429999723179,1.0572828913312664,1.0566249865844146,1.0566333306838358,708
2024-01-11 14:20:00+00:00,1.0566333306838358,1.056667423629385,1.0559663613407062,1.0561401288780388,289
2024-01-11 14:25:00+00:00,1.0561401288780388,1.0562281151054074,1.0560376350824983,1.0560842741276488,286
2024-01-11 14:30:00+00:00,1.0560842741276488,1.0561342776653453,1.0557373191625143,1.0558301932637097,815
2024-01-11 14:35:00+00:00,1.0558301932637097,1.0558485350428186,1.0551124350703995,1.0552134159467488,114
2024-01-11 14:40:00+00:00,1.0552134159467488,1.0553135088040877,1.0549288510707282,1.054964548192047,233
2024-01-11 14:45:00+00:00,1.054964548192047,1.0551644877123485,1.0546634295483952,1.0546984265625108,844
2024-01-11 14:50:00+00:00,1.0546984265625108,1.054939144509779,1.0542935432486276,1.0543283077091046,888
2024-01-11 14:55:00+00:00,1.0543283077091046,1.0545465398782963,1.0540874065735042,1.054146019887224,1304
2024-01-11 15:00:00+00:00,1.054146019887224,1.054815905322997,1.0540086729030653,1.0547513373336734,1464
2024-01-11 15:05:00+00:00,1.0547513373336734,1.054991501294311,1.0546435017926419,1.054840589358841,475
2024-01-11 15:10:00+00:00,1.054840589358841,1.0563307462530505,1.0548079632941323,1.0561284490212852,562
2024-01-11 15:15:00+00:00,1.0561284490212852,1.0562888178015863,1.056051827394126,1.056202646367573,378
2024-01-11 15:20:00+00:00,1.056202646367573,1.056254704115234,1.0559077254052027,1.0560336192088509,414
2024-01-11 15:25:00+00:00,1.0560336192088509,1.0561339897264375,1.0559817228555608,1.0560199609360765,714
2024-01-11 15:30:00+00:00,1.0560199609360765,1.0562069850193814,1.0557236460768356,1.0561395509611906,1490
2024-01-11 15:35:00+00:00,1.0561395509611906,1.0565255189275675,1.0561295207346817,1.0563535533273667,1350
2024-01-11 15:40:00+00:00,1.0563535533273667,1.057535150637277,1.0561722191160898,1.0574345787182198,1378
2024-01-11 15:45:00+00:00,1.0574345787182198,1.0576532910896645,1.0568261067807505,1.0569717816546562,732
2024-01-11 15:50:00+00:00,1.0569717816546562,1.0576686233601595,1.0568969593987174,1.0574099207992491,1020
2024-01-11 15:55:00+00:00,1.0574099207992491,1.0576162884643239,1.0573649133613015,1.0575038984219218,1111
2024-01-11 16:00:00+00:00,1.0575038984219218,1.057723122398386,1.05656131852202,1.0566573148696603,440
2024-01-11 16:05:00+00:00,1.0566573148696603,1.0570799353949651,1.0564543140956815,1.057048647262768,747
2024-01-11 16:10:00+00:00,1.057048647262768,1.058042233511539,1.0569549779925251,1.0577027614181522,870
2024-01-11 16:15:00+00:00,1.0577027614181522,1.0578405713498238,1.0570118975934675,1.057233576952082,622
2024-01-11 16:20:00+00:00,1.057233576952082,1.0572429622639847,1.0570466020669735,1.057212995855874,762
2024-01-11 16:25:00+00:00,1.057212995855874,1.0574371553030766,1.0562386952889884,1.0562851041868113,717
2024-01-11 16:30:00+00:00,1.0562851041868113,1.0563828845921874,1.0553827543908643,1.0556044306540393,185
2024-01-11 16:35:00+00:00,1.0556044306540393,1.0565346584160948,1.055577801835519,1.0561417489203742,1175
2024-01-11 16:40:00+00:00,1.0561417489203742,1.0562578510131941,1.0555198466374593,1.0558796058219502,1360
2024-01-11 16:45:00+00:00,1.0558796058219502,1.0560363652642866,1.055235783688959,1.0552783864038071,1156
2024-01-11 16:50:00+00:00,1.0552783864038071,1.0555774178014028,1.0552376986387406,1.0553836295095858,1407
2024-01-11 16:55:00+00:00,1.0553836295095858,1.0555729461186596,1.0547906097917843,1.0550921259911508,704
2024-01-11 17:00:00+00:00,1.0550921259911508,1.0551232672444981,1.054588380225779,1.0548279194973282,178
2024-01-11 17:05:00+00:00,1.0548279194973282,1.0552124185003717,1.0545687878283045,1.0552020279452823,474
2024-01-11 17:10:00+00:00,1.0552020279452823,1.0553660046742692,1.0544474299679736,1.0545732682167235,1295
2024-01-11 17:15:00+00:00,1.0545732682167235,1.0546704368035138,1.0539514586517458,1.0540800626420666,294
2024-01-11 17:20:00+00:00,1.0540800626420666,1.0542177297004924,1.053825525836641,1.054145457765015,865
2024-01-11 17:25:00+00:00,1.054145457765015,1.054704258038044,1.0540510512823593,1.0546405950469635,101
2024-01-11 17:30:00+00:00,1.0546405950469635,1.0554700074904235,1.0545572721077099,1.0552776824966013,553
2024-01-11 17:35:00+00:00,1.0552776824966013,1.0559149368364935,1.0545921905914257,1.0549109409358737,258
2024-01-11 17:40:00+00:00,1.0549109409358737,1.0554989776655062,1.0547455069128977,1.055389541880852,258
2024-01-11 17:45:00+00:00,1.055389541880852,1.0554053208316712,1.0549023144881946,1.0549599232497862,330
2024-01-11 17:50:00+00:00,1.0549599232497862,1.0561129511520542,1.054744848633243,1.0559073876871627,853
2024-01-11 17:55:00+00:00,1.0559073876871627,1.0560083558929398,1.0552076652443814,1.0552929704755043,1065
2024-01-11 18:00:00+00:00,1.0552929704755043,1.0560119592554582,1.055220144171318,1.0559781082561743,503
2024-01-11 18:05:00+00:00,1.0559781082561743,1.056062787178733,1.0554344115400731,1.055615651105963,1245
2024-01-11 18:10:00+00:00,1.055615651105963,1.0566649724313446,1.055525496419594,1.0566624241048037,648
2024-01-11 18:15:00+00:00,1.0566624241048037,1.0572408808766378,1.0566560724211904,1.0569589873658285,1131
2024-01-11 18:20:00+00:00,1.0569589873658285,1.0571567180081374,1.0563784555009907,1.056406189079983,841
2024-01-11 18:25:00+00:00,1.056406189079983,1.0564313578596887,1.0557762433530427,1.0561144950061645,1112
2024-01-11 18:30:00+00:00,1.0561144950061645,1.0567026458729682,1.0560797128783281,1.0565111616857712,1470
2024-01-11 18:35:00+00:00,1.0565111616857712,1.0572634292533298,1.0565066321419887,1.0570513793065943,1492
2024-01-11 18:40:00+00:00,1.0570513793065943,1.0570591572397077,1.056911336619196,1.0569981485290192,922
2024-01-11 18:45:00+00:00,1.0569981485290192,1.0572796335861838,1.0567402197008942,1.0570058954169386,1447
2024-01-11 18:50:00+00:00,1.0570058954169386,1.0575038297030388,1.056976459884718,1.0573908321416634,1081
2024-01-11 18:55:00+00:00,1.0573908321416634,1.057607343538295,1.0572465676246732,1.0574446525033872,476
2024-01-11 19:00:00+00:00,1.0574446525033872,1.0578294420839263,1.0564566990217255,1.0567448859353523,1409
2024-01-11 19:05:00+00:00,1.0567448859353523,1.0568755875205393,1.0561906282927493,1.0562994816905948,303
2024-01-11 19:10:00+00:00,1.0562994816905948,1.0564253184075363,1.056161779211491,1.0564078157354126,755
2024-01-11 19:15:00+00:00,1.0564078157354126,1.0571504526306472,1.0562704557317664,1.0570339921805152,314
2024-01-11 19:20:00+00:00,1.0570339921805152,1.0579540499441422,1.0568124240901862,1.0578722108471852,1198
2024-01-11 19:25:00+00:00,1.0578722108471852,1.0584007584747401,1.0576271957792251,1.0582686640199086,1353
2024-01-11 19:30:00+00:00,1.0582686640199086,1.0585202513091114,1.0581807389491833,1.058404805394882,1246
2024-01-11 19:35:00+00:00,1.058404805394882,1.0588595813503314,1.0581995877292822,1.0587852034304364,243
2024-01-11 19:40:00+00:00,1.0587852034304364,1.0588712913469542,1.0582545635028238,1.0584163486850982,479
2024-01-11 19:45:00+00:00,1.0584163486850982,1.0585928156362547,1.0579865855148207,1.0583193813631366,576
2024-01-11 19:50:00+00:00,1.0583193813631366,1.0585340613997838,1.0577319522132047,1.057867409814831,261
2024-01-11 19:55:00+00:00,1.057867409814831,1.0579872560089458,1.0569880304441355,1.0571910397481263,842
2024-01-11 20:00:00+00:00,1.0571910397481263,1.0573915447414204,1.0571080281421823,1.0573514943957396,147
2024-01-11 20:05:00+00:00,1.0573514943957396,1.0575800258776138,1.0572859396672873,1.0574337105092975,958
2024-01-11 20:10:00+00:00,1.0574337105092975,1.0578659275100737,1.0570057842364409,1.0577814224627575,904
2024-01-11 20:15:00+00:00,1.0577814224627575,1.0581805789143495,1.0577336903477081,1.058054389216073,934
2024-01-11 20:20:00+00:00,1.058054389216073,1.0583828639681283,1.0579273084464191,1.0581668838183809,1377
2024-01-11 20:25:00+00:00,1.0581668838183809,1.0586873033058117,1.0581433963243538,1.0584455079764241,1200
2024-01-11 20:30:00+00:00,1.0584455079764241,1.0586441984213302,1.0583838209374192,1.0584070424280703,463
2024-01-11 20:35:00+00:00,1.0584070424280703,1.0588193547605382,1.0583490956448005,1.0586096699026644,900
2024-01-11 20:40:00+00:00,1.0586096699026644,1.058746244764182,1.0580413518195204,1.058209439014401,1223
2024-01-11 20:45:00+00:00,1.058209439014401,1.0584983742278897,1.0582067317193264,1.0583891790229014,1291
2024-01-11 20:50:00+00:00,1.0583891790229014,1.0588566975858256,1.0583809087511387,1.058727026207803,1000
2024-01-11 20:55:00+00:00,1.058727026207803,1.0587603849663856,1.0582589665829167,1.0583566403889852,218
2024-01-11 21:00:00+00:00,1.0583566403889852,1.0585737877829409,1.058246068590999,1.0583681934624565,708
2024-01-11 21:05:00+00:00,1.0583681934624565,1.0585208674134752,1.058008690914125,1.058022317408777,1302
2024-01-11 21:10:00+00:00,1.058022317408777,1.0581246388991594,1.0575542018845054,1.0577279191564264,203
2024-01-11 21:15:00+00:00,1.0577279191564264,1.0578309443595355,1.0570576677519208,1.057117118644654,926
2024-01-11 21:20:00+00:00,1.057117118644654,1.0579368294203115,1.0568881431807695,1.0577702980587467,856
2024-01-11 21:25:00+00:00,1.0577702980587467,1.0584253893746114,1.0576946060784331,1.058318056566726,412
2024-01-11 21:30:00+00:00,1.058318056566726,1.058658707678656,1.0582979941020674,1.0585865697719472,581
2024-01-11 21:35:00+00:00,1.0585865697719472,1.0598545456663748,1.058507663017658,1.0596145610472436,1468
2024-01-11 21:40:00+00:00,1.0596145610472436,1.0597050208363976,1.0592974504533363,1.0594984030809782,933
2024-01-11 21:45:00+00:00,1.0594984030809782,1.0612570715643523,1.059213801241559,1.0610885843235975,1415
2024-01-11 21:50:00+00:00,1.0610885843235975,1.0611645175614335,1.0608388822236448,1.0609519535622127,759
2024-01-11 21:55:00+00:00,1.0609519535622127,1.061227379440243,1.0609061209325938,1.06107141322545,1284
2024-01-11 22:00:00+00:00,1.06107141322545,1.0612762717084958,1.0606956062242332,1.0608444617676043,967
2024-01-11 22:05:00+00:00,1.0608444617676043,1.0610454149607222,1.0606730579331145,1.06102603885486,1376
2024-01-11 22:10:00+00:00,1.06102603885486,1.0614596348216943,1.0608506878907211,1.0614534280627486,557
2024-01-11 22:15:00+00:00,1.0614534280627486,1.061492237445263,1.0610170236801117,1.0613770477883684,634
2024-01-11 22:20:00+00:00,1.0613770477883684,1.0623747433479283,1.0612794215410484,1.062304011965692,156
2024-01-11 22:25:00+00:00,1.062304011965692,1.062516198206578,1.0620298570268794,1.0624151020277748,418
2024-01-11 22:30:00+00:00,1.0624151020277748,1.062605368173657,1.0623857038674964,1.062542849680785,293
2024-01-11 22:35:00+00:00,1.062542849680785,1.0625710512491529,1.061792163657129,1.0620439870376988,356
2024-01-11 22:40:00+00:00,1.0620439870376988,1.0623675180141925,1.061926917635858,1.0622502885907465,531
2024-01-11 22:45:00+00:00,1.0622502885907465,1.062425111524333,1.0621601685132946,1.0621631696094258,1323
2024-01-11 22:50:00+00:00,1.0621631696094258,1.0622188906069774,1.0616960368939499,1.0618242122424841,629
2024-01-11 22:55:00+00:00,1.0618242122424841,1.0619864505711503,1.0612906363077437,1.0613960452159212,1257
2024-01-11 23:00:00+00:00,1.0613960452159212,1.062828901428232,1.0612207935773759,1.0627980238177563,1240
2024-01-11 23:05:00+00:00,1.0627980238177563,1.063075940135615,1.0625643690404007,1.0626420702969934,1473
2024-01-11 23:10:00+00:00,1.0626420702969934,1.062647708242422,1.0618384955728775,1.0618520036639731,812
2024-01-11 23:15:00+00:00,1.0618520036639731,1.0618836011849035,1.061266603769284,1.061465371955909,1287
2024-01-11 23:20:00+00:00,1.061465371955909,1.0615568384721794,1.0613097951730086,1.0614220812373745,687
2024-01-11 23:25:00+00:00,1.0614220812373745,1.0619486367554358,1.0613309250786715,1.0616962821359077,985
2024-01-11 23:30:00+00:00,1.0616962821359077,1.0621590403869197,1.0616613798941432,1.0619748693939046,1235
2024-01-11 23:35:00+00:00,1.0619748693939046,1.0624307757107696,1.0619420744247872,1.0623182135959903,299
2024-01-11 23:40:00+00:00,1.0623182135959903,1.062666660582067,1.061946287059232,1.0619597553983033,180
2024-01-11 23:45:00+00:00,1.0619597553983033,1.0622962219370993,1.0618341866510046,1.0621245930270267,330
2024-01-11 23:50:00+00:00,1.0621245930270267,1.0621296177444415,1.0616019045254688,1.0616434190072384,1109
2024-01-11 23:55:00+00:00,1.0616434190072384,1.0618240154834002,1.0612755019495506,1.0612985744084278,763
2024-01-12 00:00:00+00:00,1.0612985744084278,1.0615154076053674,1.0607793279406252,1.0607956733166322,492
2024-01-12 00:05:00+00:00,1.0607956733166322,1.0608611591552357,1.0598993422328877,1.0601494425039448,1174
2024-01-12 00:10:00+00:00,1.0601494425039448,1.0608069558201525,1.0599888369308679,1.0606976508104673,121
2024-01-12 00:15:00+00:00,1.0606976508104673,1.061161465709883,1.0606515135654373,1.0610469447524795,342
2024-01-12 00:20:00+00:00,1.0610469447524795,1.0616011326185553,1.0609254846636436,1.0615491729517386,757
2024-01-12 00:25:00+00:00,1.0615491729517386,1.061570397213853,1.0614179617969839,1.0615541160905064,1381
2024-01-12 00:30:00+00:00,1.0615541160905064,1.0620277951447232,1.0612398200061735,1.0619505044838355,1148
2024-01-12 00:35:00+00:00,1.0619505044838355,1.0621476762317916,1.0608386509680232,1.0609993741403672,1057
2024-01-12 00:40:00+00:00,1.0609993741403672,1.0615499510720183,1.0609812533928276,1.0614413268079923,1095
2024-01-12 00:45:00+00:00,1.0614413268079923,1.0615448305939577,1.061383857925652,1.0615194063417726,537
2024-01-12 00:50:00+00:00,1.0615194063417726,1.0618674640479044,1.061469834927117,1.0618363280559082,727
2024-01-12 00:55:00+00:00,1.0618363280559082,1.0623147101845607,1.0616767016011068,1.0620221617832062,1340
2024-01-12 01:00:00+00:00,1.0620221617832062,1.0620591594374769,1.0613571211670505,1.061482094226269,1121
2024-01-12 01:05:00+00:00,1.061482094226269,1.061739013730192,1.06058415148649,1.0606711007958476,938
2024-01-12 01:10:00+00:00,1.0606711007958476,1.0607376337286165,1.0601647241856582,1.0602775630911998,216
2024-01-12 01:15:00+00:00,1.0602775630911998,1.0606479499481842,1.0600664002697575,1.0605611434869213,1126
2024-01-12 01:20:00+00:00,1.0605611434869213,1.0609310895985242,1.0605596916858104,1.0609111771399635,611
2024-01-12 01:25:00+00:00,1.0609111771399635,1.0611042730540912,1.060086333143422,1.0601696308464281,639
2024-01-12 01:30:00+00:00,1.0601696308464281,1.060449206276029,1.059616661973287,1.0596336624248492,1043
2024-01-12 01:35:00+00:00,1.0596336624248492,1.059803715176307,1.0591284571810982,1.0592345854805678,650
2024-01-12 01:40:00+00:00,1.0592345854805678,1.0593395723966919,1.0589747176597986,1.059029462023085,902
2024-01-12 01:45:00+00:00,1.059029462023085,1.0590612409337106,1.0581491666160707,1.0582923506018314,117
2024-01-12 01:50:00+00:00,1.0582923506018314,1.0583877255830614,1.0573223627296635,1.0575240029634394,359
2024-01-12 01:55:00+00:00,1.0575240029634394,1.0577947594471078,1.05688786170778,1.0570735848271782,853
2024-01-12 02:00:00+00:00,1.0570735848271782,1.0571923735965465,1.0570721653348938,1.0571033170493378,1440
2024-01-12 02:05:00+00:00,1.0571033170493378,1.0571919019204665,1.0564558469090053,1.0564634554032604,1165
2024-01-12 02:10:00+00:00,1.0564634554032604,1.056638721466355,1.0562766237232937,1.0563864373632832,684
2024-01-12 02:15:00+00:00,1.0563864373632832,1.0570297661498207,1.056191874729535,1.0569297119858252,1456
2024-01-12 02:20:00+00:00,1.0569297119858252,1.0569556423841067,1.0559618558855672,1.0562259131986786,485
2024-01-12 02:25:00+00:00,1.0562259131986786,1.0564307814608864,1.055980207744766,1.056101043130129,1349
2024-01-12 02:30:00+00:00,1.056101043130129,1.0567900937640973,1.0560079467849344,1.0566263249422165,664
2024-01-12 02:35:00+00:00,1.0566263249422165,1.0566344694185266,1.0562371761866485,1.0563894988512676,221
2024-01-12 02:40:00+00:00,1.0563894988512676,1.0564478252913094,1.0558623181340328,1.0561076173226287,103
2024-01-12 02:45:00+00:00,1.0561076173226287,1.0570129763098033,1.0559636067027158,1.056743127871081,1472
2024-01-12 02:50:00+00:00,1.056743127871081,1.056821953622388,1.0565414818869736,1.0566024742622917,999
2024-01-12 02:55:00+00:00,1.0566024742622917,1.0573370583213235,1.056547715645283,1.0572071123999984,309
2024-01-12 03:00:00+00:00,1.0572071123999984,1.0576579910488357,1.0571866724250987,1.0574550091734831,1488
2024-01-12 03:05:00+00:00,1.0574550091734831,1.0575108371557298,1.057131121464397,1.0572948868758725,157
2024-01-12 03:10:00+00:00,1.0572948868758725,1.0577478662627375,1.0570967623264023,1.0575696199462519,568
2024-01-12 03:15:00+00:00,1.0575696199462519,1.0577722476308233,1.0572514825133057,1.0577602201739358,1148
2024-01-12 03:20:00+00:00,1.0577602201739358,1.0584667506497134,1.0575024058257747,1.0583212999970968,174
2024-01-12 03:25:00+00:00,1.0583212999970968,1.0585227427478527,1.057916468048835,1.0580523035418565,1368
2024-01-12 03:30:00+00:00,1.0580523035418565,1.0580953478263782,1.057941448467444,1.0580952636748664,1049
2024-01-12 03:35:00+00:00,1.0580952636748664,1.0581193369223423,1.0580118203889413,1.0580838808555242,1429
2024-01-12 03:40:00+00:00,1.0580838808555242,1.0585715276476926,1.0579472632122333,1.0584775664323431,1272
2024-01-12 03:45:00+00:00,1.0584775664323431,1.0586371235803187,1.0579233038544902,1.0579561713942256,1254
2024-01-12 03:50:00+00:00,1.0579561713942256,1.058719977417951,1.0577055620682405,1.0585152890898284,418
2024-01-12 03:55:00+00:00,1.0585152890898284,1.0588481208360856,1.0583497294475117,1.0587832674631525,386
2024-01-12 04:00:00+00:00,1.0587832674631525,1.0589579144049563,1.057938873600708,1.0581072740122694,439
2024-01-12 04:05:00+00:00,1.0581072740122694,1.0589423702784786,1.0580419033605017,1.0587676720000294,315
2024-01-12 04:10:00+00:00,1.0587676720000294,1.0601045807554306,1.0587521937410798,1.059971540118563,1030
2024-01-12 04:15:00+00:00,1.059971540118563,1.0606072237368742,1.0599230061219314,1.0605236972971885,182
2024-01-12 04:20:00+00:00,1.0605236972971885,1.0615011870435964,1.0602841421516014,1.0613015833517976,699
2024-01-12 04:25:00+00:00,1.0613015833517976,1.0614666814626226,1.0610672846956197,1.0613681117746985,914
2024-01-12 04:30:00+00:00,1.0613681117746985,1.0615119905529613,1.0603890316307991,1.0605076049672504,854
2024-01-12 04:35:00+00:00,1.0605076049672504,1.0607901749859137,1.0594961271646306,1.0595509632378801,782
2024-01-12 04:40:00+00:00,1.0595509632378801,1.0598513063480879,1.0593436209006932,1.0597072904697873,412
2024-01-12 04:45:00+00:00,1.0597072904697873,1.0597741863225076,1.0593146493621322,1.059414822486419,252
2024-01-12 04:50:00+00:00,1.059414822486419,1.0595063868655983,1.0586595786476063,1.0589515529500917,1483
2024-01-12 04:55:00+00:00,1.0589515529500917,1.0591669732702438,1.0587794975871885,1.0589395091319351,750
2024-01-12 05:00:00+00:00,1.0589395091319351,1.0593935004737614,1.0587364214400874,1.059286621713396,932
2024-01-12 05:05:00+00:00,1.059286621713396,1.0593032837516043,1.0585072787527234,1.0585383641288912,894
2024-01-12 05:10:00+00:00,1.0585383641288912,1.0586101696685026,1.0582892361242302,1.058321957805241,616
2024-01-12 05:15:00+00:00,1.058321957805241,1.0591575723523603,1.0582607658394945,1.0591420888930936,1112
2024-01-12 05:20:00+00:00,1.0591420888930936,1.0591814911252653,1.0584591133257386,1.0585938301442763,626
2024-01-12 05:25:00+00:00,1.0585938301442763,1.0590878085663202,1.0585015972838647,1.059075363934095,679
2024-01-12 05:30:00+00:00,1.059075363934095,1.0591013500535817,1.0587525250184644,1.058839862237525,1224
2024-01-12 05:35:00+00:00,1.058839862237525,1.0591970425198047,1.0587142703113284,1.0591499931295145,545
2024-01-12 05:40:00+00:00,1.0591499931295145,1.0598200536166933,1.0591032459202658,1.0597522933402346,1079
2024-01-12 05:45:00+00:00,1.0597522933402346,1.0602031597611035,1.0595129668352097,1.0601662759123884,1031
2024-01-12 05:50:00+00:00,1.0601662759123884,1.0607347703420071,1.0599178570564538,1.0606694094127511,142
2024-01-12 05:55:00+00:00,1.0606694094127511,1.0607009684378788,1.0598568681692493,1.0600798927844577,1057
2024-01-12 06:00:00+00:00,1.0600798927844577,1.0608788976730257,1.060024804698389,1.0606913785135739,1221
2024-01-12 06:05:00+00:00,1.0606913785135739,1.0608503116374937,1.060050617710196,1.0602603702235385,478
2024-01-12 06:10:00+00:00,1.0602603702235385,1.0604826136419903,1.060144245267052,1.0604191663551696,1380
2024-01-12 06:15:00+00:00,1.0604191663551696,1.0608114228358727,1.0604170303928049,1.0605772993416618,127
2024-01-12 06:20:00+00:00,1.0605772993416618,1.0608800194974968,1.0604931810162423,1.0608557658743163,351
2024-01-12 06:25:00+00:00,1.0608557658743163,1.0611212346741705,1.0606736838382362,1.061055714205958,1423
2024-01-12 06:30:00+00:00,1.061055714205958,1.0610914198642842,1.060593171941674,1.0606292706205334,1297
2024-01-12 06:35:00+00:00,1.0606292706205334,1.0608101325319614,1.0598610306536769,1.0599346287614768,1157
2024-01-12 06:40:00+00:00,1.0599346287614768,1.0606263478020226,1.0599133905444733,1.060418143741175,945
2024-01-12 06:45:00+00:00,1.060418143741175,1.060567566806775,1.0602241348669863,1.0605378832829178,381
2024-01-12 06:50:00+00:00,1.0605378832829178,1.0612751339249173,1.0603932994825074,1.0611685728815852,784
2024-01-12 06:55:00+00:00,1.0611685728815852,1.0611951225975926,1.0609847979073659,1.0611660616610763,891
2024-01-12 07:00:00+00:00,1.0611660616610763,1.0612499526054862,1.0603334598949572,1.0604417286170065,225
2024-01-12 07:05:00+00:00,1.0604417286170065,1.0611839469633877,1.060366205576598,1.060975199566075,932
2024-01-12 07:10:00+00:00,1.060975199566075,1.061007385323964,1.0607437143662197,1.060799942054317,224
2024-01-12 07:15:00+00:00,1.060799942054317,1.0610272831951426,1.0606328053525795,1.0610025566770653,276
2024-01-12 07:20:00+00:00,1.0610025566770653,1.0610938654626663,1.0605611111015445,1.060680298673718,338
2024-01-12 07:25:00+00:00,1.060680298673718,1.0616915082294096,1.060538558776354,1.0615735514942517,368
2024-01-12 07:30:00+00:00,1.0615735514942517,1.0616043970211402,1.0609219845878979,1.0611295139485202,214
2024-01-12 07:35:00+00:00,1.0611295139485202,1.0611731957008743,1.060887448616959,1.0609717082033159,1439
2024-01-12 07:40:00+00:00,1.0609717082033159,1.0612972709373945,1.060791567230622,1.0610499276543024,1223
2024-01-12 07:45:00+00:00,1.0610499276543024,1.061090146192973,1.060407556444219,1.060491718663285,811
2024-01-12 07:50:00+00:00,1.060491718663285,1.0606954660013619,1.0604047911198424,1.06068818510912,616
2024-01-12 07:55:00+00:00,1.06068818510912,1.0615849612079997,1.0606627482067161,1.061564266072274,368
2024-01-12 08:00:00+00:00,1.061564266072274,1.0615699395568718,1.0612926959334115,1.0613251688057688,1428
2024-01-12 08:05:00+00:00,1.0613251688057688,1.0615973513219676,1.0611428083736147,1.0615560828187005,1216
2024-01-12 08:10:00+00:00,1.0615560828187005,1.0617690325441054,1.0598962621339727,1.0601179740111737,1152
2024-01-12 08:15:00+00:00,1.0601179740111737,1.0603061042497055,1.0600306695854316,1.06011854159808,758
2024-01-12 08:20:00+00:00,1.06011854159808,1.0601729499033175,1.0599283024659916,1.0599738130031047,138
2024-01-12 08:25:00+00:00,1.0599738130031047,1.0600798027465987,1.0595444459416627,1.0595612194670845,993
2024-01-12 08:30:00+00:00,1.0595612194670845,1.06023182059985,1.0595181909202902,1.0601553421806702,782
2024-01-12 08:35:00+00:00,1.0601553421806702,1.0602283983684109,1.0599052023168756,1.0600036107965507,516
2024-01-12 08:40:00+00:00,1.0600036107965507,1.0604414310652337,1.0599014946065934,1.0599307474801896,541
2024-01-12 08:45:00+00:00,1.0599307474801896,1.0600283886489592,1.0593485189619833,1.0597520469322794,181
2024-01-12 08:50:00+00:00,1.0597520469322794,1.0599318239789595,1.0585710299272786,1.0587575672013703,1320
2024-01-12 08:55:00+00:00,1.0587575672013703,1.0588063344312684,1.0581337145617629,1.058179492748014,330
2024-01-12 09:00:00+00:00,1.058179492748014,1.0588668418606364,1.058096419560534,1.0587091610466821,1238
2024-01-12 09:05:00+00:00,1.0587091610466821,1.058759076657953,1.0571596373248475,1.057613423190299,1462
2024-01-12 09:10:00+00:00,1.057613423190299,1.0577263699853974,1.057059864536142,1.0572293427586874,164
2024-01-12 09:15:00+00:00,1.0572293427586874,1.0572938593105239,1.0569144685565066,1.0570391894593434,973
2024-01-12 09:20:00+00:00,1.0570391894593434,1.0580458634615806,1.056952962337966,1.0579818685657953,193
2024-01-12 09:25:00+00:00,1.0579818685657953,1.0584436422510797,1.0577546604503598,1.0584096126271698,1263
2024-01-12 09:30:00+00:00,1.0584096126271698,1.0584689580699163,1.0579525590011365,1.0581359234985697,810
2024-01-12 09:35:00+00:00,1.0581359234985697,1.058875828822464,1.0580653884971774,1.0588472626198466,130
2024-01-12 09:40:00+00:00,1.0588472626198466,1.058962328946933,1.0584622082317399,1.0584763929903669,1181
2024-01-12 09:45:00+00:00,1.0584763929903669,1.0591651702175544,1.058366587916734,1.0590316166784384,1171
2024-01-12 09:50:00+00:00,1.0590316166784384,1.0591914629365915,1.0583195274803237,1.0583332503274634,1394
2024-01-12 09:55:00+00:00,1.0583332503274634,1.0590434384533394,1.058179777374902,1.0589223492172481,778
2024-01-12 10:00:00+00:00,1.0589223492172481,1.0590257087054018,1.0586698037073898,1.0587284956672534,1406
2024-01-12 10:05:00+00:00,1.0587284956672534,1.0588029647745094,1.0580736615240176,1.0582052168632672,1031
2024-01-12 10:10:00+00:00,1.0582052168632672,1.058235687735787,1.057779822011477,1.0581114897155215,836
2024-01-12 10:15:00+00:00,1.0581114897155215,1.0585279387377462,1.057915578430958,1.0582793824768995,601
2024-01-12 10:20:00+00:00,1.0582793824768995,1.0583457484409275,1.0579809323045906,1.05803875703278,510
2024-01-12 10:25:00+00:00,1.05803875703278,1.0583813251032312,1.057867423190484,1.0583529699473893,969
2024-01-12 10:30:00+00:00,1.0583529699473893,1.0584492683978672,1.0577671717721684,1.0580656303526697,1135
2024-01-12 10:35:00+00:00,1.0580656303526697,1.0585537406913097,1.058039564517177,1.0584149890192962,149
2024-01-12 10:40:00+00:00,1.0584149890192962,1.058681754287391,1.0583178931933055,1.0586701845485438,676
2024-01-12 10:45:00+00:00,1.0586701845485438,1.0587125183688941,1.0583486624528007,1.0586591092414495,163
2024-01-12 10:50:00+00:00,1.0586591092414495,1.0587407022401483,1.0583095402953948,1.0584466457208122,655
2024-01-12 10:55:00+00:00,1.0584466457208122,1.0586178337636718,1.0583592936154889,1.05854801357721,1218
2024-01-12 11:00:00+00:00,1.05854801357721,1.0590370397773952,1.0580782826840482,1.0588604195408073,1067
2024-01-12 11:05:00+00:00,1.0588604195408073,1.0600683426655875,1.0587429807090607,1.0599731755071335,274
2024-01-12 11:10:00+00:00,1.0599731755071335,1.0605823558703866,1.0596384452376733,1.0604922551944584,1103
2024-01-12 11:15:00+00:00,1.0604922551944584,1.0610810491875187,1.0603732095223082,1.0610309799310258,119
2024-01-12 11:20:00+00:00,1.0610309799310258,1.0629133877783745,1.0608673268735398,1.0626907041109452,117
2024-01-12 11:25:00+00:00,1.0626907041109452,1.0630688905487844,1.062653699554014,1.0629861100635118,1377
2024-01-12 11:30:00+00:00,1.0629861100635118,1.0634903953049286,1.0628631150457173,1.0632649544461414,145
2024-01-12 11:35:00+00:00,1.0632649544461414,1.0637607084931129,1.0632290290318092,1.0636604970231944,471
2024-01-12 11:40:00+00:00,1.0636604970231944,1.063741418980477,1.0630115370156425,1.0631451716065345,284
2024-01-12 11:45:00+00:00,1.0631451716065345,1.0631465059472693,1.0628003727103952,1.062930468569253,915
2024-01-12 11:50:00+00:00,1.062930468569253,1.0631368280082507,1.062587658018111,1.0626827158107142,831
2024-01-12 11:55:00+00:00,1.0626827158107142,1.0630675882990865,1.06268008991619,1.0630480735550847,1274
2024-01-12 12:00:00+00:00,1.0630480735550847,1.0631958824835006,1.0627894164493492,1.06297675655014,1481
2024-01-12 12:05:00+00:00,1.06297675655014,1.0632001595193252,1.062964513389734,1.0630714802295158,1144
2024-01-12 12:10:00+00:00,1.0630714802295158,1.0637676365371191,1.063043404831115,1.0636707626554824,753
2024-01-12 12:15:00+00:00,1.0636707626554824,1.0642236579916744,1.0633714375863659,1.0641510901729976,165
2024-01-12 12:20:00+00:00,1.0641510901729976,1.0642276481272939,1.0640593132561276,1.0640863254039559,1391
2024-01-12 12:25:00+00:00,1.0640863254039559,1.0644748519397087,1.063735694951745,1.0637511408201261,885
2024-01-12 12:30:00+00:00,1.0637511408201261,1.0646980133357693,1.063544247700824,1.0643762407384127,404
2024-01-12 12:35:00+00:00,1.0643762407384127,1.064893805262547,1.0643230741248728,1.0648093839561663,858
2024-01-12 12:40:00+00:00,1.0648093839561663,1.0649206967859115,1.0639257319462745,1.063975501477263,648
2024-01-12 12:45:00+00:00,1.063975501477263,1.0639984100050708,1.0635221930034446,1.0638301869276978,590
2024-01-12 12:50:00+00:00,1.0638301869276978,1.0642356012875474,1.0637950616464937,1.0639395037038848,734
2024-01-12 12:55:00+00:00,1.0639395037038848,1.0644828199491532,1.06377416028331,1.0643750963453107,1154
2024-01-12 13:00:00+00:00,1.0643750963453107,1.0649710072063063,1.0643562863939005,1.0648807285304176,329
2024-01-12 13:05:00+00:00,1.0648807285304176,1.0651400865875076,1.0645814038925696,1.0650531891596713,1449
2024-01-12 13:10:00+00:00,1.0650531891596713,1.0654211162427978,1.0649457771851274,1.065386150098315,187
2024-01-12 13:15:00+00:00,1.065386150098315,1.0654796656111651,1.065280966644433,1.0654416230517998,306
2024-01-12 13:20:00+00:00,1.0654416230517998,1.06556548006217,1.065050339712119,1.0651039570660852,1046
2024-01-12 13:25:00+00:00,1.0651039570660852,1.065242056678579,1.0648179123117376,1.0649861222768573,303
2024-01-12 13:30:00+00:00,1.0649861222768573,1.0652073813516405,1.0649744977620736,1.0650175346744113,1188
2024-01-12 13:35:00+00:00,1.0650175346744113,1.065379104596794,1.0648473696295087,1.0650203680204253,1128
2024-01-12 13:40:00+00:00,1.0650203680204253,1.065377887152252,1.0638887113932871,1.0640375816534757,701
2024-01-12 13:45:00+00:00,1.0640375816534757,1.0642981697112486,1.063594274265796,1.063847393801886,736
2024-01-12 13:50:00+00:00,1.063847393801886,1.0641021149084868,1.063571651026995,1.06389856786854,1499
2024-01-12 13:55:00+00:00,1.06389856786854,1.063912060500126,1.0634437202771334,1.0637701712741825,1213
2024-01-12 14:00:00+00:00,1.0637701712741825,1.0639563119125284,1.0634697237856163,1.0636601647819952,984
2024-01-12 14:05:00+00:00,1.0636601647819952,1.063956315393711,1.063371669579171,1.0639409664762318,297
2024-01-12 14:10:00+00:00,1.0639409664762318,1.0641888941195319,1.0632874738113123,1.063388271919374,925
2024-01-12 14:15:00+00:00,1.063388271919374,1.063628044932476,1.0624334547113283,1.0625439191865595,155
2024-01-12 14:20:00+00:00,1.0625439191865595,1.0627238330218958,1.0623022428932813,1.0623801972178943,452
2024-01-12 14:25:00+00:00,1.0623801972178943,1.0628123309432684,1.062345680894527,1.0628073348282459,1077
2024-01-12 14:30:00+00:00,1.0628073348282459,1.0639208517843846,1.0627463449882368,1.0637253628490815,670
2024-01-12 14:35:00+00:00,1.0637253628490815,1.064256194106168,1.0634883667984707,1.0641626221788012,1492
2024-01-12 14:40:00+00:00,1.0641626221788012,1.0644533214379486,1.0632018679098212,1.0634026697248689,1415
2024-01-12 14:45:00+00:00,1.0634026697248689,1.063553419950136,1.0633001810683722,1.0633003878069083,232
2024-01-12 14:50:00+00:00,1.0633003878069083,1.0637138513177156,1.063109193754089,1.0634580935331288,1336
2024-01-12 14:55:00+00:00,1.0634580935331288,1.0636195529197943,1.0634540421720224,1.0635737930503153,1310
2024-01-12 15:00:00+00:00,1.0635737930503153,1.0640164981278355,1.063447494772807,1.0638818596206678,248
2024-01-12 15:05:00+00:00,1.0638818596206678,1.0641095362077968,1.0630726556849668,1.0634153213885984,639
2024-01-12 15:10:00+00:00,1.0634153213885984,1.0635091429959023,1.0632633579165784,1.0634711204321858,1428
2024-01-12 15:15:00+00:00,1.0634711204321858,1.063769150606514,1.063353724123825,1.063715890449957,123
2024-01-12 15:20:00+00:00,1.063715890449957,1.0643101015721153,1.063532808417871,1.0641763044244221,182
2024-01-12 15:25:00+00:00,1.0641763044244221,1.0643786477479737,1.0634951684221083,1.0637688748600338,814
2024-01-12 15:30:00+00:00,1.0637688748600338,1.0638897160222835,1.0633769711104475,1.0636065666713723,1434
2024-01-12 15:35:00+00:00,1.0636065666713723,1.0639874934611442,1.0620367908716748,1.0621899396829018,490
2024-01-12 15:40:00+00:00,1.0621899396829018,1.062537968343514,1.0618430838119497,1.061881128156767,1181
2024-01-12 15:45:00+00:00,1.061881128156767,1.0621675481445096,1.0614314482719218,1.061623932640245,1070
2024-01-12 15:50:00+00:00,1.061623932640245,1.0619557323045365,1.0610743991312517,1.061103957461288,304
2024-01-12 15:55:00+00:00,1.061103957461288,1.0612278057332398,1.0610647314604678,1.0612130453944448,502
2024-01-12 16:00:00+00:00,1.0612130453944448,1.0613441840694775,1.0608508863835455,1.0612045846441944,973
2024-01-12 16:05:00+00:00,1.0612045846441944,1.0612520919493962,1.0597560512985629,1.0600270646735988,774
2024-01-12 16:10:00+00:00,1.0600270646735988,1.0603014069448582,1.0600013887886208,1.0601624873549487,432
2024-01-12 16:15:00+00:00,1.0601624873549487,1.060244287746357,1.0596639446510356,1.059691603394911,380
2024-01-12 16:20:00+00:00,1.059691603394911,1.060007920203345,1.059527792440748,1.0599701374829371,880
2024-01-12 16:25:00+00:00,1.0599701374829371,1.0599721656378245,1.0592968395632556,1.0593119748640432,1259
2024-01-12 16:30:00+00:00,1.0593119748640432,1.0594394399209497,1.0591896887848247,1.0593490542463355,678
2024-01-12 16:35:00+00:00,1.0593490542463355,1.0594326675145083,1.0592049259651535,1.059220256825094,1395
2024-01-12 16:40:00+00:00,1.059220256825094,1.0594485787647072,1.0590002891552304,1.059401967058441,1034
2024-01-12 16:45:00+00:00,1.059401967058441,1.0596444577339938,1.0590559100765036,1.0594892073683975,664
2024-01-12 16:50:00+00:00,1.0594892073683975,1.0595609977233484,1.0592413891260564,1.0593752253077737,1089
2024-01-12 16:55:00+00:00,1.0593752253077737,1.059450162167768,1.0583484480828902,1.0585826683978674,728
2024-01-12 17:00:00+00:00,1.0585826683978674,1.0586028927210507,1.0576772524539386,1.0578219666773658,1159
2024-01-12 17:05:00+00:00,1.0578219666773658,1.0580415645778987,1.0574485574505421,1.0575342989015855,1475
2024-01-12 17:10:00+00:00,1.0575342989015855,1.0575777522085863,1.0573386737630361,1.0575510714569403,1203
2024-01-12 17:15:00+00:00,1.0575510714569403,1.0576969824667652,1.0569466535503491,1.0572505958442333,298
2024-01-12 17:20:00+00:00,1.0572505958442333,1.0578865323945923,1.0571244218671498,1.0576022436992174,200
2024-01-12 17:25:00+00:00,1.0576022436992174,1.0576768622460042,1.0573069115644533,1.0574757434087683,1232
2024-01-12 17:30:00+00:00,1.0574757434087683,1.0574801354155416,1.0568822185566589,1.0569866541493689,1286
2024-01-12 17:35:00+00:00,1.0569866541493689,1.0572915943782846,1.0564440111921365,1.0568608218473234,894
2024-01-12 17:40:00+00:00,1.0568608218473234,1.057312061057887,1.0568296948181943,1.0570013102698763,442
2024-01-12 17:45:00+00:00,1.0570013102698763,1.0572094089583286,1.0566536463072187,1.0571941520828239,1333
2024-01-12 17:50:00+00:00,1.0571941520828239,1.0584394236961352,1.0571336903038386,1.0582082016827343,727
2024-01-12 17:55:00+00:00,1.0582082016827343,1.0583328089374358,1.0577612148346442,1.0578754431718813,509
2024-01-12 18:00:00+00:00,1.0578754431718813,1.0579092167145168,1.0576728751556252,1.0578577350448979,612
2024-01-12 18:05:00+00:00,1.0578577350448979,1.0581569336222763,1.0577707880197837,1.0581042814562143,514
2024-01-12 18:10:00+00:00,1.0581042814562143,1.0581423362114593,1.0580093818705163,1.058113051575136,495
2024-01-12 18:15:00+00:00,1.058113051575136,1.0583615659015135,1.057630948862053,1.0578693585391044,556
2024-01-12 18:20:00+00:00,1.0578693585391044,1.057940522544372,1.056922100060414,1.0570710600785995,1043
2024-01-12 18:25:00+00:00,1.0570710600785995,1.0572815926239303,1.0566909626510441,1.0568222072853697,123
2024-01-12 18:30:00+00:00,1.0568222072853697,1.0568792770093918,1.0562518972174864,1.0562759874526273,608
2024-01-12 18:35:00+00:00,1.0562759874526273,1.0563933173341278,1.055303394432217,1.0553852263838532,337
2024-01-12 18:40:00+00:00,1.0553852263838532,1.0554209601223281,1.05492881631963,1.0549864602411583,1007
2024-01-12 18:45:00+00:00,1.0549864602411583,1.0551698859515872,1.0544023347964908,1.0544552261763434,1492
2024-01-12 18:50:00+00:00,1.0544552261763434,1.0548606037353598,1.0544494174416457,1.0547841036676948,1202
2024-01-12 18:55:00+00:00,1.0547841036676948,1.0551832826923342,1.0546154755570716,1.0551222104072426,448
2024-01-12 19:00:00+00:00,1.0551222104072426,1.0552285333156035,1.0543132378866882,1.0546664612944687,818
2024-01-12 19:05:00+00:00,1.0546664612944687,1.0547453490395091,1.0545125004571276,1.0545503274192332,127
2024-01-12 19:10:00+00:00,1.0545503274192332,1.0547312432964537,1.0532772899759866,1.0535916132219039,678
2024-01-12 19:15:00+00:00,1.0535916132219039,1.053713382422477,1.0531953659057212,1.053352268841372,489
2024-01-12 19:20:00+00:00,1.053352268841372,1.0536590653867635,1.0530723537967863,1.0535834701319144,802
2024-01-12 19:25:00+00:00,1.0535834701319144,1.0542223722115525,1.0533229540586755,1.0540391122635084,671
2024-01-12 19:30:00+00:00,1.0540391122635084,1.0541012063787547,1.0536170167196752,1.0536844032892598,1055
2024-01-12 19:35:00+00:00,1.0536844032892598,1.0543595680363516,1.0536492668923227,1.0542596385078564,866
2024-01-12 19:40:00+00:00,1.0542596385078564,1.054288034312346,1.0534409242671074,1.0534817572919943,1414
2024-01-12 19:45:00+00:00,1.0534817572919943,1.0535993103499703,1.052637834143617,1.0528456503639962,195
2024-01-12 19:50:00+00:00,1.0528456503639962,1.0532576595557133,1.0527420741849245,1.0532402894812363,1422
2024-01-12 19:55:00+00:00,1.0532402894812363,1.0544044188019392,1.0531808148201067,1.0541414003902911,1206
2024-01-12 20:00:00+00:00,1.0541414003902911,1.0545821109612434,1.0541331642888723,1.0544225567618095,1098
2024-01-12 20:05:00+00:00,1.0544225567618095,1.0544364249895017,1.0542922593610187,1.0544223762517673,1255
2024-01-12 20:10:00+00:00,1.0544223762517673,1.0545472487645233,1.05313366156221,1.0532861392681336,170
2024-01-12 20:15:00+00:00,1.0532861392681336,1.0533951933251484,1.0522022878122583,1.052242097265152,398
2024-01-12 20:20:00+00:00,1.052242097265152,1.0524532917935787,1.0519497450641608,1.0523312271883523,101
2024-01-12 20:25:00+00:00,1.0523312271883523,1.0524756273540554,1.0520444563844704,1.0521638735486558,1217
2024-01-12 20:30:00+00:00,1.0521638735486558,1.0522673046929694,1.0515877473583228,1.0516031569117472,596
2024-01-12 20:35:00+00:00,1.0516031569117472,1.0517064832788816,1.051480673476469,1.051658646109326,605
2024-01-12 20:40:00+00:00,1.051658646109326,1.0518879507815693,1.0514922804087892,1.0517402187312872,954
2024-01-12 20:45:00+00:00,1.0517402187312872,1.0522860206140543,1.0517292145388872,1.052257893611738,692
2024-01-12 20:50:00+00:00,1.052257893611738,1.0525123571010166,1.0518742977681799,1.0523508091849028,992
2024-01-12 20:55:00+00:00,1.0523508091849028,1.053085069204197,1.052273747419585,1.053018207104844,1410
2024-01-12 21:00:00+00:00,1.053018207104844,1.053088963926592,1.0530177639127798,1.0530434763983176,564
2024-01-12 21:05:00+00:00,1.0530434763983176,1.0531025539062577,1.052796574069093,1.0530038108859046,1348
2024-01-12 21:10:00+00:00,1.0530038108859046,1.0536219657014676,1.0528074149784918,1.0535852333561677,845
2024-01-12 21:15:00+00:00,1.0535852333561677,1.053773749157074,1.0529526920425392,1.053090869629373,625
2024-01-12 21:20:00+00:00,1.053090869629373,1.0546024421983302,1.05296359293953,1.0545938659048086,1386
2024-01-12 21:25:00+00:00,1.0545938659048086,1.0548968733421484,1.0543787610565858,1.0548128298994315,783
2024-01-12 21:30:00+00:00,1.0548128298994315,1.0550421146708893,1.0547452151278798,1.0550347779469766,278
2024-01-12 21:35:00+00:00,1.0550347779469766,1.0553526007111032,1.0549869187493655,1.055332875899686,501
2024-01-12 21:40:00+00:00,1.055332875899686,1.0566175617918245,1.0550622022454117,1.056344484474688,1283
2024-01-12 21:45:00+00:00,1.056344484474688,1.056974687175929,1.0562442276484305,1.0567841917809904,821
2024-01-12 21:50:00+00:00,1.0567841917809904,1.0567967786854902,1.0556057180734506,1.0559572285720586,884
2024-01-12 21:55:00+00:00,1.0559572285720586,1.0567533427332345,1.055885187847519,1.056719350065571,1054
2024-01-12 22:00:00+00:00,1.056719350065571,1.0568306020869223,1.0564681785790253,1.056560368446637,372
2024-01-12 22:05:00+00:00,1.056560368446637,1.0566655228047217,1.0564180225335387,1.0566381075556257,229
2024-01-12 22:10:00+00:00,1.0566381075556257,1.0566871457795333,1.0559187297165469,1.055983386069656,716
2024-01-12 22:15:00+00:00,1.055983386069656,1.0564171092482224,1.055707688433423,1.0562823360318048,1387
2024-01-12 22:20:00+00:00,1.0562823360318048,1.0564010443516838,1.0559168630365445,1.0559594441001536,278
2024-01-12 22:25:00+00:00,1.0559594441001536,1.0562091630269614,1.0559260819494865,1.0560334508266613,1106
2024-01-12 22:30:00+00:00,1.0560334508266613,1.0561882097933328,1.0558469952145124,1.055904562469174,1470
2024-01-12 22:35:00+00:00,1.055904562469174,1.0569560697549796,1.055813406938089,1.0569419954605057,235
2024-01-12 22:40:00+00:00,1.0569419954605057,1.0581673384914652,1.0567048230734983,1.058010701378994,286
2024-01-12 22:45:00+00:00,1.058010701378994,1.0582685628860804,1.0579450165319646,1.0580564673089425,1316
2024-01-12 22:50:00+00:00,1.0580564673089425,1.058343721298444,1.058052833129313,1.0581114744539275,251
2024-01-12 22:55:00+00:00,1.0581114744539275,1.0581533355101824,1.057752893270263,1.0579350645395424,1141
2024-01-12 23:00:00+00:00,1.0579350645395424,1.0586538077508856,1.057579163431719,1.0585412646595243,1216
2024-01-12 23:05:00+00:00,1.0585412646595243,1.0586631211579223,1.0582430728235086,1.0583883478570602,538
2024-01-12 23:10:00+00:00,1.0583883478570602,1.0586099382044802,1.0581538157106403,1.058186546393016,508
2024-01-12 23:15:00+00:00,1.058186546393016,1.0588411007298413,1.0581178916917156,1.0587254770253072,830
2024-01-12 23:20:00+00:00,1.0587254770253072,1.0589363256360378,1.0584210441748363,1.0584616960516118,809
2024-01-12 23:25:00+00:00,1.0584616960516118,1.058781980192621,1.058458755896626,1.0584628841566346,1304
2024-01-12 23:30:00+00:00,1.0584628841566346,1.0586320778963487,1.0573036760073597,1.0576471740290447,929
2024-01-12 23:35:00+00:00,1.0576471740290447,1.058121584040282,1.0575283389013632,1.0580407194367745,1455
2024-01-12 23:40:00+00:00,1.0580407194367745,1.059252208009883,1.0578574288277651,1.0590886383774947,435
2024-01-12 23:45:00+00:00,1.0590886383774947,1.059571967798318,1.0590686443287836,1.059491740949283,493
2024-01-12 23:50:00+00:00,1.059491740949283,1.0603315681948273,1.0592564671666973,1.0602873128565737,437
2024-01-12 23:55:00+00:00,1.0602873128565737,1.060339796339646,1.0598300243571357,1.059859962922646,1010
2024-01-13 00:00:00+00:00,1.059859962922646,1.0601245978452243,1.0597730370504126,1.0600063954442984,146
2024-01-13 00:05:00+00:00,1.0600063954442984,1.0600964602478868,1.0594359239196232,1.0595277177963283,1304
2024-01-13 00:10:00+00:00,1.0595277177963283,1.0597050998994737,1.059413737491115,1.059428246396333,1180
2024-01-13 00:15:00+00:00,1.059428246396333,1.0599198232335112,1.0592658317771444,1.0598584862869103,1483
2024-01-13 00:20:00+00:00,1.0598584862869103,1.0600184445368146,1.0596246272538343,1.0599336411770741,1441
2024-01-13 00:25:00+00:00,1.0599336411770741,1.059956868952794,1.0590329854761904,1.0592061869785168,199
2024-01-13 00:30:00+00:00,1.0592061869785168,1.059419615929491,1.058279094294888,1.058530927619935,1146
2024-01-13 00:35:00+00:00,1.058530927619935,1.0585709691019252,1.0577834959365955,1.0578210958696894,805
2024-01-13 00:40:00+00:00,1.0578210958696894,1.0582156605741355,1.0578154259906722,1.058102186750236,1129
2024-01-13 00:45:00+00:00,1.058102186750236,1.0593115263979613,1.0579905209174605,1.0592152544546711,1323
2024-01-13 00:50:00+00:00,1.0592152544546711,1.0600833509891072,1.0591235039019873,1.0599580070375614,916
2024-01-13 00:55:00+00:00,1.0599580070375614,1.0601437537134508,1.0589537143908438,1.0589743738511723,104
2024-01-13 01:00:00+00:00,1.0589743738511723,1.0597505006702967,1.0589464680921574,1.0597479948395059,1310
2024-01-13 01:05:00+00:00,1.0597479948395059,1.0603545905779665,1.0595157456113007,1.0602653640315518,712
2024-01-13 01:10:00+00:00,1.0602653640315518,1.0603298030066788,1.0594471000921952,1.0594673553341905,742
2024-01-13 01:15:00+00:00,1.0594673553341905,1.0595487478295624,1.0592578592922024,1.0593279285738024,917
2024-01-13 01:20:00+00:00,1.0593279285738024,1.0599767248070395,1.0592893872315803,1.059929373875812,1376
2024-01-13 01:25:00+00:00,1.059929373875812,1.0604812119057554,1.0598715359233617,1.060242282786592,837
2024-01-13 01:30:00+00:00,1.060242282786592,1.0602749082473282,1.059367258072752,1.0595695086688834,390
2024-01-13 01:35:00+00:00,1.0595695086688834,1.0601739114603825,1.0594346090327111,1.0599142619420272,1125
2024-01-13 01:40:00+00:00,1.0599142619420272,1.059946568182485,1.0587492242330694,1.0588026765439182,986
2024-01-13 01:45:00+00:00,1.0588026765439182,1.0591272986106972,1.0585843906058332,1.0587058902394066,191
2024-01-13 01:50:00+00:00,1.0587058902394066,1.0595340107738696,1.0585740526776668,1.059329445124512,845
2024-01-13 01:55:00+00:00,1.059329445124512,1.0593650978498348,1.0592349684661373,1.0593603744805018,1199
2024-01-13 02:00:00+00:00,1.0593603744805018,1.0593963400988662,1.0590860747695996,1.0591172843531065,1337
2024-01-13 02:05:00+00:00,1.0591172843531065,1.0596246674665064,1.0590242083333747,1.059609427693366,496
2024-01-13 02:10:00+00:00,1.059609427693366,1.060177938365393,1.0595584955903516,1.0601470479883834,831
2024-01-13 02:15:00+00:00,1.0601470479883834,1.0610440713443494,1.059978984414225,1.0608626682859135,1253
2024-01-13 02:20:00+00:00,1.0608626682859135,1.0613611618415448,1.0606567293297504,1.0613476641600976,917
2024-01-13 02:25:00+00:00,1.0613476641600976,1.062146204897889,1.0611973116907751,1.0619427484191943,687
2024-01-13 02:30:00+00:00,1.0619427484191943,1.0623718895168708,1.0617991972841978,1.0623531407380753,357
2024-01-13 02:35:00+00:00,1.0623531407380753,1.0625712342568272,1.0621580750304789,1.0625154303980626,160
2024-01-13 02:40:00+00:00,1.0625154303980626,1.0626908925463954,1.0624633238318366,1.0625842330533748,1066
2024-01-13 02:45:00+00:00,1.0625842330533748,1.0628738542574592,1.0624544959385371,1.0624794305197103,1449
2024-01-13 02:50:00+00:00,1.0624794305197103,1.062523382331334,1.0617995874715642,1.0618566219215255,941
2024-01-13 02:55:00+00:00,1.0618566219215255,1.062183779992687,1.0613665542732016,1.0613706571281447,1192
2024-01-13 03:00:00+00:00,1.0613706571281447,1.0614436107815917,1.0611554545207844,1.0612422235932817,1048
2024-01-13 03:05:00+00:00,1.0612422235932817,1.0615009042287906,1.0612124055219396,1.0613915680511274,586
2024-01-13 03:10:00+00:00,1.0613915680511274,1.0622432359364586,1.0613378468761192,1.0621774290538202,831
2024-01-13 03:15:00+00:00,1.0621774290538202,1.0622163578658264,1.061853706737609,1.0621764745663782,478
2024-01-13 03:20:00+00:00,1.0621764745663782,1.062887613854061,1.062092480432509,1.0627306525503473,412
2024-01-13 03:25:00+00:00,1.0627306525503473,1.0636458023300603,1.0626710883126729,1.0633254180793321,924
2024-01-13 03:30:00+00:00,1.0633254180793321,1.0635627440084687,1.063099563273153,1.063223632956236,1004
2024-01-13 03:35:00+00:00,1.063223632956236,1.0636895057949947,1.0631468137097932,1.0635610417724033,1482
2024-01-13 03:40:00+00:00,1.0635610417724033,1.0635666494904288,1.0633973508520411,1.0634528095243598,430
2024-01-13 03:45:00+00:00,1.0634528095243598,1.0642105698558002,1.0632896245744732,1.0641770931461159,506
2024-01-13 03:50:00+00:00,1.0641770931461159,1.0646570220751583,1.0641443949754785,1.0645367016456848,332
2024-01-13 03:55:00+00:00,1.0645367016456848,1.0647679457671684,1.0638982200137785,1.0639243355549284,1427
2024-01-13 04:00:00+00:00,1.0639243355549284,1.064211381394369,1.0639022946568313,1.0640315390457489,1194
2024-01-13 04:05:00+00:00,1.0640315390457489,1.0649375963664978,1.0637628355894144,1.0649296413365625,562
2024-01-13 04:10:00+00:00,1.0649296413365625,1.0649762840186976,1.0647405119924893,1.0648544407790799,1456
2024-01-13 04:15:00+00:00,1.0648544407790799,1.0653488820017032,1.0648029005669588,1.0651141135368956,1085
2024-01-13 04:20:00+00:00,1.0651141135368956,1.0654320922418254,1.0649164280679657,1.0654261274463448,766
2024-01-13 04:25:00+00:00,1.0654261274463448,1.0654770170444634,1.0647791295415026,1.0648952134083542,634
2024-01-13 04:30:00+00:00,1.0648952134083542,1.0653758322936742,1.0648022242548,1.0651884365379058,896
2024-01-13 04:35:00+00:00,1.0651884365379058,1.06524758309814,1.0643923411309857,1.064467391763443,219
2024-01-13 04:40:00+00:00,1.064467391763443,1.0645186383639758,1.064073187721125,1.0641557028808957,340
2024-01-13 04:45:00+00:00,1.0641557028808957,1.064847838959734,1.0641456909981946,1.0647493543602427,1410
2024-01-13 04:50:00+00:00,1.0647493543602427,1.0651086074412703,1.0645495925412087,1.0649605773622148,389
2024-01-13 04:55:00+00:00,1.0649605773622148,1.0652645546341495,1.0644614503639052,1.0648197481427963,329
2024-01-13 05:00:00+00:00,1.0648197481427963,1.065395999638324,1.0647466422981233,1.0650787447938581,1303
2024-01-13 05:05:00+00:00,1.0650787447938581,1.0650792697367346,1.0647303824647651,1.0650680448808485,1422
2024-01-13 05:10:00+00:00,1.0650680448808485,1.0651114024255814,1.0649315876519025,1.0650960447221998,1245
2024-01-13 05:15:00+00:00,1.0650960447221998,1.0655317357419265,1.0648470474609568,1.0654671340505493,244
2024-01-13 05:20:00+00:00,1.0654671340505493,1.0655532728344286,1.0650747129427678,1.0651009501822097,1274
2024-01-13 05:25:00+00:00,1.0651009501822097,1.065290391491461,1.0648933365063638,1.065143733373155,473
2024-01-13 05:30:00+00:00,1.065143733373155,1.065144902283089,1.0649948560341091,1.064998730992514,115
2024-01-13 05:35:00+00:00,1.064998730992514,1.0650692730155809,1.0639204171396783,1.0641756981762305,1389
2024-01-13 05:40:00+00:00,1.0641756981762305,1.0644232900504762,1.0636344260333044,1.0637072183666705,474
2024-01-13 05:45:00+00:00,1.0637072183666705,1.0646143227979874,1.0633298870889791,1.0645625487698533,1021
2024-01-13 05:50:00+00:00,1.0645625487698533,1.0647971156786553,1.064549788112356,1.064788621037002,203
2024-01-13 05:55:00+00:00,1.064788621037002,1.0651839905971048,1.0638326280391937,1.0641052459282878,365
2024-01-13 06:00:00+00:00,1.0641052459282878,1.0641363327351323,1.0632216531172987,1.0633069784472418,1333
2024-01-13 06:05:00+00:00,1.0633069784472418,1.0633956832686235,1.0631864232058412,1.063268612257952,928
2024-01-13 06:10:00+00:00,1.063268612257952,1.0642230205548675,1.0632161557144766,1.0641198579495004,1498
2024-01-13 06:15:00+00:00,1.0641198579495004,1.064236602801483,1.063886776217363,1.06404177382672,352
2024-01-13 06:20:00+00:00,1.06404177382672,1.0648046408236733,1.0640281089065904,1.0647584057237938,1347
2024-01-13 06:25:00+00:00,1.0647584057237938,1.064998026624323,1.0643389350857821,1.0649670615151394,1324
2024-01-13 06:30:00+00:00,1.0649670615151394,1.0652553259682447,1.0648844065530298,1.0652392939640347,1393
2024-01-13 06:35:00+00:00,1.0652392939640347,1.0653313296646962,1.0643890844705575,1.0645491677637815,169
2024-01-13 06:40:00+00:00,1.0645491677637815,1.0651214833914218,1.0644274998161338,1.0650694783701908,246
2024-01-13 06:45:00+00:00,1.0650694783701908,1.0653935756847703,1.0648006285775158,1.064912416814644,841
2024-01-13 06:50:00+00:00,1.064912416814644,1.065586751852749,1.0648446180580098,1.065393273998335,261
2024-01-13 06:55:00+00:00,1.065393273998335,1.0654418428308436,1.0648182379140096,1.0649808762524653,188
2024-01-13 07:00:00+00:00,1.0649808762524653,1.0652331841469598,1.0649577468027536,1.0650964529546156,1235
2024-01-13 07:05:00+00:00,1.0650964529546156,1.0654441040765532,1.0650424411050685,1.0653052134325092,1073
2024-01-13 07:10:00+00:00,1.0653052134325092,1.065346842175914,1.0649830675118803,1.0652444732891826,1281
2024-01-13 07:15:00+00:00,1.0652444732891826,1.0656327353794406,1.065139653447898,1.0654812479442137,1410
2024-01-13 07:20:00+00:00,1.0654812479442137,1.0657189302577919,1.065314725812786,1.06536063702511,299
2024-01-13 07:25:00+00:00,1.06536063702511,1.0654838245965348,1.065025992908691,1.065036202881867,1263
2024-01-13 07:30:00+00:00,1.065036202881867,1.0659897719889648,1.0649785484469445,1.065912452568825,161
2024-01-13 07:35:00+00:00,1.065912452568825,1.0668417800213128,1.0658470240313498,1.0664928167790828,620
2024-01-13 07:40:00+00:00,1.0664928167790828,1.0665082160687946,1.0660137634065259,1.0661084182428513,516
2024-01-13 07:45:00+00:00,1.0661084182428513,1.0667244259799413,1.0660697368126215,1.0664327520409644,431
2024-01-13 07:50:00+00:00,1.0664327520409644,1.0664658419536857,1.0659838420367485,1.0660580721685544,1105
2024-01-13 07:55:00+00:00,1.0660580721685544,1.0660974385401316,1.0650994359128665,1.0654479220163227,269
2024-01-13 08:00:00+00:00,1.0654479220163227,1.0660688149431659,1.0653021894003436,1.0660199660353127,1232
2024-01-13 08:05:00+00:00,1.0660199660353127,1.0661706834253035,1.0649782520928246,1.0651329843221067,1323
2024-01-13 08:10:00+00:00,1.0651329843221067,1.0658649363035724,1.064807645416429,1.0656478993844254,1031
2024-01-13 08:15:00+00:00,1.0656478993844254,1.0658133415772866,1.065465372290071,1.0655345558416527,213
2024-01-13 08:20:00+00:00,1.0655345558416527,1.0655908880780451,1.0654384539719182,1.065443161424893,935
2024-01-13 08:25:00+00:00,1.065443161424893,1.0658290311157808,1.0652997393729002,1.0656827536055378,980
2024-01-13 08:30:00+00:00,1.0656827536055378,1.0660344691302432,1.065367846183133,1.066013754035789,622
2024-01-13 08:35:00+00:00,1.066013754035789,1.0660926473901136,1.0655567416944738,1.0655946277148431,614
2024-01-13 08:40:00+00:00,1.0655946277148431,1.0661597674231391,1.0655029864941215,1.0659983418838261,756
2024-01-13 08:45:00+00:00,1.0659983418838261,1.06625654367692,1.065965549630114,1.0660800882534405,1494
2024-01-13 08:50:00+00:00,1.0660800882534405,1.0661519914253963,1.0653727429433988,1.0654318823529896,105
2024-01-13 08:55:00+00:00,1.0654318823529896,1.065465821663439,1.0653503497583716,1.0653626961452345,812
2024-01-13 09:00:00+00:00,1.0653626961452345,1.0663130418006617,1.0653429367623906,1.0661197849672295,543
2024-01-13 09:05:00+00:00,1.0661197849672295,1.0671781592043592,1.065949451322736,1.0670348328058203,868
2024-01-13 09:10:00+00:00,1.0670348328058203,1.0674587722179012,1.0669865784074302,1.0674388913982404,105
2024-01-13 09:15:00+00:00,1.0674388913982404,1.067443920122218,1.06681830172435,1.0668249307093718,1385
2024-01-13 09:20:00+00:00,1.0668249307093718,1.0672627272218596,1.0668012679043486,1.0671079630453448,739
2024-01-13 09:25:00+00:00,1.0671079630453448,1.0676979396968078,1.066814099280065,1.067583285427582,1457
2024-01-13 09:30:00+00:00,1.067583285427582,1.068162632782079,1.0675556338498335,1.0679920139498367,315
2024-01-13 09:35:00+00:00,1.0679920139498367,1.0685054663594926,1.067909599915603,1.0684325362459328,917
2024-01-13 09:40:00+00:00,1.0684325362459328,1.0689633729869885,1.0681265907352424,1.0686479659432002,1051
2024-01-13 09:45:00+00:00,1.0686479659432002,1.0688101189355148,1.0684007948395986,1.068630647253219,1214
2024-01-13 09:50:00+00:00,1.068630647253219,1.0689292667180272,1.068252119337511,1.0683269597907061,112
2024-01-13 09:55:00+00:00,1.0683269597907061,1.0683941074418775,1.0673171673367385,1.0673345184887222,988
2024-01-13 10:00:00+00:00,1.0673345184887222,1.067825793617417,1.067245563394264,1.0675371208698587,306
2024-01-13 10:05:00+00:00,1.0675371208698587,1.0676628621596513,1.0674808919853187,1.0676577807707972,698
2024-01-13 10:10:00+00:00,1.0676577807707972,1.0682394300577427,1.0675667349652247,1.0679767840198935,174
2024-01-13 10:15:00+00:00,1.0679767840198935,1.0682448623161316,1.067137507796864,1.0672839107495493,180
2024-01-13 10:20:00+00:00,1.0672839107495493,1.067938675832447,1.0671858310132747,1.0676494643950998,1172
2024-01-13 10:25:00+00:00,1.0676494643950998,1.0688154239456744,1.0674301593999291,1.0687675843693114,1104
2024-01-13 10:30:00+00:00,1.0687675843693114,1.0689894386588583,1.0685900886434712,1.0688308821993813,1353
2024-01-13 10:35:00+00:00,1.0688308821993813,1.069022171295626,1.0687802306852907,1.068819303918261,1080
2024-01-13 10:40:00+00:00,1.068819303918261,1.0690240091520555,1.0685138880553577,1.0690058141459096,934
2024-01-13 10:45:00+00:00,1.0690058141459096,1.0703106459495062,1.0687693706706705,1.0701134843100522,263
2024-01-13 10:50:00+00:00,1.0701134843100522,1.0702097397671455,1.069492716486275,1.069587176943249,1171
2024-01-13 10:55:00+00:00,1.069587176943249,1.0698319922391968,1.0694050940964315,1.0697172424518997,422
2024-01-13 11:00:00+00:00,1.0697172424518997,1.0698303705054313,1.0691860312997168,1.0693109331304056,249
2024-01-13 11:05:00+00:00,1.0693109331304056,1.0696708164079112,1.068908993694203,1.0690398602848312,1124
2024-01-13 11:10:00+00:00,1.0690398602848312,1.0691605996455051,1.0690289472904617,1.0690347340741322,923
2024-01-13 11:15:00+00:00,1.0690347340741322,1.0699084893855426,1.0690287875238746,1.0697762824404689,309
2024-01-13 11:20:00+00:00,1.0697762824404689,1.0707735858922822,1.0696502951862463,1.070761006480875,868
2024-01-13 11:25:00+00:00,1.070761006480875,1.0710549332602082,1.0704419911902066,1.0710223482679182,1067
2024-01-13 11:30:00+00:00,1.0710223482679182,1.0710450760733534,1.0707994736919033,1.0708420980325846,798
2024-01-13 11:35:00+00:00,1.0708420980325846,1.0722262798277662,1.0708238532954528,1.0721981797334446,1105
2024-01-13 11:40:00+00:00,1.0721981797334446,1.0722017834838946,1.0719258065568977,1.07199041212873,806
2024-01-13 11:45:00+00:00,1.07199041212873,1.0720772644114112,1.071634997818511,1.0717057258248646,594
2024-01-13 11:50:00+00:00,1.0717057258248646,1.071729731662222,1.0705776971804808,1.070776051627437,412
2024-01-13 11:55:00+00:00,1.070776051627437,1.0715906222191776,1.0705088399407379,1.0715449178575827,461
2024-01-13 12:00:00+00:00,1.0715449178575827,1.0721122079978034,1.0714223975710246,1.0720476040056865,1232
2024-01-13 12:05:00+00:00,1.0720476040056865,1.0734605297783182,1.0718705882809985,1.073327524607599,622
2024-01-13 12:10:00+00:00,1.073327524607599,1.0734170442915352,1.072477282544297,1.0725657178647197,1102
2024-01-13 12:15:00+00:00,1.0725657178647197,1.0733411852127823,1.072408929681003,1.0733316213883983,602
2024-01-13 12:20:00+00:00,1.0733316213883983,1.0735402311611908,1.0733168288490886,1.0733531607488997,835
2024-01-13 12:25:00+00:00,1.0733531607488997,1.0739472922054774,1.073323046628121,1.07376967555928,949
2024-01-13 12:30:00+00:00,1.07376967555928,1.0740603507330433,1.0727183175793047,1.0728689024510478,768
2024-01-13 12:35:00+00:00,1.0728689024510478,1.0738560047045815,1.0727152634658752,1.0736403390844067,1141
2024-01-13 12:40:00+00:00,1.0736403390844067,1.0741020931804426,1.0733881859708423,1.0740464525351183,1393
2024-01-13 12:45:00+00:00,1.0740464525351183,1.074199534764425,1.0739774599534029,1.0740094462459153,1306
2024-01-13 12:50:00+00:00,1.0740094462459153,1.07469235121068,1.0739922221479121,1.0743397646644421,1389
2024-01-13 12:55:00+00:00,1.0743397646644421,1.0744208800071724,1.0735161984400117,1.0739124485471856,141
2024-01-13 13:00:00+00:00,1.0739124485471856,1.0739931274800967,1.0733257320784444,1.0735852058999107,1163
2024-01-13 13:05:00+00:00,1.0735852058999107,1.0736449104542565,1.073256854741994,1.073320328481351,1117
2024-01-13 13:10:00+00:00,1.073320328481351,1.073335720346927,1.0721328419718328,1.0723099434378758,677
2024-01-13 13:15:00+00:00,1.0723099434378758,1.0728087455679796,1.07217899339279,1.0727558948898124,539
2024-01-13 13:20:00+00:00,1.0727558948898124,1.073400343773137,1.072545094983468,1.0733789480883529,174
2024-01-13 13:25:00+00:00,1.0733789480883529,1.0739471750383967,1.0729057594690217,1.0729864433812708,1274
2024-01-13 13:30:00+00:00,1.0729864433812708,1.0731663583655129,1.0729120811567276,1.0731571571424467,1276
2024-01-13 13:35:00+00:00,1.0731571571424467,1.0731600235379408,1.0728046733126377,1.07299857645466,206
2024-01-13 13:40:00+00:00,1.07299857645466,1.073325782578543,1.0729006805578836,1.073158600223013,914
2024-01-13 13:45:00+00:00,1.073158600223013,1.073369324725242,1.0727329553383778,1.0728057578871548,871
2024-01-13 13:50:00+00:00,1.0728057578871548,1.0728359640305143,1.072284315188001,1.07231579400373,341
2024-01-13 13:55:00+00:00,1.07231579400373,1.0729951429188067,1.072170502427307,1.072863787525199,868
2024-01-13 14:00:00+00:00,1.072863787525199,1.0730410625133,1.0726766140302075,1.072813432349452,1236
2024-01-13 14:05:00+00:00,1.072813432349452,1.0740056182409836,1.072808051099112,1.0738820129700417,557
2024-01-13 14:10:00+00:00,1.0738820129700417,1.0739829869305042,1.0736087699451735,1.073890770458954,1116
2024-01-13 14:15:00+00:00,1.073890770458954,1.0740816058104756,1.0733400969524065,1.0733774087672685,1458
2024-01-13 14:20:00+00:00,1.0733774087672685,1.0740496923025409,1.0733741957765657,1.074019793415467,736
2024-01-13 14:25:00+00:00,1.074019793415467,1.0745681170951678,1.0739737164788412,1.074342429049557,249
2024-01-13 14:30:00+00:00,1.074342429049557,1.0747459485449615,1.0742235710316157,1.074716769092118,516
2024-01-13 14:35:00+00:00,1.074716769092118,1.0755818127287105,1.0745328472575435,1.0753404275980176,290
2024-01-13 14:40:00+00:00,1.0753404275980176,1.0754611989815124,1.0749711122920496,1.0749733083687243,593
2024-01-13 14:45:00+00:00,1.0749733083687243,1.0751422701640043,1.0747403719722002,1.0748887868138184,1001
2024-01-13 14:50:00+00:00,1.0748887868138184,1.0749939367405035,1.0747066445781996,1.0747805187313326,383
2024-01-13 14:55:00+00:00,1.0747805187313326,1.0748168455612968,1.073760053715501,1.0740707624073031,820
2024-01-13 15:00:00+00:00,1.0740707624073031,1.0741056723109499,1.0738060714912945,1.0739130941090953,1497
2024-01-13 15:05:00+00:00,1.0739130941090953,1.0747211904095377,1.0737442014255516,1.07461456311194,470
2024-01-13 15:10:00+00:00,1.07461456311194,1.074766389003147,1.0744466674329796,1.0747259673848524,1331
2024-01-13 15:15:00+00:00,1.0747259673848524,1.0748451305074753,1.0738755538930744,1.0739865229639778,525
2024-01-13 15:20:00+00:00,1.0739865229639778,1.0741283386343705,1.0730252491735368,1.0731349378861212,959
2024-01-13 15:25:00+00:00,1.0731349378861212,1.0742910785599935,1.0731052559818013,1.0740121055382523,319
2024-01-13 15:30:00+00:00,1.0740121055382523,1.0741061573296662,1.0739194631769282,1.073947493501482,475
2024-01-13 15:35:00+00:00,1.073947493501482,1.0742431349347557,1.07350491501898,1.0735837420052392,1314
2024-01-13 15:40:00+00:00,1.0735837420052392,1.0736641512108367,1.0733619417290183,1.0734205616969907,925
2024-01-13 15:45:00+00:00,1.0734205616969907,1.0734738860736817,1.072483820429122,1.072611574128846,897
2024-01-13 15:50:00+00:00,1.072611574128846,1.0733798071780982,1.0725826394737539,1.0733586991194604,815
2024-01-13 15:55:00+00:00,1.0733586991194604,1.073448245854316,1.0729524613117523,1.0731316553440875,442
2024-01-13 16:00:00+00:00,1.0731316553440875,1.0739227738026562,1.0728880856835232,1.0738492593017483,1400
2024-01-13 16:05:00+00:00,1.0738492593017483,1.0739041910828768,1.0737934492992725,1.073860884640509,650
2024-01-13 16:10:00+00:00,1.073860884640509,1.0746284744128511,1.0736385805061777,1.0746123359626556,116
2024-01-13 16:15:00+00:00,1.0746123359626556,1.0749710795254912,1.0745828076952695,1.074734140315239,1369
2024-01-13 16:20:00+00:00,1.074734140315239,1.0751813679591822,1.0746488801465615,1.075176518439343,165
2024-01-13 16:25:00+00:00,1.075176518439343,1.0757463205161946,1.0750274616406486,1.07554696677043,1341
2024-01-13 16:30:00+00:00,1.07554696677043,1.0760590137276096,1.0753881802422858,1.0758660229737897,472
2024-01-13 16:35:00+00:00,1.0758660229737897,1.076059522907691,1.0758623610168792,1.076037050424556,196
2024-01-13 16:40:00+00:00,1.076037050424556,1.0762193463807355,1.075727817311106,1.0758956318699207,408
2024-01-13 16:45:00+00:00,1.0758956318699207,1.0771622663574987,1.0755938268501999,1.07690989734434,1015
2024-01-13 16:50:00+00:00,1.07690989734434,1.0770125595941535,1.0763808594856432,1.0764053989881213,864
2024-01-13 16:55:00+00:00,1.0764053989881213,1.0765159186545883,1.076187585122277,1.076391571291874,314
2024-01-13 17:00:00+00:00,1.076391571291874,1.076451010151199,1.0763815526415197,1.076383436933607,520
2024-01-13 17:05:00+00:00,1.076383436933607,1.0766313037916004,1.076203407020701,1.076583881462676,395
2024-01-13 17:10:00+00:00,1.076583881462676,1.0766142607721603,1.0760371806100286,1.0763365510404046,1014
2024-01-13 17:15:00+00:00,1.0763365510404046,1.0765870672166116,1.0763214506923695,1.0764897924686443,1309
2024-01-13 17:20:00+00:00,1.0764897924686443,1.0765874435334324,1.0762182065084782,1.076382766462005,457
2024-01-13 17:25:00+00:00,1.076382766462005,1.0768034903513035,1.0754508639461329,1.0755152275069422,1353
2024-01-13 17:30:00+00:00,1.0755152275069422,1.0755540265507493,1.0754424255462576,1.075504231593193,671
2024-01-13 17:35:00+00:00,1.075504231593193,1.0755877828150848,1.074585927455462,1.0748962676933098,215
2024-01-13 17:40:00+00:00,1.0748962676933098,1.0749624474319734,1.07368598663019,1.073948001857896,551
2024-01-13 17:45:00+00:00,1.073948001857896,1.074011222326954,1.0737789996779075,1.074005390052499,1323
2024-01-13 17:50:00+00:00,1.074005390052499,1.0743722407029999,1.0737826245406885,1.0742512746411712,1231
2024-01-13 17:55:00+00:00,1.0742512746411712,1.0745311072373356,1.0741647746991754,1.0745180638935925,1119
2024-01-13 18:00:00+00:00,1.0745180638935925,1.075049771983333,1.0743607523883416,1.0748066637076361,658
2024-01-13 18:05:00+00:00,1.0748066637076361,1.074988357557715,1.0737017105007594,1.0737519618287228,1185
2024-01-13 18:10:00+00:00,1.0737519618287228,1.073771058102501,1.0726618645654564,1.073005158251084,1094
2024-01-13 18:15:00+00:00,1.073005158251084,1.0740797691744721,1.0727579937800016,1.0740478625145202,1208
2024-01-13 18:20:00+00:00,1.0740478625145202,1.07450707019142,1.0733868183667619,1.0734693756313989,880
2024-01-13 18:25:00+00:00,1.0734693756313989,1.07383372194576,1.0733547322004062,1.0737811331609166,810
2024-01-13 18:30:00+00:00,1.0737811331609166,1.0739991003516793,1.0733800816758055,1.0733962161150175,1453
2024-01-13 18:35:00+00:00,1.0733962161150175,1.0734584963078686,1.0733695668434589,1.0734228753802044,1425
2024-01-13 18:40:00+00:00,1.0734228753802044,1.073447489617948,1.0728737894922968,1.0730668992637482,850
2024-01-13 18:45:00+00:00,1.0730668992637482,1.0734641236074505,1.0729478549705458,1.0733520888730577,380
2024-01-13 18:50:00+00:00,1.0733520888730577,1.073634271864302,1.073079633214376,1.0734093919839875,672
2024-01-13 18:55:00+00:00,1.0734093919839875,1.0734136216618673,1.0730788573286874,1.0731526916164278,806
2024-01-13 19:00:00+00:00,1.0731526916164278,1.0735197768518998,1.0725442835856294,1.0725730968076055,1047
2024-01-13 19:05:00+00:00,1.0725730968076055,1.0727380145324072,1.072567126629349,1.0727006119112783,545
2024-01-13 19:10:00+00:00,1.0727006119112783,1.07291143240037,1.0719940479939312,1.0720340793031948,163
2024-01-13 19:15:00+00:00,1.0720340793031948,1.0723375379084499,1.071841317551369,1.07224713591471,1251
2024-01-13 19:20:00+00:00,1.07224713591471,1.0736992019871303,1.0720898705590083,1.0736391726682903,1428
2024-01-13 19:25:00+00:00,1.0736391726682903,1.0744432883902693,1.0735184296919165,1.0743478658090997,215
2024-01-13 19:30:00+00:00,1.0743478658090997,1.0748703322756437,1.07433842036274,1.0747176283507092,545
2024-01-13 19:35:00+00:00,1.0747176283507092,1.074765664340821,1.074583204852643,1.0746555057502851,707
2024-01-13 19:40:00+00:00,1.0746555057502851,1.074681465173946,1.073326796445709,1.0735976403252503,1164
2024-01-13 19:45:00+00:00,1.0735976403252503,1.0736698055415022,1.0728541335044788,1.0728717345834091,1182
2024-01-13 19:50:00+00:00,1.0728717345834091,1.0736744410958179,1.0725748568510227,1.0735437776057095,580
2024-01-13 19:55:00+00:00,1.0735437776057095,1.0736470505936144,1.0728281755568894,1.0731037555862233,537
2024-01-13 20:00:00+00:00,1.0731037555862233,1.073291532722297,1.0727086022956378,1.0727124740035687,667
2024-01-13 20:05:00+00:00,1.0727124740035687,1.0727657382297167,1.0725985035209926,1.0726075356506632,436
2024-01-13 20:10:00+00:00,1.0726075356506632,1.0728010116702962,1.0719755983197523,1.0720218671274042,711
2024-01-13 20:15:00+00:00,1.0720218671274042,1.072241202332834,1.0711935132935337,1.0713482253447235,467
2024-01-13 20:20:00+00:00,1.0713482253447235,1.071571341803268,1.0710761082268612,1.0713051174671933,184
2024-01-13 20:25:00+00:00,1.0713051174671933,1.0715001702608782,1.0705900651235776,1.0708114978568497,1099
2024-01-13 20:30:00+00:00,1.0708114978568497,1.0708129774548076,1.070184995613981,1.0703986900767055,1202
2024-01-13 20:35:00+00:00,1.0703986900767055,1.0705917436708499,1.06980682529866,1.0699645411708107,501
2024-01-13 20:40:00+00:00,1.0699645411708107,1.070324609548202,1.069884364096134,1.0702279451559538,661
2024-01-13 20:45:00+00:00,1.0702279451559538,1.0703044707464433,1.0697498568248127,1.0700876780363981,663
2024-01-13 20:50:00+00:00,1.0700876780363981,1.0701223517592298,1.0698582374912629,1.0699760828899845,130
2024-01-13 20:55:00+00:00,1.0699760828899845,1.0703713550855483,1.0699211289828947,1.0702793921651912,863
2024-01-13 21:00:00+00:00,1.0702793921651912,1.0703560710430948,1.0700165552753407,1.0701873269415272,741
2024-01-13 21:05:00+00:00,1.0701873269415272,1.0702729553517778,1.069859355803151,1.0700223823032848,1417
2024-01-13 21:10:00+00:00,1.0700223823032848,1.070474016184913,1.0698086598274175,1.0702580281726617,620
2024-01-13 21:15:00+00:00,1.0702580281726617,1.0706913590098168,1.0701435074950514,1.0705995463554765,1212
2024-01-13 21:20:00+00:00,1.0705995463554765,1.070788634858258,1.070456206640027,1.0705047589513539,646
2024-01-13 21:25:00+00:00,1.0705047589513539,1.0705464477618425,1.0701950055961196,1.0705318468836746,359
2024-01-13 21:30:00+00:00,1.0705318468836746,1.0706506525559667,1.069975089659101,1.0700973232367152,588
2024-01-13 21:35:00+00:00,1.0700973232367152,1.0702957423901682,1.0695415676619318,1.069620764466544,1336
2024-01-13 21:40:00+00:00,1.069620764466544,1.0701099964021796,1.0695534466395387,1.0700160682245976,458
2024-01-13 21:45:00+00:00,1.0700160682245976,1.0704660191386355,1.0699166115855872,1.07023806556175,1282
2024-01-13 21:50:00+00:00,1.07023806556175,1.0706910278093293,1.0701288605023016,1.0704656508507588,1031
2024-01-13 21:55:00+00:00,1.0704656508507588,1.0706089112389738,1.0703297516185035,1.0705999163325974,1143
2024-01-13 22:00:00+00:00,1.0705999163325974,1.0708492439449326,1.0705144747289643,1.0706085899454632,1153
2024-01-13 22:05:00+00:00,1.0706085899454632,1.0713331194577767,1.0705739823301155,1.0709653230928415,823
2024-01-13 22:10:00+00:00,1.0709653230928415,1.0715122351803572,1.0707625393464257,1.071449993141183,942
2024-01-13 22:15:00+00:00,1.071449993141183,1.071974166259663,1.0714116645759604,1.0719220890112418,197
2024-01-13 22:20:00+00:00,1.0719220890112418,1.072075823206007,1.0718484114923914,1.071851997142813,1078
2024-01-13 22:25:00+00:00,1.071851997142813,1.072692236135585,1.071687050626172,1.0725792448266436,1096
2024-01-13 22:30:00+00:00,1.0725792448266436,1.0728966109494622,1.0722794760623997,1.0726856772307138,245
2024-01-13 22:35:00+00:00,1.0726856772307138,1.0731153631344024,1.072660855882625,1.073008757387749,825
2024-01-13 22:40:00+00:00,1.073008757387749,1.0731952688199833,1.0728352913402317,1.0731440036449973,812
2024-01-13 22:45:00+00:00,1.0731440036449973,1.0734513555098044,1.0731391910435628,1.073260443368441,533
2024-01-13 22:50:00+00:00,1.073260443368441,1.0733677159207917,1.0728357958986845,1.0728495177081578,192
2024-01-13 22:55:00+00:00,1.0728495177081578,1.0732133406985285,1.0726080768576631,1.0732096469197232,113
2024-01-13 23:00:00+00:00,1.0732096469197232,1.0747656484261952,1.072863414161706,1.0747203474714901,391
2024-01-13 23:05:00+00:00,1.0747203474714901,1.0747439402253989,1.074301050366438,1.0745028267197736,423
2024-01-13 23:10:00+00:00,1.0745028267197736,1.0745653052473398,1.0744902456539924,1.074524851188576,396
2024-01-13 23:15:00+00:00,1.074524851188576,1.0746647915845344,1.0742357400930607,1.0742690039931722,947
2024-01-13 23:20:00+00:00,1.0742690039931722,1.0743963741950904,1.073789536803475,1.0739907576313223,689
2024-01-13 23:25:00+00:00,1.0739907576313223,1.0750441809833828,1.0738452752442476,1.0748040100025218,257
2024-01-13 23:30:00+00:00,1.0748040100025218,1.0748937564101815,1.0742550271976934,1.0744262319681372,217
2024-01-13 23:35:00+00:00,1.0744262319681372,1.074515442733987,1.0738750555934007,1.0741554333263335,1017
2024-01-13 23:40:00+00:00,1.0741554333263335,1.0742250681846268,1.0731866932021368,1.0732867139738447,1408
2024-01-13 23:45:00+00:00,1.0732867139738447,1.0732880176648447,1.0727559858322095,1.072864047373984,1247
2024-01-13 23:50:00+00:00,1.072864047373984,1.0731097218255643,1.0719009599443616,1.0719315140014298,1160
2024-01-13 23:55:00+00:00,1.0719315140014298,1.0724634071693806,1.0719121341860471,1.0722540607126094,545
2024-01-14 00:00:00+00:00,1.0722540607126094,1.0738647558725423,1.0719561951256604,1.0737389702591393,1085
2024-01-14 00:05:00+00:00,1.0737389702591393,1.0740834801685293,1.073453026956518,1.0735260055194304,214
2024-01-14 00:10:00+00:00,1.0735260055194304,1.073752739160199,1.0724156275423158,1.072615248636362,339
2024-01-14 00:15:00+00:00,1.072615248636362,1.0731410224379958,1.0725538805664554,1.07308183608955,295
2024-01-14 00:20:00+00:00,1.07308183608955,1.073086658688074,1.0726729973623035,1.0726757148771948,357
2024-01-14 00:25:00+00:00,1.0726757148771948,1.0737091492727433,1.0724549554519087,1.073356513690274,601
2024-01-14 00:30:00+00:00,1.073356513690274,1.073650163239629,1.0731423491096157,1.073189054484821,161
2024-01-14 00:35:00+00:00,1.073189054484821,1.0731894313976473,1.0728184101991662,1.072833927808016,1238
2024-01-14 00:40:00+00:00,1.072833927808016,1.0731510290814223,1.07250041207457,1.0727223758473419,1101
2024-01-14 00:45:00+00:00,1.0727223758473419,1.0732251856521224,1.0725213591114033,1.073112727055381,987
2024-01-14 00:50:00+00:00,1.073112727055381,1.0732517699518118,1.0727811549596364,1.0729746063778458,345
2024-01-14 00:55:00+00:00,1.0729746063778458,1.073051844842392,1.0720664627555656,1.072692025262521,1315
2024-01-14 01:00:00+00:00,1.072692025262521,1.072700913469459,1.0724984743549029,1.0725692923446992,108
2024-01-14 01:05:00+00:00,1.0725692923446992,1.0727647172341337,1.0718370230534797,1.0718711273977113,1492
2024-01-14 01:10:00+00:00,1.0718711273977113,1.0721234652285372,1.071865522060392,1.0720678326863822,1117
2024-01-14 01:15:00+00:00,1.0720678326863822,1.0721788085773476,1.0709960359187545,1.0710940056153586,383
2024-01-14 01:20:00+00:00,1.0710940056153586,1.071321838645868,1.0707982390797355,1.0708400912915064,375
2024-01-14 01:25:00+00:00,1.0708400912915064,1.071237939193247,1.070731217788009,1.0712306187533118,1072
2024-01-14 01:30:00+00:00,1.0712306187533118,1.0715522313776276,1.0711875614193433,1.0713768675938495,1231
2024-01-14 01:35:00+00:00,1.0713768675938495,1.0717871796683178,1.0711361001832522,1.0716770248440168,753
2024-01-14 01:40:00+00:00,1.0716770248440168,1.0719031499086944,1.071500885173684,1.071626095712135,184
2024-01-14 01:45:00+00:00,1.071626095712135,1.0722807955715867,1.071538887864333,1.0722367865871512,790
2024-01-14 01:50:00+00:00,1.0722367865871512,1.072786411858923,1.0721573812501546,1.0727164512830047,771
2024-01-14 01:55:00+00:00,1.0727164512830047,1.072960836479798,1.0725302360784081,1.0729396519336596,555
2024-01-14 02:00:00+00:00,1.0729396519336596,1.0735025462917018,1.0727752205328847,1.0734211581606123,1364
2024-01-14 02:05:00+00:00,1.0734211581606123,1.073808088155939,1.0734030003743635,1.0738078171036793,579
2024-01-14 02:10:00+00:00,1.0738078171036793,1.0738791056322783,1.073396287296367,1.073555760308441,440
2024-01-14 02:15:00+00:00,1.073555760308441,1.073710279238866,1.0727902727993122,1.072818281763077,1046
2024-01-14 02:20:00+00:00,1.072818281763077,1.0730603584696312,1.0725098046470685,1.073027675575633,965
2024-01-14 02:25:00+00:00,1.073027675575633,1.073545495795287,1.0728509917274076,1.0733045645895072,969
2024-01-14 02:30:00+00:00,1.0733045645895072,1.0741441926431525,1.073203844188918,1.0738736693038613,805
2024-01-14 02:35:00+00:00,1.0738736693038613,1.0741518108775743,1.072979563885762,1.0733548158171817,545
2024-01-14 02:40:00+00:00,1.0733548158171817,1.07345431110048,1.072513977697064,1.0728522544236037,460
2024-01-14 02:45:00+00:00,1.0728522544236037,1.0732682130902276,1.0727496863030446,1.0730828641585466,266
2024-01-14 02:50:00+00:00,1.0730828641585466,1.0731311666941212,1.0729165198845765,1.073028583877468,359
2024-01-14 02:55:00+00:00,1.073028583877468,1.0730505661316325,1.07169809559037,1.072000750393449,909
2024-01-14 03:00:00+00:00,1.072000750393449,1.072196135443501,1.071960099149694,1.0721857284987049,668
2024-01-14 03:05:00+00:00,1.0721857284987049,1.07225623626906,1.0710490307403475,1.0711765750064797,1135
2024-01-14 03:10:00+00:00,1.0711765750064797,1.0712020106625806,1.0706114404659883,1.0706542390199854,1226
2024-01-14 03:15:00+00:00,1.0706542390199854,1.0717972360306125,1.0705395829585969,1.0713617709022287,882
2024-01-14 03:20:00+00:00,1.0713617709022287,1.0723753079144323,1.0713126312374395,1.0723232532837654,246
2024-01-14 03:25:00+00:00,1.0723232532837654,1.0723916304801204,1.071602550591148,1.0716553801390087,105
2024-01-14 03:30:00+00:00,1.0716553801390087,1.0719190528238731,1.071342082865215,1.0714628082016864,419
2024-01-14 03:35:00+00:00,1.0714628082016864,1.0717406186864105,1.0714194037021936,1.0714695704836985,495
2024-01-14 03:40:00+00:00,1.0714695704836985,1.0726270416447286,1.0714066927657493,1.0724077636656564,203
2024-01-14 03:45:00+00:00,1.0724077636656564,1.0724640208845764,1.0719671741991146,1.072127399306143,1190
2024-01-14 03:50:00+00:00,1.072127399306143,1.0723792604964784,1.0715890634632663,1.0718556771814607,613
2024-01-14 03:55:00+00:00,1.0718556771814607,1.072914154665778,1.0718056821156718,1.0726696044874204,1139
2024-01-14 04:00:00+00:00,1.0726696044874204,1.07283257349765,1.0723669330483614,1.0724525019772466,392
2024-01-14 04:05:00+00:00,1.0724525019772466,1.0728800965525476,1.072335033558244,1.0728236787045735,114
2024-01-14 04:10:00+00:00,1.0728236787045735,1.0728504072795841,1.0719265992748241,1.0720152293744907,291
2024-01-14 04:15:00+00:00,1.0720152293744907,1.0722372380093492,1.0716544960865937,1.0719073670913328,758
2024-01-14 04:20:00+00:00,1.0719073670913328,1.072102131351364,1.070841642213674,1.0710018214421246,771
2024-01-14 04:25:00+00:00,1.0710018214421246,1.0711878616390391,1.0699902891798023,1.0704205706638956,712
2024-01-14 04:30:00+00:00,1.0704205706638956,1.0709270191472153,1.0699227211826166,1.0708536635520778,1443
2024-01-14 04:35:00+00:00,1.0708536635520778,1.0709097594126704,1.0705284907548192,1.0708108800616865,1013
2024-01-14 04:40:00+00:00,1.0708108800616865,1.0709340969041599,1.0702711205574515,1.0706239669490483,1124
2024-01-14 04:45:00+00:00,1.0706239669490483,1.0707550180523184,1.0702059064102978,1.070207092943205,274
2024-01-14 04:50:00+00:00,1.070207092943205,1.0702376961790259,1.0699920311657005,1.070072965989469,751
2024-01-14 04:55:00+00:00,1.070072965989469,1.0702744083633293,1.07006078561497,1.070218021424888,969
2024-01-14 05:00:00+00:00,1.070218021424888,1.0709099560000233,1.0701050737539541,1.0707279354734196,918
2024-01-14 05:05:00+00:00,1.0707279354734196,1.070995207814249,1.0692631198699232,1.0693064656096987,1425
2024-01-14 05:10:00+00:00,1.0693064656096987,1.0694266656727736,1.0687344632662379,1.0688457222119732,766
2024-01-14 05:15:00+00:00,1.0688457222119732,1.0689569432756465,1.0687586822259962,1.068914714195082,620
2024-01-14 05:20:00+00:00,1.068914714195082,1.0689709818244502,1.0688137499853405,1.0688458423546974,1422
2024-01-14 05:25:00+00:00,1.0688458423546974,1.069123412638727,1.0687106046554087,1.0690453831769267,572
2024-01-14 05:30:00+00:00,1.0690453831769267,1.0692561288005102,1.0689673309927403,1.069172353850028,898
2024-01-14 05:35:00+00:00,1.069172353850028,1.0694744250779085,1.0689470022766239,1.0689933381193752,139
2024-01-14 05:40:00+00:00,1.0689933381193752,1.0690610206734132,1.068604293697404,1.0686957019409649,331
2024-01-14 05:45:00+00:00,1.0686957019409649,1.0687808850156721,1.0685166247734739,1.0685484883119856,180
2024-01-14 05:50:00+00:00,1.0685484883119856,1.0694282791710736,1.0683694994063695,1.0691462035353425,684
2024-01-14 05:55:00+00:00,1.0691462035353425,1.0692182204151102,1.0685914477854632,1.0687388545910774,1404
2024-01-14 06:00:00+00:00,1.0687388545910774,1.0687530311784281,1.0685070985540253,1.0686892615155819,199
2024-01-14 06:05:00+00:00,1.0686892615155819,1.0689721263095366,1.0686404284489717,1.0687711991043003,1465
2024-01-14 06:10:00+00:00,1.0687711991043003,1.0696166482287888,1.0687063853246104,1.0695889966034864,1316
2024-01-14 06:15:00+00:00,1.0695889966034864,1.0698278776779377,1.0692735998095113,1.069412349564238,107
2024-01-14 06:20:00+00:00,1.069412349564238,1.0700290078302686,1.0691968209369884,1.0699089882183859,121
2024-01-14 06:25:00+00:00,1.0699089882183859,1.070619436755634,1.069600062139207,1.0705519925019893,1360
2024-01-14 06:30:00+00:00,1.0705519925019893,1.070596485066796,1.0704009902338836,1.0705018080943935,919
2024-01-14 06:35:00+00:00,1.0705018080943935,1.0705179336585127,1.0701341680790204,1.0703729630432215,343
2024-01-14 06:40:00+00:00,1.0703729630432215,1.0704952210026841,1.0697984055539222,1.0701808023718005,1435
2024-01-14 06:45:00+00:00,1.0701808023718005,1.0703631284469404,1.0698551406401624,1.0700278611562304,885
2024-01-14 06:50:00+00:00,1.0700278611562304,1.070501624264842,1.069890186646725,1.0704688409637768,989
2024-01-14 06:55:00+00:00,1.0704688409637768,1.070688760229001,1.0703121126548918,1.0705764284224644,1049
2024-01-14 07:00:00+00:00,1.0705764284224644,1.0709725560546117,1.0704220605106984,1.0706863175842818,382
2024-01-14 07:05:00+00:00,1.0706863175842818,1.0707963206469466,1.0700568836345117,1.0700678765811242,602
2024-01-14 07:10:00+00:00,1.0700678765811242,1.0703365806509233,1.0694042185879096,1.0695341855366203,280
2024-01-14 07:15:00+00:00,1.0695341855366203,1.0706832729847278,1.0694998726289346,1.0706643873508266,840
2024-01-14 07:20:00+00:00,1.0706643873508266,1.0708512275643838,1.0702592769144552,1.0705531315494055,1482
2024-01-14 07:25:00+00:00,1.0705531315494055,1.0707829653755272,1.0701050299620025,1.0701223559593807,978
2024-01-14 07:30:00+00:00,1.0701223559593807,1.0710578990151727,1.0697836138175436,1.0708720297293874,1068
2024-01-14 07:35:00+00:00,1.0708720297293874,1.0712719617986741,1.0708100563473286,1.0710068570952034,371
2024-01-14 07:40:00+00:00,1.0710068570952034,1.071321824962873,1.0707672035611608,1.0713003959325595,858
2024-01-14 07:45:00+00:00,1.0713003959325595,1.071366875957504,1.0709491626638377,1.0712103814834173,1491
2024-01-14 07:50:00+00:00,1.0712103814834173,1.0714521437945643,1.0709776016709387,1.0710236303662324,223
2024-01-14 07:55:00+00:00,1.0710236303662324,1.0711081044417574,1.0708306301311814,1.0709167495056107,385
2024-01-14 08:00:00+00:00,1.0709167495056107,1.0712366589610012,1.0699134483009258,1.0701602870209912,1107
2024-01-14 08:05:00+00:00,1.0701602870209912,1.0703266286114876,1.0700674512751267,1.070097186405835,114
2024-01-14 08:10:00+00:00,1.070097186405835,1.0703318702289037,1.069762018617112,1.0702395270294525,389
2024-01-14 08:15:00+00:00,1.0702395270294525,1.0713425956263165,1.0700292041481496,1.071213692884634,1421
2024-01-14 08:20:00+00:00,1.071213692884634,1.071451850713603,1.0710509762344638,1.0712436863672452,126
2024-01-14 08:25:00+00:00,1.0712436863672452,1.0714208886452283,1.0698274695991012,1.0699773815022842,700
2024-01-14 08:30:00+00:00,1.0699773815022842,1.07000198142563,1.0697818577375278,1.0699110506979264,561
2024-01-14 08:35:00+00:00,1.0699110506979264,1.0717505932365352,1.069862840596984,1.0713605149048886,658
2024-01-14 08:40:00+00:00,1.0713605149048886,1.0718713777258615,1.0712723671446505,1.0718085397849701,461
2024-01-14 08:45:00+00:00,1.0718085397849701,1.072044965808783,1.071242777578873,1.0713579038094776,485
2024-01-14 08:50:00+00:00,1.0713579038094776,1.0718568070513963,1.0711763852855858,1.0716584767590347,1165
2024-01-14 08:55:00+00:00,1.0716584767590347,1.0717328952436245,1.0711712680659997,1.0712448093935572,136
2024-01-14 09:00:00+00:00,1.0712448093935572,1.0714359466928658,1.0704437938031737,1.0705036110823,281
2024-01-14 09:05:00+00:00,1.0705036110823,1.0705879625389467,1.0702570041664277,1.0703010881974677,470
2024-01-14 09:10:00+00:00,1.0703010881974677,1.0706444882040942,1.0702372429236566,1.0703340141049027,1257
2024-01-14 09:15:00+00:00,1.0703340141049027,1.0705614701763635,1.069299667568267,1.0693160432377171,650
2024-01-14 09:20:00+00:00,1.0693160432377171,1.0695001539937699,1.068605858506862,1.0686855962642643,148
2024-01-14 09:25:00+00:00,1.0686855962642643,1.0688366899542343,1.0684612304286412,1.0686750887140715,828
2024-01-14 09:30:00+00:00,1.0686750887140715,1.0687442040857005,1.0683424724726485,1.0684409563352104,978
2024-01-14 09:35:00+00:00,1.0684409563352104,1.068825275869638,1.0682764268992702,1.068635845986923,740
2024-01-14 09:40:00+00:00,1.068635845986923,1.0688807727029055,1.0679193823797781,1.0679707973914596,224
2024-01-14 09:45:00+00:00,1.0679707973914596,1.068409988556357,1.0678744852456914,1.0683361041442343,1330
2024-01-14 09:50:00+00:00,1.0683361041442343,1.0683972879395107,1.0676701488853235,1.0676877528116728,1301
2024-01-14 09:55:00+00:00,1.0676877528116728,1.0687323485749374,1.0675450030819706,1.068548701143032,1375
2024-01-14 10:00:00+00:00,1.068548701143032,1.0688768641867106,1.0676055384378476,1.0676159872693907,1449
2024-01-14 10:05:00+00:00,1.0676159872693907,1.0676199030422824,1.066833027938592,1.0670167588265713,544
2024-01-14 10:10:00+00:00,1.0670167588265713,1.0674471135819037,1.066885481169103,1.0672234243959287,690
2024-01-14 10:15:00+00:00,1.0672234243959287,1.0682386432905704,1.0669618245227943,1.0680954703993912,1443
2024-01-14 10:20:00+00:00,1.0680954703993912,1.068331164771304,1.068050165034792,1.0682476969872636,729
2024-01-14 10:25:00+00:00,1.0682476969872636,1.0686145232333975,1.0681861302110598,1.0685323091102916,1310
2024-01-14 10:30:00+00:00,1.0685323091102916,1.06876412423993,1.0684538254199434,1.0685256504986747,1006
2024-01-14 10:35:00+00:00,1.0685256504986747,1.0687600610913053,1.0679337044777797,1.0679612560759901,1398
2024-01-14 10:40:00+00:00,1.0679612560759901,1.0682619271075011,1.0675699179781126,1.0676835122741306,114
2024-01-14 10:45:00+00:00,1.0676835122741306,1.0677715609721343,1.0669385488584289,1.0670205290082522,1088
2024-01-14 10:50:00+00:00,1.0670205290082522,1.0670399298110111,1.0663132342796344,1.0663223188071842,1221
2024-01-14 10:55:00+00:00,1.0663223188071842,1.0666858299457138,1.066223583659536,1.0665205208920159,377
2024-01-14 11:00:00+00:00,1.0665205208920159,1.0665623945292078,1.0656916209409557,1.065905576900947,1129
2024-01-14 11:05:00+00:00,1.065905576900947,1.0662757081683352,1.0658728350619913,1.066059895516237,373
2024-01-14 11:10:00+00:00,1.066059895516237,1.0661344859182325,1.065249190538592,1.0653499941041977,1366
2024-01-14 11:15:00+00:00,1.0653499941041977,1.0656195047716113,1.0651236196850056,1.0654918896786532,1372
2024-01-14 11:20:00+00:00,1.0654918896786532,1.0655717682094266,1.064991839848148,1.065215563643379,105
2024-01-14 11:25:00+00:00,1.065215563643379,1.0659601886509287,1.065122924170026,1.0659487597891781,809
2024-01-14 11:30:00+00:00,1.0659487597891781,1.0662677095862028,1.0659003670690772,1.066105304435413,635
2024-01-14 11:35:00+00:00,1.066105304435413,1.066999778053773,1.0658766722166633,1.0667480502045221,1346
2024-01-14 11:40:00+00:00,1.0667480502045221,1.0668269815436353,1.066295946609675,1.0663290066530742,548
2024-01-14 11:45:00+00:00,1.0663290066530742,1.066629988297887,1.0661539286021466,1.0663429453540907,1108
2024-01-14 11:50:00+00:00,1.0663429453540907,1.0663685503759484,1.0657472180095342,1.065803862524993,263
2024-01-14 11:55:00+00:00,1.065803862524993,1.0658915978942227,1.065016898930625,1.0655674644344164,397
2024-01-14 12:00:00+00:00,1.0655674644344164,1.06584852100458,1.0652727898787477,1.0654118360564262,1479
2024-01-14 12:05:00+00:00,1.0654118360564262,1.0655042168097475,1.0648603776356005,1.0650091859090758,638
2024-01-14 12:10:00+00:00,1.0650091859090758,1.0650376683052547,1.0642978592229149,1.0643459499162025,1172
2024-01-14 12:15:00+00:00,1.0643459499162025,1.0644609068479691,1.063420069084805,1.0635777490076708,1454
2024-01-14 12:20:00+00:00,1.0635777490076708,1.0637752116520323,1.0622174785229144,1.062317543324361,1451
2024-01-14 12:25:00+00:00,1.062317543324361,1.0624308864476804,1.0616313463204023,1.061740520871207,127
2024-01-14 12:30:00+00:00,1.061740520871207,1.0621506448493545,1.0615380520848094,1.062057712611742,425
2024-01-14 12:35:00+00:00,1.062057712611742,1.0622599271233173,1.0609911772657794,1.0611929328987912,1100
2024-01-14 12:40:00+00:00,1.0611929328987912,1.0613346092392753,1.060441988080804,1.0604510938569072,1397
2024-01-14 12:45:00+00:00,1.0604510938569072,1.0615917338481522,1.0604261198657596,1.0613847672649246,1470
2024-01-14 12:50:00+00:00,1.0613847672649246,1.0614023472834002,1.0608996905595542,1.061031062887549,1108
2024-01-14 12:55:00+00:00,1.061031062887549,1.0613227852965699,1.0609827126780056,1.0611854673157755,245
2024-01-14 13:00:00+00:00,1.0611854673157755,1.0618463240503535,1.060976885650818,1.0615103583444028,1139
2024-01-14 13:05:00+00:00,1.0615103583444028,1.0620892422257742,1.0613116847061745,1.0618460748637462,480
2024-01-14 13:10:00+00:00,1.0618460748637462,1.0620732854607777,1.0609067419386897,1.061021915477383,1232
2024-01-14 13:15:00+00:00,1.061021915477383,1.0611118574627876,1.060613544046083,1.0608834204565725,865
2024-01-14 13:20:00+00:00,1.0608834204565725,1.0611420085701202,1.0597967137190645,1.0600091319648843,357
2024-01-14 13:25:00+00:00,1.0600091319648843,1.0613199667196316,1.059982710847225,1.0612897914629718,1281
2024-01-14 13:30:00+00:00,1.0612897914629718,1.0614488740852315,1.0604221141307608,1.0604275596979216,1484
2024-01-14 13:35:00+00:00,1.0604275596979216,1.0607450203303113,1.0597768900218276,1.0598560739614014,809
2024-01-14 13:40:00+00:00,1.0598560739614014,1.059935490825759,1.0589859894427653,1.0592887325520053,1237
2024-01-14 13:45:00+00:00,1.0592887325520053,1.0595864903216299,1.0584633378007444,1.0584801454312929,183
2024-01-14 13:50:00+00:00,1.0584801454312929,1.0593041044935532,1.058394025463716,1.0591801151282656,479
2024-01-14 13:55:00+00:00,1.0591801151282656,1.0606932453032847,1.059023161495082,1.0604471317499196,278
2024-01-14 14:00:00+00:00,1.0604471317499196,1.0606503906494453,1.060170231779541,1.0601789716484395,497
2024-01-14 14:05:00+00:00,1.0601789716484395,1.0602607154554191,1.0590513563130635,1.0594631265368837,626
2024-01-14 14:10:00+00:00,1.0594631265368837,1.0596318710990569,1.0581129904702862,1.0582622645486304,703
2024-01-14 14:15:00+00:00,1.0582622645486304,1.0582874990411613,1.0580210308736966,1.0581172250920325,551
2024-01-14 14:20:00+00:00,1.0581172250920325,1.0582077214942132,1.0577843603774886,1.0579339774818208,862
2024-01-14 14:25:00+00:00,1.0579339774818208,1.0580193191379843,1.0573257004003185,1.0575735943214193,407
2024-01-14 14:30:00+00:00,1.0575735943214193,1.057708968762807,1.0574463545952766,1.0576747910290254,586
2024-01-14 14:35:00+00:00,1.0576747910290254,1.0580416163126822,1.0575884606649395,1.0578679082427838,1276
2024-01-14 14:40:00+00:00,1.0578679082427838,1.0581125801385025,1.0577308281787208,1.0580229299292918,887
2024-01-14 14:45:00+00:00,1.0580229299292918,1.0581202303241541,1.057620077054803,1.057839825903711,137
2024-01-14 14:50:00+00:00,1.057839825903711,1.0579816860965487,1.0571839299061836,1.057241288584118,559
2024-01-14 14:55:00+00:00,1.057241288584118,1.057626908245698,1.0570176157675308,1.0575774030859428,1261
2024-01-14 15:00:00+00:00,1.0575774030859428,1.0577627699515433,1.057558614753789,1.0575681565594925,352
2024-01-14 15:05:00+00:00,1.0575681565594925,1.058131601618214,1.0574870090392983,1.0580220423520967,1390
2024-01-14 15:10:00+00:00,1.0580220423520967,1.0584243499599897,1.057974395230551,1.0584241306946938,514
2024-01-14 15:15:00+00:00,1.0584241306946938,1.058500771838673,1.057556826442034,1.0576558406917405,982
2024-01-14 15:20:00+00:00,1.0576558406917405,1.0577025841888532,1.0568586676122165,1.0568815191068464,765
2024-01-14 15:25:00+00:00,1.0568815191068464,1.056990947115137,1.0562787308678663,1.056466407372775,975
2024-01-14 15:30:00+00:00,1.056466407372775,1.0566072624118392,1.0558143473548438,1.0558926059160998,1216
2024-01-14 15:35:00+00:00,1.0558926059160998,1.0565001878873115,1.0557720363777203,1.0562754999099402,308
2024-01-14 15:40:00+00:00,1.0562754999099402,1.0566026301956755,1.0561186174574453,1.0564451956792553,593
2024-01-14 15:45:00+00:00,1.0564451956792553,1.057062090258212,1.056339570456741,1.057009962826021,895
2024-01-14 15:50:00+00:00,1.057009962826021,1.0574595624283978,1.0569896349172783,1.057203652934645,464
2024-01-14 15:55:00+00:00,1.057203652934645,1.0574652907511464,1.0569575405793614,1.0572980874299207,625
2024-01-14 16:00:00+00:00,1.0572980874299207,1.0581768448347784,1.0571565720212996,1.0579164639597045,1340
2024-01-14 16:05:00+00:00,1.0579164639597045,1.0583635503539133,1.0576961190606804,1.058149061355884,420
2024-01-14 16:10:00+00:00,1.058149061355884,1.0583834068459217,1.0579187097062699,1.058169219605233,365
2024-01-14 16:15:00+00:00,1.058169219605233,1.0591231120461289,1.0581492837518474,1.0589366319827271,916
2024-01-14 16:20:00+00:00,1.0589366319827271,1.0593822592986815,1.0588750210178723,1.0589817325614848,239
2024-01-14 16:25:00+00:00,1.0589817325614848,1.058993204768299,1.0586816852761793,1.058804702264954,101
2024-01-14 16:30:00+00:00,1.058804702264954,1.0589829665013295,1.058162846274289,1.0583452745913897,1317
2024-01-14 16:35:00+00:00,1.0583452745913897,1.0589541219448708,1.058166365581653,1.05870142124852,486
2024-01-14 16:40:00+00:00,1.05870142124852,1.059478749682632,1.058495083785581,1.0593403743106038,268
2024-01-14 16:45:00+00:00,1.0593403743106038,1.0596187656406815,1.0592805130405025,1.0592976895666042,1018
2024-01-14 16:50:00+00:00,1.0592976895666042,1.0603287688416276,1.0592447272679968,1.0599745361004698,773
2024-01-14 16:55:00+00:00,1.0599745361004698,1.060033054742268,1.0586865157192444,1.0589145535976157,737
2024-01-14 17:00:00+00:00,1.0589145535976157,1.0589808221650479,1.0588455870599778,1.0588693096864967,713
2024-01-14 17:05:00+00:00,1.0588693096864967,1.0590523358330128,1.0588170123527223,1.0588321990109004,303
2024-01-14 17:10:00+00:00,1.0588321990109004,1.0590384016791492,1.0582437359791306,1.058431434002913,1301
2024-01-14 17:15:00+00:00,1.058431434002913,1.0598288096081452,1.0581118439529114,1.0596771342598503,101
2024-01-14 17:20:00+00:00,1.0596771342598503,1.05989180631065,1.059553617684435,1.0596261676931782,776
2024-01-14 17:25:00+00:00,1.0596261676931782,1.0597632757480049,1.059283551247643,1.0593942522031798,478
2024-01-14 17:30:00+00:00,1.0593942522031798,1.0594751436235286,1.0592893431405397,1.0593921133462703,998
2024-01-14 17:35:00+00:00,1.0593921133462703,1.059657687225368,1.0583138631110536,1.058315339925022,868
2024-01-14 17:40:00+00:00,1.058315339925022,1.0586434727914507,1.0578592710727122,1.0578973752540684,638
2024-01-14 17:45:00+00:00,1.0578973752540684,1.0585663817121886,1.0577606524193766,1.0584015902849,848
2024-01-14 17:50:00+00:00,1.0584015902849,1.0584301828928848,1.0579792004769832,1.0580528758791141,417
2024-01-14 17:55:00+00:00,1.0580528758791141,1.0582568444704565,1.0575703034848587,1.0575985082111032,283
2024-01-14 18:00:00+00:00,1.0575985082111032,1.058308165889239,1.0574709465393815,1.058275120413301,1367
2024-01-14 18:05:00+00:00,1.058275120413301,1.0590262514318287,1.058193999564655,1.058968425230271,959
2024-01-14 18:10:00+00:00,1.058968425230271,1.0592394427105658,1.0586784411062886,1.0592262789969742,1015
2024-01-14 18:15:00+00:00,1.0592262789969742,1.0594728646746787,1.058862238979454,1.0589693544826686,1498
2024-01-14 18:20:00+00:00,1.0589693544826686,1.0592688665292198,1.0587592854651844,1.0588266736827296,1365
2024-01-14 18:25:00+00:00,1.0588266736827296,1.058986167598493,1.058336447121422,1.0583850635681462,918
2024-01-14 18:30:00+00:00,1.0583850635681462,1.0584383073409727,1.0576781403809656,1.0578427612867831,1209
2024-01-14 18:35:00+00:00,1.0578427612867831,1.0578895858486292,1.0571840993655908,1.057274479434401,838
2024-01-14 18:40:00+00:00,1.057274479434401,1.0573314909616172,1.0568209414711396,1.0569318937416115,433
2024-01-14 18:45:00+00:00,1.0569318937416115,1.057110983673763,1.05596343548255,1.056369224955116,971
2024-01-14 18:50:00+00:00,1.056369224955116,1.0564203547736923,1.0553677586539865,1.0555274544346749,1378
2024-01-14 18:55:00+00:00,1.0555274544346749,1.055838127939825,1.0552737779760422,1.055627414293609,1331
2024-01-14 19:00:00+00:00,1.055627414293609,1.0557465724660995,1.055569048620152,1.0557354026456263,807
2024-01-14 19:05:00+00:00,1.0557354026456263,1.0568025701184087,1.055675776211022,1.0566173601784048,1424
2024-01-14 19:10:00+00:00,1.0566173601784048,1.0567945682202844,1.0561852879042661,1.0562484219567636,376
2024-01-14 19:15:00+00:00,1.0562484219567636,1.0566497345997787,1.0559389298896018,1.0563889561206992,157
2024-01-14 19:20:00+00:00,1.0563889561206992,1.0565476695076519,1.0563442553838664,1.0565382833439503,664
2024-01-14 19:25:00+00:00,1.0565382833439503,1.0565711532777562,1.056185911529338,1.05638834071916,386
2024-01-14 19:30:00+00:00,1.05638834071916,1.0570844811276363,1.0563691488980032,1.0567656475564298,1440
2024-01-14 19:35:00+00:00,1.0567656475564298,1.0572540827629064,1.0564847609075545,1.0571594138585398,262
2024-01-14 19:40:00+00:00,1.0571594138585398,1.0573897664137981,1.0570937736885724,1.057316619328077,848
2024-01-14 19:45:00+00:00,1.057316619328077,1.057347408853137,1.056962754755666,1.0571656135244336,1181
2024-01-14 19:50:00+00:00,1.0571656135244336,1.0575071884630798,1.0569197675616853,1.056960771771949,255
2024-01-14 19:55:00+00:00,1.056960771771949,1.056993612269787,1.0559973786850478,1.056222086252139,163
2024-01-14 20:00:00+00:00,1.056222086252139,1.0562801613777717,1.055405674288556,1.0557806288421057,875
2024-01-14 20:05:00+00:00,1.0557806288421057,1.055983934499567,1.0552379431057117,1.0554364403853083,1363
2024-01-14 20:10:00+00:00,1.0554364403853083,1.0555401736052785,1.054789031932469,1.0548274684606866,122
2024-01-14 20:15:00+00:00,1.0548274684606866,1.0553984900516646,1.054663328973354,1.0550436679907078,128
2024-01-14 20:20:00+00:00,1.0550436679907078,1.055816927179414,1.0548797138858288,1.0556590896637459,1395
2024-01-14 20:25:00+00:00,1.0556590896637459,1.0558328086657809,1.0550923885632981,1.0551639525970657,943
2024-01-14 20:30:00+00:00,1.0551639525970657,1.0554142808042475,1.0550632661894994,1.0552976637306117,1081
2024-01-14 20:35:00+00:00,1.0552976637306117,1.0557277085968175,1.0545320111985559,1.054736186730864,485
2024-01-14 20:40:00+00:00,1.054736186730864,1.054807121398313,1.0544984738635432,1.05455955946415,537
2024-01-14 20:45:00+00:00,1.05455955946415,1.054785097401125,1.054020013311267,1.0541797442423066,758
2024-01-14 20:50:00+00:00,1.0541797442423066,1.05448232545755,1.0541040584614436,1.0544811846465971,399
2024-01-14 20:55:00+00:00,1.0544811846465971,1.0546229570293182,1.0540271655185618,1.0541074827499888,718
2024-01-14 21:00:00+00:00,1.0541074827499888,1.05488459274704,1.0540694753758915,1.0546248705437928,1435
2024-01-14 21:05:00+00:00,1.0546248705437928,1.0548782952412394,1.0544358652550172,1.054479479551178,1148
2024-01-14 21:10:00+00:00,1.054479479551178,1.0547068109530187,1.0541033666671389,1.0541211654681808,1316
2024-01-14 21:15:00+00:00,1.0541211654681808,1.054137169457078,1.0534292763728896,1.0534447858487834,795
2024-01-14 21:20:00+00:00,1.0534447858487834,1.0536155446982327,1.0534160819336396,1.0535992232300624,1202
2024-01-14 21:25:00+00:00,1.0535992232300624,1.0542686912963066,1.0534300820361415,1.0540918959211303,689
2024-01-14 21:30:00+00:00,1.0540918959211303,1.0542729680967433,1.0537395457561178,1.0542570306197978,964
2024-01-14 21:35:00+00:00,1.0542570306197978,1.0556396911648847,1.0542286205300588,1.0554582677727562,1122
2024-01-14 21:40:00+00:00,1.0554582677727562,1.0564219593556052,1.0554572272627374,1.0562339174320454,1254
2024-01-14 21:45:00+00:00,1.0562339174320454,1.0566661015295618,1.056052099487123,1.056092631482571,1396
2024-01-14 21:50:00+00:00,1.056092631482571,1.056169294469698,1.0558416106541169,1.055945820120474,247
2024-01-14 21:55:00+00:00,1.055945820120474,1.0563155221581564,1.0558246537634566,1.056214926180709,1211
2024-01-14 22:00:00+00:00,1.056214926180709,1.0566163393426855,1.0557236176189846,1.055793486295837,1093
2024-01-14 22:05:00+00:00,1.055793486295837,1.0566972097990757,1.0557268968398121,1.056430281964153,1131
2024-01-14 22:10:00+00:00,1.056430281964153,1.0568888533840726,1.056287336358554,1.056642413440417,120
2024-01-14 22:15:00+00:00,1.056642413440417,1.0569621863125775,1.0566394036312188,1.0567990389699449,782
2024-01-14 22:20:00+00:00,1.0567990389699449,1.0572419669975437,1.056645265731452,1.0571831609386826,1445
2024-01-14 22:25:00+00:00,1.0571831609386826,1.0582189895072047,1.0571274043938308,1.0581149779728312,1360
2024-01-14 22:30:00+00:00,1.0581149779728312,1.0584618752527089,1.058077363175204,1.0582265854817479,423
2024-01-14 22:35:00+00:00,1.0582265854817479,1.0582582667096614,1.0580354934158431,1.0581879388506132,780
2024-01-14 22:40:00+00:00,1.0581879388506132,1.0590716388424644,1.0580559489076398,1.0590073570636438,1309
2024-01-14 22:45:00+00:00,1.0590073570636438,1.059552241526125,1.0589900063404856,1.0595408587152173,1402
2024-01-14 22:50:00+00:00,1.0595408587152173,1.059640609901898,1.0593169851356987,1.0593920039045364,563
2024-01-14 22:55:00+00:00,1.0593920039045364,1.0595071259672428,1.059391726807306,1.0594159389857332,1224
2024-01-14 23:00:00+00:00,1.0594159389857332,1.059606082690169,1.0593582047030488,1.0595406221327726,1268
2024-01-14 23:05:00+00:00,1.0595406221327726,1.0597829452013496,1.059463738520616,1.0597534907014263,310
2024-01-14 23:10:00+00:00,1.0597534907014263,1.06009233712609,1.0590079732029096,1.0590558550574816,144
2024-01-14 23:15:00+00:00,1.0590558550574816,1.0591255698687931,1.0582458400334545,1.0582602474969687,165
2024-01-14 23:20:00+00:00,1.0582602474969687,1.0584429792328633,1.057653701178676,1.0578118679097632,303
2024-01-14 23:25:00+00:00,1.0578118679097632,1.0579818506358414,1.0572158250481025,1.0573227682598982,1137
2024-01-14 23:30:00+00:00,1.0573227682598982,1.0574060573738484,1.0566104390833457,1.0570035498209007,645
2024-01-14 23:35:00+00:00,1.0570035498209007,1.057474803340997,1.0568825646058129,1.0573601355927962,1060
2024-01-14 23:40:00+00:00,1.0573601355927962,1.0574228560702112,1.0571131611276687,1.0572919733176895,225
2024-01-14 23:45:00+00:00,1.0572919733176895,1.057526149427064,1.0572625970949663,1.057416942376896,942
2024-01-14 23:50:00+00:00,1.057416942376896,1.0574248522009775,1.056668306407602,1.0567907911315493,1143
2024-01-14 23:55:00+00:00,1.0567907911315493,1.0571723970796056,1.0565126275005274,1.0565679973329498,1466
2024-01-15 00:00:00+00:00,1.0565679973329498,1.0571257521559105,1.0563310391301388,1.0568993675186906,547
2024-01-15 00:05:00+00:00,1.0568993675186906,1.0574216016735787,1.0567346396152875,1.0572349079444163,863
2024-01-15 00:10:00+00:00,1.0572349079444163,1.0573561124507513,1.0567870917583868,1.0568730302703035,776
2024-01-15 00:15:00+00:00,1.0568730302703035,1.057259171499715,1.0565948692460547,1.0569795960389958,587
2024-01-15 00:20:00+00:00,1.0569795960389958,1.0583908864081022,1.0567498068929853,1.058162804288879,995
2024-01-15 00:25:00+00:00,1.058162804288879,1.0583921566380958,1.0580775955046908,1.0581746568078794,890
2024-01-15 00:30:00+00:00,1.0581746568078794,1.0583319932493287,1.0577937510171382,1.0578290638715966,1266
2024-01-15 00:35:00+00:00,1.0578290638715966,1.057918610019901,1.0576479198761586,1.0577583150000365,139
2024-01-15 00:40:00+00:00,1.0577583150000365,1.0579172992328398,1.0576798189436571,1.057828220717306,410
2024-01-15 00:45:00+00:00,1.057828220717306,1.0580239009813213,1.0575360549105886,1.0577694221921332,910
2024-01-15 00:50:00+00:00,1.0577694221921332,1.0579570280630266,1.0576925561883515,1.057773994558768,903
2024-01-15 00:55:00+00:00,1.057773994558768,1.0578553180551657,1.0569038484771274,1.0570317297964948,1363
2024-01-15 01:00:00+00:00,1.0570317297964948,1.0570471939707908,1.0564591980811227,1.0565441049529734,1044
2024-01-15 01:05:00+00:00,1.0565441049529734,1.056573640538517,1.056431390138597,1.0564863462028775,106
2024-01-15 01:10:00+00:00,1.0564863462028775,1.0566216871846645,1.0563795082770466,1.056420174252905,784
2024-01-15 01:15:00+00:00,1.056420174252905,1.0569646417405247,1.056030603651904,1.056142235770186,1283
2024-01-15 01:20:00+00:00,1.056142235770186,1.056208665116777,1.055754734952,1.0560698828526212,1322
2024-01-15 01:25:00+00:00,1.0560698828526212,1.0562396909305691,1.0560116787471208,1.056123222225883,1222
2024-01-15 01:30:00+00:00,1.056123222225883,1.0568194961230204,1.0561107082797603,1.0566140097931254,768
2024-01-15 01:35:00+00:00,1.0566140097931254,1.0566655599694006,1.0565007284209265,1.0565827278186333,248
2024-01-15 01:40:00+00:00,1.0565827278186333,1.0569637527353588,1.0564183131221296,1.0568147022498573,398
2024-01-15 01:45:00+00:00,1.0568147022498573,1.0568888192739865,1.0565476303343941,1.056549652963253,1285
2024-01-15 01:50:00+00:00,1.056549652963253,1.0569446671452922,1.0564735066224766,1.0568730077254271,576
2024-01-15 01:55:00+00:00,1.0568730077254271,1.0571661365492666,1.0568575099169866,1.0570926947904473,1168
2024-01-15 02:00:00+00:00,1.0570926947904473,1.057886345824996,1.0568329567261523,1.0575714610588864,150
2024-01-15 02:05:00+00:00,1.0575714610588864,1.0580865923667797,1.0574596586488207,1.0579698801999453,787
2024-01-15 02:10:00+00:00,1.0579698801999453,1.0583214310049098,1.0579528548583157,1.0583024718757537,1430
2024-01-15 02:15:00+00:00,1.0583024718757537,1.05840393599014,1.0581543653200969,1.058271560231762,443
2024-01-15 02:20:00+00:00,1.058271560231762,1.0585639573950596,1.0582638355459704,1.0584223317719499,142
2024-01-15 02:25:00+00:00,1.0584223317719499,1.059209265260326,1.0584151568188567,1.0590063210185412,503
2024-01-15 02:30:00+00:00,1.0590063210185412,1.0590743880905096,1.0584763600030564,1.0586822255995751,188
2024-01-15 02:35:00+00:00,1.0586822255995751,1.0588491129891222,1.058228185441749,1.0583707571712198,957
2024-01-15 02:40:00+00:00,1.0583707571712198,1.058593536775752,1.0583670566337406,1.0584879354293748,368
2024-01-15 02:45:00+00:00,1.0584879354293748,1.0588746894432177,1.058299041376705,1.0587288894590707,444
2024-01-15 02:50:00+00:00,1.0587288894590707,1.0588725688923315,1.0582647600111847,1.058313811357479,922
2024-01-15 02:55:00+00:00,1.058313811357479,1.0585539776869155,1.0582368314445603,1.0582954165069898,555
2024-01-15 03:00:00+00:00,1.0582954165069898,1.0585602712314863,1.057996007333029,1.0582668431793583,1010
2024-01-15 03:05:00+00:00,1.0582668431793583,1.0584108494511482,1.0567558268151238,1.057115829768873,1403
2024-01-15 03:10:00+00:00,1.057115829768873,1.0572463530712004,1.0566917189066916,1.0570209039443845,1403
2024-01-15 03:15:00+00:00,1.0570209039443845,1.057441286096266,1.0569099875962262,1.0569589002435213,1121
2024-01-15 03:20:00+00:00,1.0569589002435213,1.0570369047891754,1.0568027322694675,1.0568953278952449,1456
2024-01-15 03:25:00+00:00,1.0568953278952449,1.0578328400523065,1.0568399269922315,1.0576647023925532,1130
2024-01-15 03:30:00+00:00,1.0576647023925532,1.0577561441557533,1.0568926423805947,1.0570429022138204,195
2024-01-15 03:35:00+00:00,1.0570429022138204,1.0571111116067535,1.0565757188618663,1.056628212353916,1438
2024-01-15 03:40:00+00:00,1.056628212353916,1.0567984569276714,1.0551203432054492,1.0552692850298147,893
2024-01-15 03:45:00+00:00,1.0552692850298147,1.055351840928237,1.0548129838097202,1.055036642122279,108
2024-01-15 03:50:00+00:00,1.055036642122279,1.0551145937950277,1.0545159674313211,1.0548490336317102,968
2024-01-15 03:55:00+00:00,1.0548490336317102,1.0549570778004842,1.054348422446622,1.0546011561465676,442
2024-01-15 04:00:00+00:00,1.0546011561465676,1.0553230874731998,1.0544395984580766,1.055206327071119,848
2024-01-15 04:05:00+00:00,1.055206327071119,1.0557244099355385,1.0550501224576878,1.0556814957250396,1021
2024-01-15 04:10:00+00:00,1.0556814957250396,1.0557885381463972,1.0555967943693436,1.0557437053065175,138
2024-01-15 04:15:00+00:00,1.0557437053065175,1.0560404957499465,1.0554177128557354,1.055569183981434,713
2024-01-15 04:20:00+00:00,1.055569183981434,1.056194349186169,1.0555665588307164,1.0561319024604006,177
2024-01-15 04:25:00+00:00,1.0561319024604006,1.0561971124005876,1.0560846035067064,1.056142591645401,257
2024-01-15 04:30:00+00:00,1.056142591645401,1.0562339822460947,1.0557105441021495,1.0557316095774494,395
2024-01-15 04:35:00+00:00,1.0557316095774494,1.0558249778120639,1.054780854622765,1.054846775220283,1193
2024-01-15 04:40:00+00:00,1.054846775220283,1.0551164526851091,1.0544446598233985,1.0546351125704156,678
2024-01-15 04:45:00+00:00,1.0546351125704156,1.0553028235710171,1.0543382537933754,1.0550541421007404,165
2024-01-15 04:50:00+00:00,1.0550541421007404,1.0564674175002384,1.0548246976042055,1.05627617897061,1145
2024-01-15 04:55:00+00:00,1.05627617897061,1.0563589499320192,1.055935282221744,1.0563298432647186,861
2024-01-15 05:00:00+00:00,1.0563298432647186,1.0565003624170104,1.05587751437899,1.0559467359259196,298
2024-01-15 05:05:00+00:00,1.0559467359259196,1.056229729312225,1.0553415663914854,1.0553422247887014,887
2024-01-15 05:10:00+00:00,1.0553422247887014,1.055741527603528,1.0552689220959777,1.0556545822873222,448
2024-01-15 05:15:00+00:00,1.0556545822873222,1.055871026953444,1.0544710015981258,1.0547442828681293,990
2024-01-15 05:20:00+00:00,1.0547442828681293,1.055097438483232,1.0544684497831378,1.0550556144284424,1426
2024-01-15 05:25:00+00:00,1.0550556144284424,1.055678403660426,1.0548488040491095,1.0555080811513167,541
2024-01-15 05:30:00+00:00,1.0555080811513167,1.055830209604284,1.0554195579074486,1.0557594395572036,1143
2024-01-15 05:35:00+00:00,1.0557594395572036,1.0557669645309946,1.0554290694716113,1.0556645998041658,133
2024-01-15 05:40:00+00:00,1.0556645998041658,1.0562144116857761,1.055489838624424,1.0559839070206316,669
2024-01-15 05:45:00+00:00,1.0559839070206316,1.05616781883504,1.055922056779716,1.0560952807832737,1344
2024-01-15 05:50:00+00:00,1.0560952807832737,1.0562156901965574,1.0555752610107683,1.0557055162302624,204
2024-01-15 05:55:00+00:00,1.0557055162302624,1.0567285645364493,1.055667253401765,1.056703375588603,1400
2024-01-15 06:00:00+00:00,1.056703375588603,1.056834546663675,1.0563835897621199,1.0565386992623351,231
2024-01-15 06:05:00+00:00,1.0565386992623351,1.0570363017075581,1.0562622770222592,1.0569696361995538,774
2024-01-15 06:10:00+00:00,1.0569696361995538,1.0570513410338291,1.0554870142556219,1.0557125746630338,353
2024-01-15 06:15:00+00:00,1.0557125746630338,1.0566241237561222,1.0556495185485661,1.0564074820955984,128
2024-01-15 06:20:00+00:00,1.0564074820955984,1.05723219206053,1.0563545955595532,1.0572044167498824,589
2024-01-15 06:25:00+00:00,1.0572044167498824,1.0572599765401434,1.0571217388626495,1.0572413310439766,913
2024-01-15 06:30:00+00:00,1.0572413310439766,1.057644257965729,1.0570090180615692,1.057557853786855,1111
2024-01-15 06:35:00+00:00,1.057557853786855,1.0580062551087528,1.0574640172000451,1.057874336002315,542
2024-01-15 06:40:00+00:00,1.057874336002315,1.0579500982547558,1.0573735786034746,1.0575555013680717,789
2024-01-15 06:45:00+00:00,1.0575555013680717,1.0579140692692295,1.0574629082577436,1.0578659585801182,355
2024-01-15 06:50:00+00:00,1.0578659585801182,1.0580140592886973,1.057451367904304,1.0574594045757155,1121
2024-01-15 06:55:00+00:00,1.0574594045757155,1.0575978888422546,1.0570949076851768,1.0571586858968023,336
2024-01-15 07:00:00+00:00,1.0571586858968023,1.0579850303100413,1.057071459346289,1.0577755079366997,1305
2024-01-15 07:05:00+00:00,1.0577755079366997,1.0588193895709554,1.057760350207931,1.058312147963781,350
2024-01-15 07:10:00+00:00,1.058312147963781,1.0583232826169748,1.0578669159010352,1.0579595313192836,1029
2024-01-15 07:15:00+00:00,1.0579595313192836,1.0580899057521962,1.0575293371568932,1.0575926434676313,563
2024-01-15 07:20:00+00:00,1.0575926434676313,1.0576557427988018,1.057062845173722,1.0572724062117973,1495
2024-01-15 07:25:00+00:00,1.0572724062117973,1.0579935908788656,1.0571816969940178,1.057680851458583,492
2024-01-15 07:30:00+00:00,1.057680851458583,1.057783527712697,1.0571239010492126,1.0571731726984055,1428
2024-01-15 07:35:00+00:00,1.0571731726984055,1.0574574579794231,1.0571409328500876,1.0573828696780352,1270
2024-01-15 07:40:00+00:00,1.0573828696780352,1.0579622727739537,1.0573115729186193,1.0577988688473479,755
2024-01-15 07:45:00+00:00,1.0577988688473479,1.0578638055462106,1.0577154482113418,1.0577733518559744,793
2024-01-15 07:50:00+00:00,1.0577733518559744,1.0584171435053413,1.0576670248899092,1.0583287165541218,595
2024-01-15 07:55:00+00:00,1.0583287165541218,1.058333924850579,1.0581025482894828,1.0581888530328978,698
2024-01-15 08:00:00+00:00,1.0581888530328978,1.0582833214681253,1.0580036993514321,1.0580968670033932,752
2024-01-15 08:05:00+00:00,1.0580968670033932,1.0582480897351505,1.057520544924836,1.0576010183530076,304
2024-01-15 08:10:00+00:00,1.0576010183530076,1.0581747350389665,1.0575069364467757,1.058160054272719,552
2024-01-15 08:15:00+00:00,1.058160054272719,1.05828925724939,1.0577466350800973,1.0577756668149163,1326
2024-01-15 08:20:00+00:00,1.0577756668149163,1.0580545019049756,1.0576880820927927,1.057981812387111,1470
2024-01-15 08:25:00+00:00,1.057981812387111,1.0580828954655284,1.0577232180201357,1.0579652464723837,176
2024-01-15 08:30:00+00:00,1.0579652464723837,1.0581273140922576,1.0573793042173694,1.0574295018308897,1125
2024-01-15 08:35:00+00:00,1.0574295018308897,1.0574577457617762,1.0571262934552716,1.057128608603958,435
2024-01-15 08:40:00+00:00,1.057128608603958,1.0579419209794212,1.056980707065911,1.0578806880790972,1015
2024-01-15 08:45:00+00:00,1.0578806880790972,1.0580249141497997,1.05776342367939,1.0580085105028378,970
2024-01-15 08:50:00+00:00,1.0580085105028378,1.0581686849286551,1.0573988104039627,1.0574958258482765,1330
2024-01-15 08:55:00+00:00,1.0574958258482765,1.0579722316952365,1.0573922842147563,1.0576784174594858,1083
2024-01-15 09:00:00+00:00,1.0576784174594858,1.0577610341933785,1.0574997300244127,1.0576223001989822,1253
2024-01-15 09:05:00+00:00,1.0576223001989822,1.0596232111420238,1.057560854026918,1.059469990895454,1221
2024-01-15 09:10:00+00:00,1.059469990895454,1.059927080009756,1.0590721417531053,1.0596422203720672,1006
2024-01-15 09:15:00+00:00,1.0596422203720672,1.0597008598325148,1.0594366773240127,1.0594617501374375,674
2024-01-15 09:20:00+00:00,1.0594617501374375,1.0604074362975568,1.0594418026519081,1.0602351720039518,571
2024-01-15 09:25:00+00:00,1.0602351720039518,1.0603299428816264,1.0592264519253207,1.0592804110586442,585
2024-01-15 09:30:00+00:00,1.0592804110586442,1.05941776244397,1.0592549305451877,1.0593515524138764,602
2024-01-15 09:35:00+00:00,1.0593515524138764,1.060579216562516,1.0590639880445865,1.0604291399059342,503
2024-01-15 09:40:00+00:00,1.0604291399059342,1.0604420206331897,1.059938440581086,1.0603887379351467,534
2024-01-15 09:45:00+00:00,1.0603887379351467,1.0604281502080213,1.059335934289368,1.0594909592563073,895
2024-01-15 09:50:00+00:00,1.0594909592563073,1.059506185335092,1.0592575655649563,1.0593024133235425,478
2024-01-15 09:55:00+00:00,1.0593024133235425,1.0601226305530393,1.0587899827361822,1.0600939866073142,588
2024-01-15 10:00:00+00:00,1.0600939866073142,1.0604867157478224,1.0599598508903183,1.060314523045849,1092
2024-01-15 10:05:00+00:00,1.060314523045849,1.0603817504259485,1.0595853161204574,1.0598910036784792,559
2024-01-15 10:10:00+00:00,1.0598910036784792,1.0599658618448797,1.0595104993231241,1.0595490601552207,249
2024-01-15 10:15:00+00:00,1.0595490601552207,1.0595809772893645,1.0589626434989825,1.059273736188291,123
2024-01-15 10:20:00+00:00,1.059273736188291,1.059503864814796,1.0592392288641992,1.0594862253790873,1171
2024-01-15 10:25:00+00:00,1.0594862253790873,1.060483370444099,1.0594691407115147,1.060216315288447,1427
2024-01-15 10:30:00+00:00,1.060216315288447,1.060894768362162,1.060082850338089,1.06079541763913,1055
2024-01-15 10:35:00+00:00,1.06079541763913,1.0612624530046828,1.0607920273542963,1.0610585013640674,184
2024-01-15 10:40:00+00:00,1.0610585013640674,1.061175327799559,1.0603390503091827,1.0603732460373667,888
2024-01-15 10:45:00+00:00,1.0603732460373667,1.0605496312651779,1.0595431077783932,1.0596904014470967,479
2024-01-15 10:50:00+00:00,1.0596904014470967,1.0601902406349863,1.059615393304502,1.059994136279342,549
2024-01-15 10:55:00+00:00,1.059994136279342,1.0600407311629272,1.0592563791375156,1.0593022404248964,1389
2024-01-15 11:00:00+00:00,1.0593022404248964,1.059566159707561,1.059181905171349,1.0592039546443128,1254
2024-01-15 11:05:00+00:00,1.0592039546443128,1.0594607509241922,1.0591489716787414,1.0593862174011095,1129
2024-01-15 11:10:00+00:00,1.0593862174011095,1.059525622951067,1.058659163681211,1.0588048294256147,801
2024-01-15 11:15:00+00:00,1.0588048294256147,1.0588642532469796,1.0582303476301966,1.0582837585690943,909
2024-01-15 11:20:00+00:00,1.0582837585690943,1.058463576161725,1.0580596738975845,1.05825512084728,1382
2024-01-15 11:25:00+00:00,1.05825512084728,1.0586893467191538,1.0580888986466195,1.0585427811976413,1025
2024-01-15 11:30:00+00:00,1.0585427811976413,1.0592938732494028,1.0583151229494154,1.059125783569029,910
2024-01-15 11:35:00+00:00,1.059125783569029,1.0594905698661612,1.0590507910955975,1.0594684390570852,235
2024-01-15 11:40:00+00:00,1.0594684390570852,1.0595609926093092,1.0593145192296205,1.0595286468447278,1495
2024-01-15 11:45:00+00:00,1.0595286468447278,1.0596093200852372,1.0590736670049319,1.0591545300589054,1232
2024-01-15 11:50:00+00:00,1.0591545300589054,1.059529121197603,1.0585053227168801,1.0586085851515463,610
2024-01-15 11:55:00+00:00,1.0586085851515463,1.0586456889182676,1.058354041053348,1.058359347887418,450
2024-01-15 12:00:00+00:00,1.058359347887418,1.0586072597876746,1.058282093930488,1.0585974446535737,1454
2024-01-15 12:05:00+00:00,1.0585974446535737,1.0589859214899404,1.0585763395819765,1.0587967911002896,1438
2024-01-15 12:10:00+00:00,1.0587967911002896,1.0588547941381028,1.0575569187043126,1.0577062822940562,688
2024-01-15 12:15:00+00:00,1.0577062822940562,1.0578661166709622,1.0572296943721315,1.0573119286553758,423
2024-01-15 12:20:00+00:00,1.0573119286553758,1.0582345065827905,1.0571334493174538,1.0579698449951833,1216
2024-01-15 12:25:00+00:00,1.0579698449951833,1.05810490509447,1.05780034292116,1.0580329079580066,975
2024-01-15 12:30:00+00:00,1.0580329079580066,1.0581994006118178,1.0572615037471447,1.0573044475856994,1360
2024-01-15 12:35:00+00:00,1.0573044475856994,1.0588203286477444,1.0572500195943562,1.0585710037811615,863
2024-01-15 12:40:00+00:00,1.0585710037811615,1.0586996457037063,1.0584639115963377,1.0585768567619231,872
2024-01-15 12:45:00+00:00,1.0585768567619231,1.0589427734823997,1.0583241773006093,1.0588014518163569,300
2024-01-15 12:50:00+00:00,1.0588014518163569,1.0591242783123247,1.0586722523732628,1.0590341365412617,944
2024-01-15 12:55:00+00:00,1.0590341365412617,1.0591331086657028,1.0587613094191135,1.0588606691504419,608
2024-01-15 13:00:00+00:00,1.0588606691504419,1.0589033271394988,1.0583819710615427,1.05849664678603,387
2024-01-15 13:05:00+00:00,1.05849664678603,1.0597800108139495,1.0584604758576086,1.0596407096475968,1193
2024-01-15 13:10:00+00:00,1.0596407096475968,1.0602799493846156,1.0595879626810494,1.060193421351592,584
2024-01-15 13:15:00+00:00,1.060193421351592,1.060963025847923,1.0599936558649365,1.0606503314267088,397
2024-01-15 13:20:00+00:00,1.0606503314267088,1.06118422822584,1.0604936962340683,1.0609771650944342,1444
2024-01-15 13:25:00+00:00,1.0609771650944342,1.0609787494918013,1.060460557712756,1.060466136217478,1448
2024-01-15 13:30:00+00:00,1.060466136217478,1.061461344132904,1.0603583018338465,1.0611647342933703,792
2024-01-15 13:35:00+00:00,1.0611647342933703,1.0612120347166598,1.0606076620273621,1.0607386062665498,513
2024-01-15 13:40:00+00:00,1.0607386062665498,1.061131601041783,1.0607293363559946,1.0609100676603973,326
2024-01-15 13:45:00+00:00,1.0609100676603973,1.0611710418308073,1.0599976431399512,1.0600616632339863,977
2024-01-15 13:50:00+00:00,1.0600616632339863,1.0604059409330082,1.0589067595582895,1.0590011463534295,955
2024-01-15 13:55:00+00:00,1.0590011463534295,1.059358986655708,1.0589236901003825,1.0591908617505983,966
2024-01-15 14:00:00+00:00,1.0591908617505983,1.0592316552177339,1.0586598625904282,1.0587835502928025,1174
2024-01-15 14:05:00+00:00,1.0587835502928025,1.058936079243764,1.0576441497173215,1.0577516770121755,759
2024-01-15 14:10:00+00:00,1.0577516770121755,1.058107838461658,1.0577058877890693,1.0580587473498912,1056
2024-01-15 14:15:00+00:00,1.0580587473498912,1.0594880291381428,1.0579465935016086,1.0592014935272875,1017
2024-01-15 14:20:00+00:00,1.0592014935272875,1.0600327902880071,1.05896744697829,1.059958589707775,1213
2024-01-15 14:25:00+00:00,1.059958589707775,1.0600040678875364,1.0597359552429089,1.0598434157281829,1141
2024-01-15 14:30:00+00:00,1.0598434157281829,1.0600191435917201,1.0597883449723202,1.059869299916529,150
2024-01-15 14:35:00+00:00,1.059869299916529,1.060543229771051,1.059656366889197,1.0603609236069818,966
2024-01-15 14:40:00+00:00,1.0603609236069818,1.061496398844595,1.0603226048069379,1.0609770611772127,1465
2024-01-15 14:45:00+00:00,1.0609770611772127,1.0610475308473473,1.0607867149571477,1.0608160389597519,883
2024-01-15 14:50:00+00:00,1.0608160389597519,1.0608626851915368,1.0607870875245575,1.0608553834150387,841
2024-01-15 14:55:00+00:00,1.0608553834150387,1.0611412689730637,1.060683218926926,1.0610360549407523,949
2024-01-15 15:00:00+00:00,1.0610360549407523,1.061488595783134,1.0608205594353664,1.0613511170347478,883
2024-01-15 15:05:00+00:00,1.0613511170347478,1.0615424829848301,1.0612189859663799,1.061301723641899,662
2024-01-15 15:10:00+00:00,1.061301723641899,1.0615265136372292,1.0610150366368283,1.061259226337584,1491
2024-01-15 15:15:00+00:00,1.061259226337584,1.0623461278079873,1.0612221888957885,1.062012631417486,199
2024-01-15 15:20:00+00:00,1.062012631417486,1.0629030042800354,1.0619606867039721,1.062676134802092,1239
2024-01-15 15:25:00+00:00,1.062676134802092,1.0631565174375723,1.0626564831066758,1.0629510547362344,323
2024-01-15 15:30:00+00:00,1.0629510547362344,1.0639098880950646,1.0629107607669372,1.063885978156923,389
2024-01-15 15:35:00+00:00,1.063885978156923,1.0639663602370832,1.0634466284227448,1.0637016887626107,949
2024-01-15 15:40:00+00:00,1.0637016887626107,1.0646515135495334,1.0634464813793711,1.064586142595448,993
2024-01-15 15:45:00+00:00,1.064586142595448,1.0649015646765372,1.0644461631045732,1.0648962115299656,1398
2024-01-15 15:50:00+00:00,1.0648962115299656,1.0666925077401317,1.064494933414415,1.0666591611168772,512
2024-01-15 15:55:00+00:00,1.0666591611168772,1.066806384777157,1.0658216446967883,1.0660445084142651,136
2024-01-15 16:00:00+00:00,1.0660445084142651,1.0660819169753424,1.0653718305581887,1.0656983929441695,457
2024-01-15 16:05:00+00:00,1.0656983929441695,1.066066086977565,1.0653089236666198,1.0659428629982692,861
2024-01-15 16:10:00+00:00,1.0659428629982692,1.0663702147351644,1.0658805424628606,1.0661758962573855,600
2024-01-15 16:15:00+00:00,1.0661758962573855,1.0673676551357243,1.0659695299599352,1.0672368153649505,452
2024-01-15 16:20:00+00:00,1.0672368153649505,1.0674209096546627,1.0667279999133799,1.0669015030670201,1379
2024-01-15 16:25:00+00:00,1.0669015030670201,1.0674728419151107,1.0668316494368824,1.0674055705609555,886
2024-01-15 16:30:00+00:00,1.0674055705609555,1.0681166139658596,1.0673479708130307,1.0680473284157508,1040
2024-01-15 16:35:00+00:00,1.0680473284157508,1.0684643338355955,1.067913209606646,1.0684449879796578,1149
2024-01-15 16:40:00+00:00,1.0684449879796578,1.0687614097968328,1.0678268398706379,1.0679529710169195,672
2024-01-15 16:45:00+00:00,1.0679529710169195,1.0690803954800652,1.0678851344139149,1.0687260401756131,1129
2024-01-15 16:50:00+00:00,1.0687260401756131,1.069479607767941,1.0685947498221777,1.0694043204793837,1449
2024-01-15 16:55:00+00:00,1.0694043204793837,1.0697473379077398,1.0693181356861123,1.0697463077037714,1114
2024-01-15 17:00:00+00:00,1.0697463077037714,1.0700079027630314,1.0696023450259387,1.0698770027218654,515
2024-01-15 17:05:00+00:00,1.0698770027218654,1.070134348887236,1.0698242071336281,1.0700193541419587,1190
2024-01-15 17:10:00+00:00,1.0700193541419587,1.0700458357968463,1.069981439648958,1.0699986301182616,430
2024-01-15 17:15:00+00:00,1.0699986301182616,1.0703905696269789,1.0698955203172429,1.0703628496987894,201
2024-01-15 17:20:00+00:00,1.0703628496987894,1.070520387606225,1.070283929381758,1.070400919750745,721
2024-01-15 17:25:00+00:00,1.070400919750745,1.070499452292895,1.0697218393309365,1.0699681968121153,813
2024-01-15 17:30:00+00:00,1.0699681968121153,1.0702697474553438,1.0693958540752004,1.0694286163203472,757
2024-01-15 17:35:00+00:00,1.0694286163203472,1.0695532303838582,1.0689902115817296,1.0690478803475905,466
2024-01-15 17:40:00+00:00,1.0690478803475905,1.069191712821986,1.0690197977739433,1.0691879963067246,482
2024-01-15 17:45:00+00:00,1.0691879963067246,1.06927308428039,1.06911511163394,1.0691949696382774,1389
2024-01-15 17:50:00+00:00,1.0691949696382774,1.069368774048334,1.0690291593609564,1.0693314757879337,508
2024-01-15 17:55:00+00:00,1.0693314757879337,1.0696461719775552,1.0692629505567361,1.069620630041044,1196
2024-01-15 18:00:00+00:00,1.069620630041044,1.06982877347089,1.0692654922218772,1.0693065247516362,460
2024-01-15 18:05:00+00:00,1.0693065247516362,1.0706305607007782,1.0690196316207279,1.0701115308726712,250
2024-01-15 18:10:00+00:00,1.0701115308726712,1.070307340547936,1.069701717631501,1.0699896928818073,188
2024-01-15 18:15:00+00:00,1.0699896928818073,1.0700804267964106,1.069544799275627,1.0697792114724982,440
2024-01-15 18:20:00+00:00,1.0697792114724982,1.0701597159624827,1.0696507476350594,1.0700586304410271,1277
2024-01-15 18:25:00+00:00,1.0700586304410271,1.070166705693817,1.0689174473161465,1.0690974448176636,737
2024-01-15 18:30:00+00:00,1.0690974448176636,1.0692458078623257,1.0686596899195715,1.0686962475864406,1073
2024-01-15 18:35:00+00:00,1.0686962475864406,1.069444070827753,1.0684676753746492,1.0692418559206776,1448
2024-01-15 18:40:00+00:00,1.0692418559206776,1.0692520053133594,1.0681157520765787,1.0683343786338222,167
2024-01-15 18:45:00+00:00,1.0683343786338222,1.0690822269744658,1.0682593088492167,1.0689527167890238,253
2024-01-15 18:50:00+00:00,1.0689527167890238,1.07004040507581,1.0686926715507052,1.069781762612384,1388
2024-01-15 18:55:00+00:00,1.069781762612384,1.0698974431211123,1.0694732719945659,1.0696055399563844,895
2024-01-15 19:00:00+00:00,1.0696055399563844,1.069874886302512,1.0695875381605369,1.0697829943435182,965
2024-01-15 19:05:00+00:00,1.0697829943435182,1.070409679331685,1.069579647969008,1.0704029801696868,577
2024-01-15 19:10:00+00:00,1.0704029801696868,1.0706303776953205,1.070122673560014,1.0701745619602936,1257
2024-01-15 19:15:00+00:00,1.0701745619602936,1.070886965360813,1.0701308841109838,1.0706603010953124,1004
2024-01-15 19:20:00+00:00,1.0706603010953124,1.0710380565376934,1.0701470035399316,1.070322428115797,460
2024-01-15 19:25:00+00:00,1.070322428115797,1.0705693502867908,1.069998987365491,1.0700882403412224,1008
2024-01-15 19:30:00+00:00,1.0700882403412224,1.0704139479762091,1.0694795128988996,1.069681961830754,105
2024-01-15 19:35:00+00:00,1.069681961830754,1.0698960717332713,1.0694479083688937,1.069886617234116,436
2024-01-15 19:40:00+00:00,1.069886617234116,1.0707096331784258,1.069792986200514,1.0705274627627164,385
2024-01-15 19:45:00+00:00,1.0705274627627164,1.0705336861131212,1.0703878991443625,1.070450324336931,1200
2024-01-15 19:50:00+00:00,1.070450324336931,1.0704621624811543,1.069620965097146,1.069791328805647,1129
2024-01-15 19:55:00+00:00,1.069791328805647,1.0698227444388244,1.0691896367743805,1.0692335894471625,227
2024-01-15 20:00:00+00:00,1.0692335894471625,1.0696010730819574,1.0690041205971377,1.0694659335968044,1369
2024-01-15 20:05:00+00:00,1.0694659335968044,1.0705429047938606,1.0690885053305406,1.0704734327563323,1245
2024-01-15 20:10:00+00:00,1.0704734327563323,1.070756544493624,1.0700129211014577,1.0707055783007766,708
2024-01-15 20:15:00+00:00,1.0707055783007766,1.0708828333208305,1.070435254030938,1.0705198662648387,396
2024-01-15 20:20:00+00:00,1.0705198662648387,1.0709803597280563,1.0704979005209747,1.0709513842410276,688
2024-01-15 20:25:00+00:00,1.0709513842410276,1.0711063478149512,1.0707998005904316,1.07084455757106,925
2024-01-15 20:30:00+00:00,1.07084455757106,1.0711156489199394,1.070433559788471,1.0706634321290993,982
2024-01-15 20:35:00+00:00,1.0706634321290993,1.0706910728202859,1.0700441544072536,1.0701717518399123,586
2024-01-15 20:40:00+00:00,1.0701717518399123,1.0711506839439051,1.069891902441346,1.0709467963584614,242
2024-01-15 20:45:00+00:00,1.0709467963584614,1.0711636569568743,1.0695029109205347,1.0696085370021235,953
2024-01-15 20:50:00+00:00,1.0696085370021235,1.0701412890572561,1.0694860244161086,1.0700566276788357,1087
2024-01-15 20:55:00+00:00,1.0700566276788357,1.0703419588234517,1.0696330395790696,1.0698299121392678,474
2024-01-15 21:00:00+00:00,1.0698299121392678,1.0700565331469476,1.069549070919595,1.0696318113431724,995
2024-01-15 21:05:00+00:00,1.0696318113431724,1.07058392889699,1.069581202144991,1.0705582810423002,896
2024-01-15 21:10:00+00:00,1.0705582810423002,1.0705653214560562,1.0698684841066408,1.070197432730669,801
2024-01-15 21:15:00+00:00,1.070197432730669,1.0703635433086272,1.0698247197308408,1.0698549325479632,111
2024-01-15 21:20:00+00:00,1.0698549325479632,1.069977597668695,1.0696156896382083,1.0698065781867723,530
2024-01-15 21:25:00+00:00,1.0698065781867723,1.0700498089095327,1.0697971742076593,1.0700493426461897,624
2024-01-15 21:30:00+00:00,1.0700493426461897,1.070159466235423,1.0697919201327255,1.0698343398883492,1267
2024-01-15 21:35:00+00:00,1.0698343398883492,1.0698664067867145,1.0688085141056187,1.0690138524101334,1256
2024-01-15 21:40:00+00:00,1.0690138524101334,1.0692836905545082,1.0685080495582482,1.0685725110134972,1323
2024-01-15 21:45:00+00:00,1.0685725110134972,1.0695407745487464,1.0683787388602886,1.0692784815319418,748
2024-01-15 21:50:00+00:00,1.0692784815319418,1.0695195246496858,1.0692562397990637,1.0693398457073429,557
2024-01-15 21:55:00+00:00,1.0693398457073429,1.0696584935888827,1.0692119956783683,1.069602415307435,798
2024-01-15 22:00:00+00:00,1.069602415307435,1.0696029380737662,1.0693991562078617,1.0694839989784388,1208
2024-01-15 22:05:00+00:00,1.0694839989784388,1.0696522789594045,1.0688866951903593,1.069152727541708,970
2024-01-15 22:10:00+00:00,1.069152727541708,1.070218567728053,1.0691312639958708,1.0700708995727466,941
2024-01-15 22:15:00+00:00,1.0700708995727466,1.0701631398726994,1.0699417318838218,1.0699916116758545,707
2024-01-15 22:20:00+00:00,1.0699916116758545,1.0700098877562365,1.069631931104579,1.069775810482106,1075
2024-01-15 22:25:00+00:00,1.069775810482106,1.0705349322976612,1.0694645538369323,1.0703835192925015,1313
2024-01-15 22:30:00+00:00,1.0703835192925015,1.0704453833395897,1.069891162614451,1.0700183256513265,1035
2024-01-15 22:35:00+00:00,1.0700183256513265,1.0700289207360314,1.0694338755587656,1.0697215414395373,664
2024-01-15 22:40:00+00:00,1.0697215414395373,1.0698493663089284,1.069437167324149,1.0697484164196769,1275
2024-01-15 22:45:00+00:00,1.0697484164196769,1.0697766952639558,1.0695905177339777,1.0697699558597158,1419
2024-01-15 22:50:00+00:00,1.0697699558597158,1.0699510017399478,1.0695175138872435,1.0699302134689264,1215
2024-01-15 22:55:00+00:00,1.0699302134689264,1.0710952736662074,1.069787229860533,1.0710705820508573,1327
2024-01-15 23:00:00+00:00,1.0710705820508573,1.071338376193019,1.0708097154959002,1.0712720762649655,471
2024-01-15 23:05:00+00:00,1.0712720762649655,1.0714817695045675,1.0700180916827093,1.0700197303034176,689
2024-01-15 23:10:00+00:00,1.0700197303034176,1.0702277061200776,1.0699861066462864,1.0702157038517481,449
2024-01-15 23:15:00+00:00,1.0702157038517481,1.0703862446954486,1.0700154382153453,1.0702573780483073,612
2024-01-15 23:20:00+00:00,1.0702573780483073,1.0704658435598804,1.0702012402782133,1.0703020345504377,1126
2024-01-15 23:25:00+00:00,1.0703020345504377,1.0704937082988406,1.0702705406722128,1.070455059543948,1047
2024-01-15 23:30:00+00:00,1.070455059543948,1.070578981267472,1.0704173786389026,1.0704611192360685,104
2024-01-15 23:35:00+00:00,1.0704611192360685,1.0704909230425468,1.0701945614196684,1.0704543688584445,1157
2024-01-15 23:40:00+00:00,1.0704543688584445,1.0708892082440438,1.0704340817780587,1.070803895872148,368
2024-01-15 23:45:00+00:00,1.070803895872148,1.0708956658098463,1.0703213514861396,1.0705350808353087,360
2024-01-15 23:50:00+00:00,1.0705350808353087,1.0706371798956138,1.0697943280937092,1.0700492258029601,861
2024-01-15 23:55:00+00:00,1.0700492258029601,1.0720737073856934,1.0696177639409132,1.0716884242886642,437
2024-01-16 00:00:00+00:00,1.0716884242886642,1.071816603312993,1.0712662858214559,1.0713262699891792,1448
2024-01-16 00:05:00+00:00,1.0713262699891792,1.0717025128327071,1.0712126262659016,1.071401339381015,304
2024-01-16 00:10:00+00:00,1.071401339381015,1.071628809870327,1.070482423643765,1.0706215412097793,312
2024-01-16 00:15:00+00:00,1.0706215412097793,1.0707878945103209,1.0705416690853984,1.0707053004376157,1164
2024-01-16 00:20:00+00:00,1.0707053004376157,1.0710538349509824,1.070095627540896,1.070227109771811,501
2024-01-16 00:25:00+00:00,1.070227109771811,1.0704963927228426,1.0698719435008028,1.0700117410446173,1100
2024-01-16 00:30:00+00:00,1.0700117410446173,1.0707057110588554,1.0698972800962403,1.0705922570107012,1054
2024-01-16 00:35:00+00:00,1.0705922570107012,1.0709236051348323,1.0704796360222237,1.0708663337504116,364
2024-01-16 00:40:00+00:00,1.0708663337504116,1.0714913248443252,1.0708590561176177,1.0711920963889119,911
2024-01-16 00:45:00+00:00,1.0711920963889119,1.0712172841046803,1.0702463285516195,1.070264869918854,851
2024-01-16 00:50:00+00:00,1.070264869918854,1.071357512020499,1.0700412171887317,1.0712692574012483,232
2024-01-16 00:55:00+00:00,1.0712692574012483,1.0714004883138342,1.070539422889877,1.0706522698829548,1169
2024-01-16 01:00:00+00:00,1.0706522698829548,1.0715168420210694,1.07064096000978,1.0714919614810914,1300
2024-01-16 01:05:00+00:00,1.0714919614810914,1.0721364381181866,1.0713945503319735,1.0720606793406708,1425
2024-01-16 01:10:00+00:00,1.0720606793406708,1.0725314228480765,1.071731558897327,1.0723915884199393,223
2024-01-16 01:15:00+00:00,1.0723915884199393,1.0727030036611918,1.071855659194055,1.071954597008071,349
2024-01-16 01:20:00+00:00,1.071954597008071,1.072069347296784,1.0719083173501236,1.0720572848155183,1255
2024-01-16 01:25:00+00:00,1.0720572848155183,1.0721986512028978,1.0716469768851649,1.0718262985967861,526
2024-01-16 01:30:00+00:00,1.0718262985967861,1.0719291588525504,1.0717941808928055,1.0718632978109779,975
2024-01-16 01:35:00+00:00,1.0718632978109779,1.0719122754927655,1.0715163902983724,1.0717508206251065,587
2024-01-16 01:40:00+00:00,1.0717508206251065,1.071930441967903,1.070540421546927,1.0706798143998422,404
2024-01-16 01:45:00+00:00,1.0706798143998422,1.0713281551464948,1.0706013877312726,1.0713017638194167,974
2024-01-16 01:50:00+00:00,1.0713017638194167,1.0713358855634818,1.0712572429355605,1.0712797447347582,387
2024-01-16 01:55:00+00:00,1.0712797447347582,1.0713858957340034,1.0709758764197164,1.0710414919055398,290
2024-01-16 02:00:00+00:00,1.0710414919055398,1.0711170923041597,1.0706907885354744,1.0707628458776752,842
2024-01-16 02:05:00+00:00,1.0707628458776752,1.0710010019416143,1.0705168985833597,1.0709761737326542,370
2024-01-16 02:10:00+00:00,1.0709761737326542,1.0710995239241958,1.0703409605259624,1.070518997384411,369
2024-01-16 02:15:00+00:00,1.070518997384411,1.0705201366000028,1.0692826001522275,1.0693333036254669,1192
2024-01-16 02:20:00+00:00,1.0693333036254669,1.0696169985245103,1.069215337959842,1.069572369020274,840
2024-01-16 02:25:00+00:00,1.069572369020274,1.069969468632069,1.0695220808844121,1.0698713695792994,858
2024-01-16 02:30:00+00:00,1.0698713695792994,1.0701265085825296,1.069699516824293,1.0697859768198512,300
2024-01-16 02:35:00+00:00,1.0697859768198512,1.069852609496777,1.0691811654974417,1.069193367340073,324
2024-01-16 02:40:00+00:00,1.069193367340073,1.0693236788167155,1.0690631398264492,1.0692622958526397,647
2024-01-16 02:45:00+00:00,1.0692622958526397,1.0692856903115104,1.0684205832872864,1.06850069647731,643
2024-01-16 02:50:00+00:00,1.06850069647731,1.068665270182005,1.0678020312992251,1.0679732681872378,732
2024-01-16 02:55:00+00:00,1.0679732681872378,1.0680432372472892,1.0674095114181656,1.0675937649882667,288
2024-01-16 03:00:00+00:00,1.0675937649882667,1.0681168884661736,1.0675298220245335,1.0680656089086233,1357
2024-01-16 03:05:00+00:00,1.0680656089086233,1.0682653575631091,1.0677318814447676,1.067893324078014,607
2024-01-16 03:10:00+00:00,1.067893324078014,1.0679553719983002,1.0675539371808664,1.0676755451688882,1242
2024-01-16 03:15:00+00:00,1.0676755451688882,1.0688214426856542,1.067326432993044,1.0687403873783061,660
2024-01-16 03:20:00+00:00,1.0687403873783061,1.069007104058809,1.0685616450315185,1.0689501076389445,761
2024-01-16 03:25:00+00:00,1.0689501076389445,1.0692438780037714,1.0688340069001037,1.0691526707503278,256
2024-01-16 03:30:00+00:00,1.0691526707503278,1.0696272286915245,1.0689010147289382,1.0689764205341836,1047
2024-01-16 03:35:00+00:00,1.0689764205341836,1.0690826685298973,1.0685896799600847,1.0686790464373053,183
2024-01-16 03:40:00+00:00,1.0686790464373053,1.0690106591944752,1.067459417502415,1.067532136643513,1147
2024-01-16 03:45:00+00:00,1.067532136643513,1.0683268941485686,1.0673059532079112,1.0680705681111946,1334
2024-01-16 03:50:00+00:00,1.0680705681111946,1.0684530207421812,1.0680247297508896,1.0683313427236154,606
2024-01-16 03:55:00+00:00,1.0683313427236154,1.0685455088684042,1.0681696695229135,1.0682570050274196,1342
2024-01-16 04:00:00+00:00,1.0682570050274196,1.0683662552212734,1.068194494766706,1.0682050734747635,1078
2024-01-16 04:05:00+00:00,1.0682050734747635,1.0688246206994727,1.0680289208388682,1.068619614094111,103
2024-01-16 04:10:00+00:00,1.068619614094111,1.0687384857370283,1.0675663452900503,1.0678102896472317,384
2024-01-16 04:15:00+00:00,1.0678102896472317,1.0678406389722641,1.0671785405530403,1.0675167051752725,997
2024-01-16 04:20:00+00:00,1.0675167051752725,1.0675584097890813,1.0668795057255767,1.066931544365238,1082
2024-01-16 04:25:00+00:00,1.066931544365238,1.0679268952042924,1.0667996605564705,1.067897922563436,231
2024-01-16 04:30:00+00:00,1.067897922563436,1.0685274552209796,1.0678239519238424,1.0683868358835609,1058
2024-01-16 04:35:00+00:00,1.0683868358835609,1.0684505055261384,1.066881084445356,1.0672315397096352,1234
2024-01-16 04:40:00+00:00,1.0672315397096352,1.0673398863845378,1.0663458639065695,1.0664451172646532,228
2024-01-16 04:45:00+00:00,1.0664451172646532,1.0664729846028573,1.0659500588159811,1.0663958764684267,1331
2024-01-16 04:50:00+00:00,1.0663958764684267,1.0667127981451736,1.0657411330343636,1.0661653002389402,846
2024-01-16 04:55:00+00:00,1.0661653002389402,1.066205475553983,1.0651850679251922,1.0654806183676924,963
2024-01-16 05:00:00+00:00,1.0654806183676924,1.0666770565037058,1.0654476931074497,1.0665379812158347,170
2024-01-16 05:05:00+00:00,1.0665379812158347,1.0668123662212154,1.066356658405726,1.0667259798199134,958
2024-01-16 05:10:00+00:00,1.0667259798199134,1.0670443147231743,1.066607572898539,1.06700056379313,736
2024-01-16 05:15:00+00:00,1.06700056379313,1.06701796106127,1.0666072086795733,1.066652713633914,620
2024-01-16 05:20:00+00:00,1.066652713633914,1.0672028898734762,1.066321354207065,1.0670592545277242,1192
2024-01-16 05:25:00+00:00,1.0670592545277242,1.0671742796049066,1.0668631814142813,1.066877623563649,449
2024-01-16 05:30:00+00:00,1.066877623563649,1.0669198548706533,1.0665642261168564,1.0667478148702114,183
2024-01-16 05:35:00+00:00,1.0667478148702114,1.0672060889120059,1.0666128861541617,1.067095042329271,798
2024-01-16 05:40:00+00:00,1.067095042329271,1.0671567565127602,1.0660248784768056,1.0662472366172966,1141
2024-01-16 05:45:00+00:00,1.0662472366172966,1.067130700659334,1.0662249565652635,1.0671199748332125,287
2024-01-16 05:50:00+00:00,1.0671199748332125,1.0672879802124295,1.0670658171888603,1.0672386328198222,1478
2024-01-16 05:55:00+00:00,1.0672386328198222,1.0683726313797823,1.0671433453250565,1.0679435141655271,1041
2024-01-16 06:00:00+00:00,1.0679435141655271,1.0681900571448324,1.0672003648388726,1.0673906292587672,1407
2024-01-16 06:05:00+00:00,1.0673906292587672,1.0675440954053343,1.066836198963461,1.0669192881700291,758
2024-01-16 06:10:00+00:00,1.0669192881700291,1.0670573482104944,1.0662255883975846,1.0663207996771156,272
2024-01-16 06:15:00+00:00,1.0663207996771156,1.0664965624180842,1.0661503514854067,1.0664755749003458,348
2024-01-16 06:20:00+00:00,1.0664755749003458,1.066943011353722,1.0663272408957898,1.0665320892017671,800
2024-01-16 06:25:00+00:00,1.0665320892017671,1.066686048813962,1.0662839334596357,1.0663057647896441,923
2024-01-16 06:30:00+00:00,1.0663057647896441,1.0664215452273667,1.0656321689360146,1.0657864369918053,1127
2024-01-16 06:35:00+00:00,1.0657864369918053,1.0657892368773327,1.0651042473473609,1.0651327921578333,1213
2024-01-16 06:40:00+00:00,1.0651327921578333,1.0652681519423801,1.0648564537992897,1.0650909942698095,1167
2024-01-16 06:45:00+00:00,1.0650909942698095,1.0652322343384815,1.0648175166403284,1.0648270717619,924
2024-01-16 06:50:00+00:00,1.0648270717619,1.064912448974026,1.0642522985363458,1.0644460729127974,125
2024-01-16 06:55:00+00:00,1.0644460729127974,1.0653580057946959,1.0643834669586123,1.0652535028856824,841
2024-01-16 07:00:00+00:00,1.0652535028856824,1.0654658913924795,1.0651652897204642,1.065193675224603,1247
2024-01-16 07:05:00+00:00,1.065193675224603,1.0661429909893272,1.065169683275609,1.0658541181697159,1286
2024-01-16 07:10:00+00:00,1.0658541181697159,1.0658907278571383,1.065477973516064,1.0655539458404757,1268
2024-01-16 07:15:00+00:00,1.0655539458404757,1.0659191000783474,1.0654434951957876,1.065668373698813,115
2024-01-16 07:20:00+00:00,1.065668373698813,1.0659110693732787,1.065617154367494,1.065622829155196,709
2024-01-16 07:25:00+00:00,1.065622829155196,1.065867358183735,1.0646926412973974,1.0647023322686058,963
2024-01-16 07:30:00+00:00,1.0647023322686058,1.065612579281264,1.0643727736529598,1.0654467392965956,446
2024-01-16 07:35:00+00:00,1.0654467392965956,1.0655128427903386,1.0651669050029495,1.0653587581105477,673
2024-01-16 07:40:00+00:00,1.0653587581105477,1.0658341160837095,1.0652255542619722,1.0657403793229254,236
2024-01-16 07:45:00+00:00,1.0657403793229254,1.0659831104285704,1.0653026930095042,1.0653236595292668,370
2024-01-16 07:50:00+00:00,1.0653236595292668,1.0656496428419142,1.0650591727120986,1.0652198733644551,108
2024-01-16 07:55:00+00:00,1.0652198733644551,1.065379917399399,1.0645621445065518,1.064742200885823,1471
2024-01-16 08:00:00+00:00,1.064742200885823,1.0654156031214759,1.0647191554757203,1.0653842396252242,1303
2024-01-16 08:05:00+00:00,1.0653842396252242,1.0655675794329846,1.0652920036095852,1.065534144167053,665
2024-01-16 08:10:00+00:00,1.065534144167053,1.0658272631183892,1.065495282998784,1.0657137151875982,106
2024-01-16 08:15:00+00:00,1.0657137151875982,1.0664954066055656,1.0655592640857658,1.0664214472185305,569
2024-01-16 08:20:00+00:00,1.0664214472185305,1.0671543567140487,1.0662523134632993,1.067022024476481,707
2024-01-16 08:25:00+00:00,1.067022024476481,1.0674665067138096,1.0669127021347973,1.0674143378172771,336
2024-01-16 08:30:00+00:00,1.0674143378172771,1.0674506708561473,1.0666104800700662,1.0666395405248625,1026
2024-01-16 08:35:00+00:00,1.0666395405248625,1.066759370997117,1.0662456784696934,1.0662525215035576,1496
2024-01-16 08:40:00+00:00,1.0662525215035576,1.0664393804317045,1.065592520128548,1.0657013285875703,1281
2024-01-16 08:45:00+00:00,1.0657013285875703,1.0663957278589127,1.065360825400604,1.066073009879586,1298
2024-01-16 08:50:00+00:00,1.066073009879586,1.0662693927745623,1.0658470673951668,1.0661479824990294,1263
2024-01-16 08:55:00+00:00,1.0661479824990294,1.0661493817217844,1.065272063145765,1.0653907442664146,197
2024-01-16 09:00:00+00:00,1.0653907442664146,1.0655761205682888,1.0651315321265178,1.0652742202364625,872
2024-01-16 09:05:00+00:00,1.0652742202364625,1.0654816545357928,1.0644162194197972,1.0644624214464697,892
2024-01-16 09:10:00+00:00,1.0644624214464697,1.064602040873726,1.0642885976664311,1.0644181629681448,241
2024-01-16 09:15:00+00:00,1.0644181629681448,1.0645731193492145,1.0635007027411536,1.0635211924158394,306
2024-01-16 09:20:00+00:00,1.0635211924158394,1.0638525513724453,1.063296430463011,1.0637864492211266,891
2024-01-16 09:25:00+00:00,1.0637864492211266,1.0641277668219857,1.0636615238233433,1.0639715281843318,1102
2024-01-16 09:30:00+00:00,1.0639715281843318,1.0650816814772817,1.063949897037751,1.0649705700484908,392
2024-01-16 09:35:00+00:00,1.0649705700484908,1.0655312049100307,1.0649624250716838,1.0654060755401624,777
2024-01-16 09:40:00+00:00,1.0654060755401624,1.0655489170087327,1.064990302974255,1.0651648067402364,205
2024-01-16 09:45:00+00:00,1.0651648067402364,1.0656473302352447,1.065147888661238,1.0655845190045365,254
2024-01-16 09:50:00+00:00,1.0655845190045365,1.0657432120653871,1.0648025366343066,1.064823870739598,912
2024-01-16 09:55:00+00:00,1.064823870739598,1.064858191531435,1.0640312801761147,1.0642954664798705,879
2024-01-16 10:00:00+00:00,1.0642954664798705,1.064472700370607,1.0641518014852402,1.064456783091163,1150
2024-01-16 10:05:00+00:00,1.064456783091163,1.064685595225043,1.0631173368779983,1.0632921344928585,1374
2024-01-16 10:10:00+00:00,1.0632921344928585,1.0634743894304672,1.0629254355751387,1.0632564287256752,365
2024-01-16 10:15:00+00:00,1.0632564287256752,1.0634603203637691,1.0624839997702726,1.0626980791270755,577
2024-01-16 10:20:00+00:00,1.0626980791270755,1.0629442937323907,1.0626184302531825,1.0627359680623454,1298
2024-01-16 10:25:00+00:00,1.0627359680623454,1.0628205453394874,1.0620282557569611,1.0621473524269318,171
2024-01-16 10:30:00+00:00,1.0621473524269318,1.0624940294862273,1.0620147886343247,1.0623567272346304,1259
2024-01-16 10:35:00+00:00,1.0623567272346304,1.0624466618365023,1.0620489326751363,1.0623510581929985,1423
2024-01-16 10:40:00+00:00,1.0623510581929985,1.0632105653276671,1.0621261469251904,1.0630789630339537,239
2024-01-16 10:45:00+00:00,1.0630789630339537,1.0632202240974489,1.063047550496099,1.0630665965202726,298
2024-01-16 10:50:00+00:00,1.0630665965202726,1.0631399961178671,1.0626206378504917,1.0626420912760197,1057
2024-01-16 10:55:00+00:00,1.0626420912760197,1.0626879234896656,1.0623919913261468,1.0624949759935791,765
2024-01-16 11:00:00+00:00,1.0624949759935791,1.0628266605344565,1.0617434500249088,1.0617649163597502,1482
2024-01-16 11:05:00+00:00,1.0617649163597502,1.0621637767109695,1.061657587265721,1.0619646010301413,862
2024-01-16 11:10:00+00:00,1.0619646010301413,1.0624705232574672,1.0619520895434418,1.0622618716018737,1017
2024-01-16 11:15:00+00:00,1.0622618716018737,1.0636645080776668,1.061973415020599,1.0635574040754443,431
2024-01-16 11:20:00+00:00,1.0635574040754443,1.06362483240302,1.0631955228957883,1.0632107715784194,554
2024-01-16 11:25:00+00:00,1.0632107715784194,1.063306108234557,1.0628853470429673,1.0630524623791946,348
2024-01-16 11:30:00+00:00,1.0630524623791946,1.063108086497426,1.0625126730491314,1.062730485833689,305
2024-01-16 11:35:00+00:00,1.062730485833689,1.0630871599976452,1.0627102220462827,1.0628272547247293,258
2024-01-16 11:40:00+00:00,1.0628272547247293,1.063078611072947,1.0627059497085019,1.063014147867366,1349
2024-01-16 11:45:00+00:00,1.063014147867366,1.0630559817833212,1.0629305137926464,1.0629698335477642,197
2024-01-16 11:50:00+00:00,1.0629698335477642,1.0635515267019993,1.0627116111077641,1.0635312548397797,823
2024-01-16 11:55:00+00:00,1.0635312548397797,1.0638088790003666,1.0630771336104707,1.0631872133780378,811
2024-01-16 12:00:00+00:00,1.0631872133780378,1.0639242704575316,1.0630181403176735,1.0636955093887785,178
2024-01-16 12:05:00+00:00,1.0636955093887785,1.0642593341795257,1.06368812246076,1.0639659528305043,1278
2024-01-16 12:10:00+00:00,1.0639659528305043,1.0639956620274726,1.0638896032974832,1.0639435936286181,800
2024-01-16 12:15:00+00:00,1.0639435936286181,1.0641680031077942,1.0634859040226514,1.0637600970640475,277
2024-01-16 12:20:00+00:00,1.0637600970640475,1.0651550062631967,1.0637327335630815,1.0650348368278766,280
2024-01-16 12:25:00+00:00,1.0650348368278766,1.06529856191443,1.064273122282839,1.064583789967809,1080
2024-01-16 12:30:00+00:00,1.064583789967809,1.064830803466187,1.0644942463773908,1.0647264086263069,967
2024-01-16 12:35:00+00:00,1.0647264086263069,1.0648922333149256,1.0640834874112062,1.0643110487020064,677
2024-01-16 12:40:00+00:00,1.0643110487020064,1.0652722628481566,1.0642777147662996,1.0652453119820504,667
2024-01-16 12:45:00+00:00,1.0652453119820504,1.0658829876457048,1.0651901051564887,1.0657016770970187,149
2024-01-16 12:50:00+00:00,1.0657016770970187,1.0658091025321903,1.06512949468821,1.0653242322700924,144
2024-01-16 12:55:00+00:00,1.0653242322700924,1.0656241452824837,1.0651796209057234,1.0655812923405297,850
2024-01-16 13:00:00+00:00,1.0655812923405297,1.065910956670009,1.065496419864991,1.0657026064909987,609
2024-01-16 13:05:00+00:00,1.0657026064909987,1.0657646874684874,1.065358928950908,1.0654113367741942,452
2024-01-16 13:10:00+00:00,1.0654113367741942,1.0662107428414378,1.0653859624327169,1.0657992339802282,630
2024-01-16 13:15:00+00:00,1.0657992339802282,1.0661150981141516,1.0656173560947462,1.0659907076855304,947
2024-01-16 13:20:00+00:00,1.0659907076855304,1.0661320181925489,1.0657754983528527,1.066089684237246,510
2024-01-16 13:25:00+00:00,1.066089684237246,1.0661875013830477,1.06595654448938,1.0660513478061218,589
2024-01-16 13:30:00+00:00,1.0660513478061218,1.066271938922723,1.0659324150175635,1.0662651201473117,495
2024-01-16 13:35:00+00:00,1.0662651201473117,1.0663922225625275,1.0661205131989548,1.0663714202017303,1033
2024-01-16 13:40:00+00:00,1.0663714202017303,1.0664539659200751,1.0662387048481397,1.0663869323511583,176
2024-01-16 13:45:00+00:00,1.0663869323511583,1.0664717195811197,1.0658805239287505,1.066029151049054,1385
2024-01-16 13:50:00+00:00,1.066029151049054,1.0670685499576582,1.0658984126893316,1.0669159627056461,876
2024-01-16 13:55:00+00:00,1.0669159627056461,1.0670693405719813,1.0662523203799903,1.0663396040636541,442
2024-01-16 14:00:00+00:00,1.0663396040636541,1.0666108365719584,1.0662524161104292,1.066551611687755,1163
2024-01-16 14:05:00+00:00,1.066551611687755,1.0667385741996174,1.0661146900863718,1.0663648367736647,1415
2024-01-16 14:10:00+00:00,1.0663648367736647,1.0674037115651236,1.066130941551386,1.0672870009695041,181
2024-01-16 14:15:00+00:00,1.0672870009695041,1.0672892871963007,1.0665232984486377,1.0667888540806987,386
2024-01-16 14:20:00+00:00,1.0667888540806987,1.0670813530578185,1.066329658863569,1.066380666921657,301
2024-01-16 14:25:00+00:00,1.066380666921657,1.0663981820842383,1.06551607373233,1.0658475735951063,198
2024-01-16 14:30:00+00:00,1.0658475735951063,1.0662734240496483,1.065593068438012,1.0660039681013516,1134
2024-01-16 14:35:00+00:00,1.0660039681013516,1.0661148370993951,1.065100791015252,1.065256139316078,369
2024-01-16 14:40:00+00:00,1.065256139316078,1.0652958809860034,1.0649168768944377,1.064985282765549,636
2024-01-16 14:45:00+00:00,1.064985282765549,1.06528098938271,1.063669245207839,1.0638231890240737,1240
2024-01-16 14:50:00+00:00,1.0638231890240737,1.064106085685142,1.0635728075859905,1.0639351145820675,956
2024-01-16 14:55:00+00:00,1.0639351145820675,1.0641043907825405,1.0632676779745376,1.0636530574788154,1048
2024-01-16 15:00:00+00:00,1.0636530574788154,1.063975462398997,1.0626985027600728,1.0628457146302608,236
2024-01-16 15:05:00+00:00,1.0628457146302608,1.0635271365545669,1.062644264677034,1.0634066895953977,1459
2024-01-16 15:10:00+00:00,1.0634066895953977,1.063601493780594,1.0626527401662342,1.0626954476313013,215
2024-01-16 15:15:00+00:00,1.0626954476313013,1.0633941035503318,1.0624343603416766,1.0631029614152927,1093
2024-01-16 15:20:00+00:00,1.0631029614152927,1.0631046062470169,1.0625579097438407,1.0627143755828443,995
2024-01-16 15:25:00+00:00,1.0627143755828443,1.0636983518877738,1.0625557703729598,1.0635494413306164,677
2024-01-16 15:30:00+00:00,1.0635494413306164,1.0639775681472114,1.0634753846927993,1.0639320801174583,1273
2024-01-16 15:35:00+00:00,1.0639320801174583,1.0639607532181388,1.0633182451963379,1.063379873902198,1349
2024-01-16 15:40:00+00:00,1.063379873902198,1.0633850781400602,1.062873400980353,1.0628763196397257,198
2024-01-16 15:45:00+00:00,1.0628763196397257,1.0633586436277553,1.0628057759224225,1.06318217569572,1441
2024-01-16 15:50:00+00:00,1.06318217569572,1.0632318727785808,1.0630168642876818,1.0630267500871529,437
2024-01-16 15:55:00+00:00,1.0630267500871529,1.063195346211061,1.062799335104183,1.0629207968784562,1208
2024-01-16 16:00:00+00:00,1.0629207968784562,1.0638398489197407,1.0628282846124724,1.0635809976388904,1249
2024-01-16 16:05:00+00:00,1.0635809976388904,1.0636277125889706,1.0630695103772934,1.063166898294496,879
2024-01-16 16:10:00+00:00,1.063166898294496,1.0632721273632175,1.0630511416099269,1.0631994810493204,1308
2024-01-16 16:15:00+00:00,1.0631994810493204,1.0641424708486698,1.0630329982048725,1.0636910129445076,1256
2024-01-16 16:20:00+00:00,1.0636910129445076,1.0642066432827164,1.0635681379021882,1.0641053830797196,831
2024-01-16 16:25:00+00:00,1.0641053830797196,1.064121506293763,1.0638556933427534,1.064004499149615,350
2024-01-16 16:30:00+00:00,1.064004499149615,1.0640204473518458,1.0636442448441306,1.0638348405035989,708
2024-01-16 16:35:00+00:00,1.0638348405035989,1.0638991213415603,1.0628689014863733,1.0628939767458732,1360
2024-01-16 16:40:00+00:00,1.0628939767458732,1.0629856860825122,1.0619732554161203,1.0623166951158862,383
2024-01-16 16:45:00+00:00,1.0623166951158862,1.0625287597358033,1.0621529328565547,1.0624698595261766,1499
2024-01-16 16:50:00+00:00,1.0624698595261766,1.0625436736960292,1.0623549823919398,1.0623806746433253,354
2024-01-16 16:55:00+00:00,1.0623806746433253,1.062506389716843,1.0623665364153783,1.0624045394733437,1031
2024-01-16 17:00:00+00:00,1.0624045394733437,1.062977493211781,1.0623872261825111,1.0629406572815212,997
2024-01-16 17:05:00+00:00,1.0629406572815212,1.0630919569181103,1.0622206731502375,1.062293686168686,374
2024-01-16 17:10:00+00:00,1.062293686168686,1.0623062702347656,1.0619682747131651,1.0621523053414639,761
2024-01-16 17:15:00+00:00,1.0621523053414639,1.0623169341121683,1.0620798997003575,1.062236592949299,302
2024-01-16 17:20:00+00:00,1.062236592949299,1.0622682075919407,1.0617119498393,1.0618466671739144,610
2024-01-16 17:25:00+00:00,1.0618466671739144,1.0628074147890734,1.0617527925036265,1.0625907440751865,1443
2024-01-16 17:30:00+00:00,1.0625907440751865,1.0630946421195533,1.0624482588933217,1.063057533176817,176
2024-01-16 17:35:00+00:00,1.063057533176817,1.06344174775428,1.062804885993364,1.063195801523313,1319
2024-01-16 17:40:00+00:00,1.063195801523313,1.064297709261902,1.062983527469743,1.0641336634336613,1048
2024-01-16 17:45:00+00:00,1.0641336634336613,1.064455887055957,1.0629493873183682,1.0633201889662123,1148
2024-01-16 17:50:00+00:00,1.0633201889662123,1.0633481197748933,1.0631059715363618,1.063300131408035,494
2024-01-16 17:55:00+00:00,1.063300131408035,1.0637357167123977,1.0631933579812172,1.0634789449796676,1428
2024-01-16 18:00:00+00:00,1.0634789449796676,1.0634976212642688,1.0628415868351908,1.0629766877773477,454
2024-01-16 18:05:00+00:00,1.0629766877773477,1.063223200729101,1.062863411372332,1.063120569400845,804
2024-01-16 18:10:00+00:00,1.063120569400845,1.063495688394333,1.0622103555603157,1.0625164072868616,151
2024-01-16 18:15:00+00:00,1.0625164072868616,1.06293175244547,1.0623622640179993,1.0628673337811714,1342
2024-01-16 18:20:00+00:00,1.0628673337811714,1.0635356203106041,1.0627783795844323,1.0634135597809558,1086
2024-01-16 18:25:00+00:00,1.0634135597809558,1.0636425269669676,1.0633049208649872,1.0635424100933295,327
2024-01-16 18:30:00+00:00,1.0635424100933295,1.0635425150981834,1.0624595023874406,1.0625411924303534,1026
2024-01-16 18:35:00+00:00,1.0625411924303534,1.062642063925012,1.0619774158239137,1.06201162534206,355
2024-01-16 18:40:00+00:00,1.06201162534206,1.0623844874631139,1.061935245125454,1.0622955594618595,722
2024-01-16 18:45:00+00:00,1.0622955594618595,1.0624525540897718,1.062066156231002,1.0622908846409025,817
2024-01-16 18:50:00+00:00,1.0622908846409025,1.0624543961103945,1.060717819627482,1.060844043065646,1403
2024-01-16 18:55:00+00:00,1.060844043065646,1.0617495783413473,1.0608112535142658,1.061487355009634,565
2024-01-16 19:00:00+00:00,1.061487355009634,1.0616742407127697,1.0614631223867055,1.061543962275993,117
2024-01-16 19:05:00+00:00,1.061543962275993,1.0616178464343027,1.060782891107891,1.0610932972344476,705
2024-01-16 19:10:00+00:00,1.0610932972344476,1.0617006505884783,1.0610324196489167,1.0616052511928011,1397
2024-01-16 19:15:00+00:00,1.0616052511928011,1.0617872754498914,1.0611752037617905,1.0612296870962357,1217
2024-01-16 19:20:00+00:00,1.0612296870962357,1.0616597983840506,1.060832509935671,1.0608484657382562,182
2024-01-16 19:25:00+00:00,1.0608484657382562,1.0610967454272477,1.0608169523073616,1.0610226319412808,174
2024-01-16 19:30:00+00:00,1.0610226319412808,1.0620178002232197,1.0606690243072965,1.0619515776586086,1159
2024-01-16 19:35:00+00:00,1.0619515776586086,1.0628915634993275,1.0619414136522405,1.0627977338675012,1109
2024-01-16 19:40:00+00:00,1.0627977338675012,1.063081718871377,1.0627072983146966,1.0629729421844338,880
2024-01-16 19:45:00+00:00,1.0629729421844338,1.0632252299682097,1.0626746343270812,1.063202749312407,223
2024-01-16 19:50:00+00:00,1.063202749312407,1.0636737788422297,1.0631536789812048,1.0636075631915025,492
2024-01-16 19:55:00+00:00,1.0636075631915025,1.0640258248324137,1.0626672132565176,1.062923140406089,1286
2024-01-16 20:00:00+00:00,1.062923140406089,1.063269190796918,1.062805021418241,1.0632495366456893,295
2024-01-16 20:05:00+00:00,1.0632495366456893,1.0632786209265113,1.0626445971835388,1.062843336265206,382
2024-01-16 20:10:00+00:00,1.062843336265206,1.0631993369109,1.062556374069999,1.0629966397606827,733
2024-01-16 20:15:00+00:00,1.0629966397606827,1.062997515203397,1.0628019210411546,1.062859796149186,1128
2024-01-16 20:20:00+00:00,1.062859796149186,1.0633103005707758,1.0628486016902055,1.0631102103424361,1259
2024-01-16 20:25:00+00:00,1.0631102103424361,1.0631982021342021,1.0629219556504108,1.0631570421890437,928
2024-01-16 20:30:00+00:00,1.0631570421890437,1.063490514606616,1.0614073207634291,1.061507537946769,789
2024-01-16 20:35:00+00:00,1.061507537946769,1.061779386899298,1.0614145762689207,1.0615865627839256,639
2024-01-16 20:40:00+00:00,1.0615865627839256,1.0620127171215703,1.0614443298230363,1.06191148945819,161
2024-01-16 20:45:00+00:00,1.06191148945819,1.0621717352457676,1.0617705313384476,1.062132329004136,474
2024-01-16 20:50:00+00:00,1.062132329004136,1.0622793028778774,1.0618402807822138,1.0620619170942163,400
2024-01-16 20:55:00+00:00,1.0620619170942163,1.063231621646778,1.0619990582865904,1.062918024862815,180
2024-01-16 21:00:00+00:00,1.062918024862815,1.0631062260751643,1.0628506596370422,1.0630675631481425,1143
2024-01-16 21:05:00+00:00,1.0630675631481425,1.0633600960219494,1.0628658951439665,1.063284255279041,594
2024-01-16 21:10:00+00:00,1.063284255279041,1.063976130050372,1.0631160805301765,1.063823601908067,813
2024-01-16 21:15:00+00:00,1.063823601908067,1.0641078850389931,1.063539428472751,1.0640005120495204,380
2024-01-16 21:20:00+00:00,1.0640005120495204,1.0641030155420041,1.0634552870559306,1.0635068063671085,927
2024-01-16 21:25:00+00:00,1.0635068063671085,1.0637527013771442,1.0620995611137456,1.0621942595471259,290
2024-01-16 21:30:00+00:00,1.0621942595471259,1.0622529065493005,1.061899125135222,1.061924929091616,1048
2024-01-16 21:35:00+00:00,1.061924929091616,1.0625257747953496,1.061857960805919,1.0623130337294864,1133
2024-01-16 21:40:00+00:00,1.0623130337294864,1.0624794248000833,1.0620521240636502,1.062109549616467,536
2024-01-16 21:45:00+00:00,1.062109549616467,1.062691355559365,1.062006315266476,1.062519087573296,397
2024-01-16 21:50:00+00:00,1.062519087573296,1.0627021413118956,1.0624745471803547,1.0625821630498697,1192
2024-01-16 21:55:00+00:00,1.0625821630498697,1.0634905497984108,1.0624221482803191,1.063250562332969,412
2024-01-16 22:00:00+00:00,1.063250562332969,1.0633419113394444,1.063018524177702,1.0630776689096062,349
2024-01-16 22:05:00+00:00,1.0630776689096062,1.06332643728849,1.0629398800152399,1.0633102781844601,576
2024-01-16 22:10:00+00:00,1.0633102781844601,1.063734282405994,1.0632304195381854,1.0635632849246375,1453
2024-01-16 22:15:00+00:00,1.0635632849246375,1.0643553461261785,1.0634734923595976,1.0643458557855159,747
2024-01-16 22:20:00+00:00,1.0643458557855159,1.0643548041050725,1.0633919199776298,1.0634216644255163,467
2024-01-16 22:25:00+00:00,1.0634216644255163,1.0635028989394777,1.0628757617531706,1.063161972455394,819
2024-01-16 22:30:00+00:00,1.063161972455394,1.063702798872921,1.0628502162195228,1.0635970800539396,587
2024-01-16 22:35:00+00:00,1.0635970800539396,1.0645159848300971,1.0634636090648448,1.064403231588718,1030
2024-01-16 22:40:00+00:00,1.064403231588718,1.0645907875777278,1.0643842697033463,1.0645150319871783,714
2024-01-16 22:45:00+00:00,1.0645150319871783,1.0645197085841394,1.064125880463781,1.0643432702702227,923
2024-01-16 22:50:00+00:00,1.0643432702702227,1.0647952739570588,1.0643081456162815,1.064730222041417,710
2024-01-16 22:55:00+00:00,1.064730222041417,1.065189945038574,1.0646040503447944,1.06517671808423,774
2024-01-16 23:00:00+00:00,1.06517671808423,1.0654314912337324,1.0647087204729786,1.064969188810207,726
2024-01-16 23:05:00+00:00,1.064969188810207,1.0651998785969126,1.0647126208491673,1.0651290978275287,651
2024-01-16 23:10:00+00:00,1.0651290978275287,1.0658172855168648,1.0650676690098653,1.0657418278600481,1449
2024-01-16 23:15:00+00:00,1.0657418278600481,1.0670064204635246,1.0656020708391993,1.0667332123441235,472
2024-01-16 23:20:00+00:00,1.0667332123441235,1.0671200713402618,1.066731689819467,1.0671132920327722,1227
2024-01-16 23:25:00+00:00,1.0671132920327722,1.0672259820472993,1.06700667649988,1.0671208359350555,1093
2024-01-16 23:30:00+00:00,1.0671208359350555,1.0672546845998874,1.0669123990134695,1.067075976748988,839
2024-01-16 23:35:00+00:00,1.067075976748988,1.0673746888752722,1.0670662625906722,1.0673573628471886,544
2024-01-16 23:40:00+00:00,1.0673573628471886,1.0675103952474712,1.067157755720092,1.067279620356695,777
2024-01-16 23:45:00+00:00,1.067279620356695,1.0674818843222322,1.0671735642313933,1.0673648108822902,1289
2024-01-16 23:50:00+00:00,1.0673648108822902,1.0675429994690058,1.0667449399890856,1.066784230460613,354
2024-01-16 23:55:00+00:00,1.066784230460613,1.0676176743458141,1.066623859600807,1.067460068778767,920
2024-01-17 00:00:00+00:00,1.067460068778767,1.0677114521337465,1.0667823617168812,1.066835506044104,1170
2024-01-17 00:05:00+00:00,1.066835506044104,1.0668626612483878,1.0665043186020426,1.066589007427198,987
2024-01-17 00:10:00+00:00,1.066589007427198,1.0668373755452203,1.0665443638989205,1.0666250545416982,301
2024-01-17 00:15:00+00:00,1.0666250545416982,1.067777168386172,1.0664625559112315,1.0676708734105567,812
2024-01-17 00:20:00+00:00,1.0676708734105567,1.067795879496365,1.067254395165265,1.067429215191649,356
2024-01-17 00:25:00+00:00,1.067429215191649,1.0676805940342406,1.0669065955685133,1.0670577413846207,1399
2024-01-17 00:30:00+00:00,1.0670577413846207,1.0672628230036476,1.0666515972624262,1.0667478587906365,592
2024-01-17 00:35:00+00:00,1.0667478587906365,1.0679282228972642,1.0666775904672596,1.0676166700735066,690
2024-01-17 00:40:00+00:00,1.0676166700735066,1.0677159350398677,1.065867035886273,1.0660994015573064,1300
2024-01-17 00:45:00+00:00,1.0660994015573064,1.0661359917825768,1.0653329963670568,1.0655489008689478,697
2024-01-17 00:50:00+00:00,1.0655489008689478,1.0672097425483371,1.065373149187226,1.0669880784764352,371
2024-01-17 00:55:00+00:00,1.0669880784764352,1.067336629847392,1.0669561600594297,1.0672873057193586,1350
2024-01-17 01:00:00+00:00,1.0672873057193586,1.067375757692232,1.0665819699176529,1.0666810945613996,1007
2024-01-17 01:05:00+00:00,1.0666810945613996,1.0667149366212954,1.0665951094962256,1.066642737785427,946
2024-01-17 01:10:00+00:00,1.066642737785427,1.066671435183355,1.0665012018473958,1.0666627131058737,205
2024-01-17 01:15:00+00:00,1.0666627131058737,1.0671734861842328,1.0665484288514346,1.0670979782903895,728
2024-01-17 01:20:00+00:00,1.0670979782903895,1.068079029560664,1.0670802393565793,1.0680634362548516,743
2024-01-17 01:25:00+00:00,1.0680634362548516,1.06840474021229,1.0679058455890038,1.0682549142252427,467
2024-01-17 01:30:00+00:00,1.0682549142252427,1.068691267671781,1.0678529904166256,1.0679505746478617,890
2024-01-17 01:35:00+00:00,1.0679505746478617,1.0683852861136705,1.0676088803741186,1.0683548390303597,443
2024-01-17 01:40:00+00:00,1.0683548390303597,1.068547541896526,1.0676607079128673,1.0679658228839946,759
2024-01-17 01:45:00+00:00,1.0679658228839946,1.0682653950681196,1.0671442233529962,1.0673980188320409,1222
2024-01-17 01:50:00+00:00,1.0673980188320409,1.067515212944409,1.0661623115472243,1.066442746240133,1129
2024-01-17 01:55:00+00:00,1.066442746240133,1.0667122709317873,1.065516419422552,1.0655921896873146,491
2024-01-17 02:00:00+00:00,1.0655921896873146,1.0656191922189602,1.06504404185103,1.0650985833260447,390
2024-01-17 02:05:00+00:00,1.0650985833260447,1.0650990406648795,1.064386514742883,1.0644553757407778,108
2024-01-17 02:10:00+00:00,1.0644553757407778,1.0646906649330974,1.0643641720433716,1.0646061220628629,583
2024-01-17 02:15:00+00:00,1.0646061220628629,1.0646066321608312,1.0639038669510283,1.063951707707739,127
2024-01-17 02:20:00+00:00,1.063951707707739,1.0640765662923592,1.0621094871193584,1.062263393866872,279
2024-01-17 02:25:00+00:00,1.062263393866872,1.0623454919944302,1.0615627051495422,1.0616930052836775,1469
2024-01-17 02:30:00+00:00,1.0616930052836775,1.0618701200278557,1.0613214056312132,1.0614265948448676,1297
2024-01-17 02:35:00+00:00,1.0614265948448676,1.0615107198699572,1.0608619993895434,1.0610893533518138,883
2024-01-17 02:40:00+00:00,1.0610893533518138,1.0618814272512154,1.060808550738297,1.0618796127411985,1184
2024-01-17 02:45:00+00:00,1.0618796127411985,1.0619369998135193,1.0614853084453346,1.0615379303793784,784
2024-01-17 02:50:00+00:00,1.0615379303793784,1.0620798459816356,1.061342466902836,1.061989574145396,941
2024-01-17 02:55:00+00:00,1.061989574145396,1.062070028831499,1.0616812114247445,1.0619635646403083,1385
2024-01-17 03:00:00+00:00,1.0619635646403083,1.062087885770093,1.0617629922914504,1.0619251721482006,210
2024-01-17 03:05:00+00:00,1.0619251721482006,1.0621052503387538,1.0614118769828136,1.0614656875920963,592
2024-01-17 03:10:00+00:00,1.0614656875920963,1.0616707125561071,1.0613776923994727,1.0614185677229429,266
2024-01-17 03:15:00+00:00,1.0614185677229429,1.0615705379114386,1.0609280690217904,1.060996602826836,1212
2024-01-17 03:20:00+00:00,1.060996602826836,1.061289752564159,1.0608749648519633,1.061070885487705,1251
2024-01-17 03:25:00+00:00,1.061070885487705,1.0611580238386384,1.0608907274561274,1.0609296306209803,1110
2024-01-17 03:30:00+00:00,1.0609296306209803,1.0611869446528275,1.0603309876308669,1.0604126247944032,952
2024-01-17 03:35:00+00:00,1.0604126247944032,1.0611803096714332,1.0602828801884092,1.0609226272451717,767
2024-01-17 03:40:00+00:00,1.0609226272451717,1.061250582925887,1.0608949252347313,1.0611331357675027,132
2024-01-17 03:45:00+00:00,1.0611331357675027,1.061245956957051,1.0607570340816808,1.0608794916634154,1184
2024-01-17 03:50:00+00:00,1.0608794916634154,1.0612991248240737,1.0608478130186567,1.0609407537659303,1351
2024-01-17 03:55:00+00:00,1.0609407537659303,1.0613122520900573,1.060861475413016,1.0608803742900512,1452
2024-01-17 04:00:00+00:00,1.0608803742900512,1.0609542649809267,1.06011089978612,1.0604042559853097,578
2024-01-17 04:05:00+00:00,1.0604042559853097,1.060560691560021,1.0603629974826052,1.0604257271721125,380
2024-01-17 04:10:00+00:00,1.0604257271721125,1.060479377345196,1.0597425565484715,1.0600805523653678,1015
2024-01-17 04:15:00+00:00,1.0600805523653678,1.0602776920964976,1.059342069892665,1.0595637981658759,124
2024-01-17 04:20:00+00:00,1.0595637981658759,1.0595700528865182,1.0586168481117444,1.058688191950905,184
2024-01-17 04:25:00+00:00,1.058688191950905,1.0587091133013002,1.0584616841051087,1.0584824849426566,1250
2024-01-17 04:30:00+00:00,1.0584824849426566,1.0588102944187259,1.0584130672214611,1.0587666719617055,1439
2024-01-17 04:35:00+00:00,1.0587666719617055,1.0588496545400436,1.0582327178662556,1.058383049375764,665
2024-01-17 04:40:00+00:00,1.058383049375764,1.0597880772615134,1.0580753697875394,1.0597011113061203,810
2024-01-17 04:45:00+00:00,1.0597011113061203,1.0601976185505193,1.0596928702932011,1.0601544968251726,862
2024-01-17 04:50:00+00:00,1.0601544968251726,1.0609532424972319,1.0598781541218039,1.0608299902354623,293
2024-01-17 04:55:00+00:00,1.0608299902354623,1.0613876228884227,1.060777838767016,1.0612358866039755,411
2024-01-17 05:00:00+00:00,1.0612358866039755,1.0623072102612952,1.0610438816996346,1.0622031314678946,517
2024-01-17 05:05:00+00:00,1.0622031314678946,1.0623783020058526,1.0617443058078846,1.0617692204352644,1278
2024-01-17 05:10:00+00:00,1.0617692204352644,1.0619490190052734,1.0602504312037815,1.0603938378281028,713
2024-01-17 05:15:00+00:00,1.0603938378281028,1.0606641549967648,1.0599837956657465,1.060141397497538,1109
2024-01-17 05:20:00+00:00,1.060141397497538,1.060422056486692,1.0599955243320405,1.0604213906869706,372
2024-01-17 05:25:00+00:00,1.0604213906869706,1.060946940827034,1.0601793508835637,1.0604858202850571,1434
2024-01-17 05:30:00+00:00,1.0604858202850571,1.0608174245863418,1.0604744204778966,1.0606159803966568,1336
2024-01-17 05:35:00+00:00,1.0606159803966568,1.0613888254123798,1.0603489081055233,1.0613005602856997,765
2024-01-17 05:40:00+00:00,1.0613005602856997,1.061554971877201,1.0612394080530911,1.0614873797362145,415
2024-01-17 05:45:00+00:00,1.0614873797362145,1.06201136860734,1.0614649234210198,1.0618954754205916,1467
2024-01-17 05:50:00+00:00,1.0618954754205916,1.0621134382128095,1.061309220929296,1.0613806882762367,1231
2024-01-17 05:55:00+00:00,1.0613806882762367,1.0615987424433702,1.0606210881217317,1.060783452712016,815
2024-01-17 06:00:00+00:00,1.060783452712016,1.0616503148423768,1.0606141683962502,1.0616236536303936,474
2024-01-17 06:05:00+00:00,1.0616236536303936,1.0616757298551451,1.0614506142061935,1.0616612890037889,969
2024-01-17 06:10:00+00:00,1.0616612890037889,1.061665076691618,1.0612751315866154,1.0613145349353328,618
2024-01-17 06:15:00+00:00,1.0613145349353328,1.0614967424981825,1.0608926938093035,1.0609688677133435,1043
2024-01-17 06:20:00+00:00,1.0609688677133435,1.0610890514272393,1.0605696644737599,1.0606086034686422,1265
2024-01-17 06:25:00+00:00,1.0606086034686422,1.0608801675295827,1.0601646171638834,1.0602167303209762,785
2024-01-17 06:30:00+00:00,1.0602167303209762,1.060268090711678,1.059446178615516,1.059520619686124,167
2024-01-17 06:35:00+00:00,1.059520619686124,1.0598454143684073,1.0586771766644794,1.0587098636996535,887
2024-01-17 06:40:00+00:00,1.0587098636996535,1.0587576809015784,1.058405781792246,1.0585907565226542,1302
2024-01-17 06:45:00+00:00,1.0585907565226542,1.058779218645514,1.0580364938881635,1.0582610447384944,412
2024-01-17 06:50:00+00:00,1.0582610447384944,1.058922976980643,1.0580670508869343,1.0588310025938759,1443
2024-01-17 06:55:00+00:00,1.0588310025938759,1.059135853066276,1.058797925957517,1.0589702794521445,607
2024-01-17 07:00:00+00:00,1.0589702794521445,1.0591934283097535,1.0588369627144716,1.0590948766668606,1057
2024-01-17 07:05:00+00:00,1.0590948766668606,1.0594777926030792,1.0583865931648628,1.0586854727355168,1082
2024-01-17 07:10:00+00:00,1.0586854727355168,1.05877888684776,1.0583225681014015,1.0586055269406387,354
2024-01-17 07:15:00+00:00,1.0586055269406387,1.0588439568614505,1.0584791678974874,1.0587807267395024,154
2024-01-17 07:20:00+00:00,1.0587807267395024,1.0592135970512304,1.0585782276011533,1.0591439921514918,1428
2024-01-17 07:25:00+00:00,1.0591439921514918,1.0592960006989987,1.0590690674436263,1.059078382509625,1080
2024-01-17 07:30:00+00:00,1.059078382509625,1.0596437216914822,1.05891246464694,1.0596339346672545,983
2024-01-17 07:35:00+00:00,1.0596339346672545,1.0599071366216577,1.0594969813825186,1.0596222730296514,525
2024-01-17 07:40:00+00:00,1.0596222730296514,1.0601108397704604,1.0594213743618799,1.0600264379285003,251
2024-01-17 07:45:00+00:00,1.0600264379285003,1.0602501766263157,1.0596634840759391,1.0597509093860402,480
2024-01-17 07:50:00+00:00,1.0597509093860402,1.0598451964095732,1.0586148461415597,1.0587745670374926,866
2024-01-17 07:55:00+00:00,1.0587745670374926,1.0589059072122284,1.0587713660567803,1.058900751254662,1070
2024-01-17 08:00:00+00:00,1.058900751254662,1.0593550796851128,1.0588616275571738,1.0592688908410774,546
2024-01-17 08:05:00+00:00,1.0592688908410774,1.0595992492777544,1.0590191686377877,1.0595577255727209,400
2024-01-17 08:10:00+00:00,1.0595577255727209,1.0598220820495527,1.0594490757395711,1.0597654977762174,449
2024-01-17 08:15:00+00:00,1.0597654977762174,1.0597983830000803,1.0595317137077633,1.059564891074004,1446
2024-01-17 08:20:00+00:00,1.059564891074004,1.0596763978565922,1.058975091863465,1.0591215975986192,982
2024-01-17 08:25:00+00:00,1.0591215975986192,1.059451130482874,1.0590698319719114,1.0593978844375302,1486
2024-01-17 08:30:00+00:00,1.0593978844375302,1.0598754032673674,1.0593733323752406,1.0596078822145358,108
2024-01-17 08:35:00+00:00,1.0596078822145358,1.0597417024779712,1.0592060575476387,1.0592948215474098,741
2024-01-17 08:40:00+00:00,1.0592948215474098,1.0600629021183876,1.0592943961673136,1.059866535774342,740
2024-01-17 08:45:00+00:00,1.059866535774342,1.0599011372989102,1.0591047006927183,1.0593827779690763,661
2024-01-17 08:50:00+00:00,1.0593827779690763,1.0594857571325202,1.0588434325823755,1.0590577999183899,648
2024-01-17 08:55:00+00:00,1.0590577999183899,1.0600419010447617,1.0590552725905396,1.0599084484939478,210
2024-01-17 09:00:00+00:00,1.0599084484939478,1.0606351221223462,1.0597336663835364,1.060352858534227,145
2024-01-17 09:05:00+00:00,1.060352858534227,1.0603674672395944,1.0597559971488812,1.0601471451459075,1189
2024-01-17 09:10:00+00:00,1.0601471451459075,1.0603566948212666,1.0599834899754514,1.0602835758581797,716
2024-01-17 09:15:00+00:00,1.0602835758581797,1.06035800673195,1.060194815562103,1.0603497334418113,327
2024-01-17 09:20:00+00:00,1.0603497334418113,1.0605635118702754,1.0588447091553832,1.058878172730878,586
2024-01-17 09:25:00+00:00,1.058878172730878,1.0590087017391558,1.0582452563463125,1.058382366818664,1406
2024-01-17 09:30:00+00:00,1.058382366818664,1.058707667168826,1.058202915074155,1.0583395835016811,754
2024-01-17 09:35:00+00:00,1.0583395835016811,1.0584682235165441,1.058104139128042,1.0581350003871417,1486
2024-01-17 09:40:00+00:00,1.0581350003871417,1.0583351179952216,1.0580946514430103,1.0582498622984022,326
2024-01-17 09:45:00+00:00,1.0582498622984022,1.0591109255615379,1.0581836462925083,1.0588316258015407,271
2024-01-17 09:50:00+00:00,1.0588316258015407,1.0588568014913726,1.058578672940353,1.0586455171983442,889
2024-01-17 09:55:00+00:00,1.0586455171983442,1.0588409259010751,1.0578480732558238,1.058069796761257,1056
2024-01-17 10:00:00+00:00,1.058069796761257,1.0584263045521558,1.0580534649506228,1.0582257835784545,1473
2024-01-17 10:05:00+00:00,1.0582257835784545,1.0585965852507748,1.057802764396544,1.058037089575151,752
2024-01-17 10:10:00+00:00,1.058037089575151,1.0581700660457047,1.0578794426686293,1.0579386585327082,380
2024-01-17 10:15:00+00:00,1.0579386585327082,1.057952466354652,1.0577080476699516,1.057768450104312,857
2024-01-17 10:20:00+00:00,1.057768450104312,1.0591319041186116,1.0573868427672746,1.0589382562251122,529
2024-01-17 10:25:00+00:00,1.0589382562251122,1.0589448656436256,1.0574737738358544,1.05773598841984,351
2024-01-17 10:30:00+00:00,1.05773598841984,1.0577572089025071,1.0572484719035233,1.0575147450075804,223
2024-01-17 10:35:00+00:00,1.0575147450075804,1.0577510192722275,1.0573704105874369,1.057496931686896,1112
2024-01-17 10:40:00+00:00,1.057496931686896,1.0579451771892676,1.0567204484289494,1.0570680413385212,999
2024-01-17 10:45:00+00:00,1.0570680413385212,1.057606348804909,1.0570550050266923,1.057527773882858,333
2024-01-17 10:50:00+00:00,1.057527773882858,1.0580203991585302,1.0574916871467226,1.0579419322575343,882
2024-01-17 10:55:00+00:00,1.0579419322575343,1.0580957098111288,1.0575581617275274,1.0579008023218717,1339
2024-01-17 11:00:00+00:00,1.0579008023218717,1.0581886975763781,1.0576899911036686,1.057741760818364,1245
2024-01-17 11:05:00+00:00,1.057741760818364,1.057920482715796,1.057494809874197,1.0576666839824638,735
2024-01-17 11:10:00+00:00,1.0576666839824638,1.0578572512121018,1.05753063920003,1.0575954043059594,180
2024-01-17 11:15:00+00:00,1.0575954043059594,1.0576293386837667,1.057353836990647,1.057538096897711,988
2024-01-17 11:20:00+00:00,1.057538096897711,1.0578365403588976,1.0571376863938977,1.0574228257202394,822
2024-01-17 11:25:00+00:00,1.0574228257202394,1.0576834756495381,1.0573353386854765,1.0575404372116475,1390
2024-01-17 11:30:00+00:00,1.0575404372116475,1.0581823356476872,1.0571787787541966,1.0579228502132647,874
2024-01-17 11:35:00+00:00,1.0579228502132647,1.0580503089683,1.0570939814313247,1.057256221209586,1133
2024-01-17 11:40:00+00:00,1.057256221209586,1.0572567289310941,1.056439402734985,1.0566849518943355,839
2024-01-17 11:45:00+00:00,1.0566849518943355,1.0567554866548334,1.055459804504873,1.0557452852751215,857
2024-01-17 11:50:00+00:00,1.0557452852751215,1.0562281359367438,1.055712334069631,1.0561867965811436,544
2024-01-17 11:55:00+00:00,1.0561867965811436,1.0565438397882059,1.056086729781189,1.056303147857767,663
2024-01-17 12:00:00+00:00,1.056303147857767,1.0566687824128544,1.0562321711730236,1.056554161144344,514
2024-01-17 12:05:00+00:00,1.056554161144344,1.056656339137599,1.0557013454442667,1.0557831416758814,746
2024-01-17 12:10:00+00:00,1.0557831416758814,1.056904431950875,1.0556382803866946,1.0567095639972077,1432
2024-01-17 12:15:00+00:00,1.0567095639972077,1.0569789247437207,1.0561724191419766,1.0563720240649048,578
2024-01-17 12:20:00+00:00,1.0563720240649048,1.0565722815651577,1.056301918969674,1.0564450224390025,748
2024-01-17 12:25:00+00:00,1.0564450224390025,1.0571559371770203,1.0564266357955863,1.056880480974677,1424
2024-01-17 12:30:00+00:00,1.056880480974677,1.0572010637473352,1.0561586788779285,1.0563430679479533,311
2024-01-17 12:35:00+00:00,1.0563430679479533,1.0564242991240833,1.055991884611454,1.056038669827451,454
2024-01-17 12:40:00+00:00,1.056038669827451,1.0562809244625682,1.0558538830930797,1.0561174354086638,790
2024-01-17 12:45:00+00:00,1.0561174354086638,1.0580995864653835,1.0558832661536,1.057610507215237,673
2024-01-17 12:50:00+00:00,1.057610507215237,1.057784819087862,1.05754182026632,1.0577538794036403,577
2024-01-17 12:55:00+00:00,1.0577538794036403,1.0587625912935559,1.0576410691719167,1.0585875804648508,1189
2024-01-17 13:00:00+00:00,1.0585875804648508,1.0593567445183025,1.0585330858440791,1.0592098569599437,798
2024-01-17 13:05:00+00:00,1.0592098569599437,1.0595826929402459,1.0590730321844415,1.059388868741147,610
2024-01-17 13:10:00+00:00,1.059388868741147,1.059435543620078,1.0587006507256216,1.0588490064133802,770
2024-01-17 13:15:00+00:00,1.0588490064133802,1.0597972348366176,1.0587646257012535,1.059394183207213,1341
2024-01-17 13:20:00+00:00,1.059394183207213,1.0594598115391005,1.0584613118221775,1.0585847476035926,1477
2024-01-17 13:25:00+00:00,1.0585847476035926,1.0597154841194276,1.0585074262827712,1.0594161998267497,440
2024-01-17 13:30:00+00:00,1.0594161998267497,1.0596859152670404,1.0594152194379132,1.059506253015541,156
2024-01-17 13:35:00+00:00,1.059506253015541,1.05969421867337,1.0580034032474042,1.05808639621162,143
2024-01-17 13:40:00+00:00,1.05808639621162,1.0581616843725907,1.0578020166036117,1.0578903824821866,723
2024-01-17 13:45:00+00:00,1.0578903824821866,1.0583031604064992,1.0577206233203278,1.0582204166816493,980
2024-01-17 13:50:00+00:00,1.0582204166816493,1.0582548774269847,1.0580163216804734,1.0580791316245532,171
2024-01-17 13:55:00+00:00,1.0580791316245532,1.058479933685025,1.0579045470703112,1.0584415268013803,811
2024-01-17 14:00:00+00:00,1.0584415268013803,1.0586236728537164,1.057936990468784,1.0579757997395325,659
2024-01-17 14:05:00+00:00,1.0579757997395325,1.0580745870591681,1.05711705744743,1.0572690812298884,1406
2024-01-17 14:10:00+00:00,1.0572690812298884,1.0575293573899616,1.0571336143408723,1.057215453685851,944
2024-01-17 14:15:00+00:00,1.057215453685851,1.0575064761038693,1.0571183622631302,1.0572162813096782,692
2024-01-17 14:20:00+00:00,1.0572162813096782,1.057235616999908,1.0567547888889832,1.05701626426141,921
2024-01-17 14:25:00+00:00,1.05701626426141,1.0576825555567968,1.056869309240696,1.0576490423689386,289
2024-01-17 14:30:00+00:00,1.0576490423689386,1.0576922423186217,1.057077124204864,1.0571835671252376,765
2024-01-17 14:35:00+00:00,1.0571835671252376,1.0574362580181174,1.0570648586988722,1.057333246138661,561
2024-01-17 14:40:00+00:00,1.057333246138661,1.057652395946477,1.057177656391092,1.0573533195950944,353
2024-01-17 14:45:00+00:00,1.0573533195950944,1.0573787920278939,1.0563606437929949,1.0565144599054714,650
2024-01-17 14:50:00+00:00,1.0565144599054714,1.0565513663504391,1.0554515289734054,1.055801824957524,994
2024-01-17 14:55:00+00:00,1.055801824957524,1.0558330609406805,1.0556713261294883,1.055792275766496,916
2024-01-17 15:00:00+00:00,1.055792275766496,1.0569812913382093,1.055539289729124,1.0568223067100406,1449
2024-01-17 15:05:00+00:00,1.0568223067100406,1.0572038842902711,1.0565700537082083,1.0571125470048492,484
2024-01-17 15:10:00+00:00,1.0571125470048492,1.0571826364050168,1.0561477981935499,1.0561845952040396,1079
2024-01-17 15:15:00+00:00,1.0561845952040396,1.0563011954651207,1.0544512211652948,1.054526127646139,870
2024-01-17 15:20:00+00:00,1.054526127646139,1.0551855388648732,1.0543298698018402,1.0548968218376182,1323
2024-01-17 15:25:00+00:00,1.0548968218376182,1.055179562823775,1.0548209274154368,1.0548302507366114,1371
2024-01-17 15:30:00+00:00,1.0548302507366114,1.055428390263732,1.0548086702107278,1.0554163492172381,1090
2024-01-17 15:35:00+00:00,1.0554163492172381,1.0554476434543776,1.0548364858242312,1.0549357559257162,693
2024-01-17 15:40:00+00:00,1.0549357559257162,1.0551964217425172,1.0545623025729114,1.055104657732459,846
2024-01-17 15:45:00+00:00,1.055104657732459,1.0555384012254614,1.0550935044928398,1.0555352319436382,1012
2024-01-17 15:50:00+00:00,1.0555352319436382,1.0556273587844205,1.0551708751167876,1.0552832420975886,1228
2024-01-17 15:55:00+00:00,1.0552832420975886,1.0554804104697493,1.0548724115780408,1.0550425923679747,420
2024-01-17 16:00:00+00:00,1.0550425923679747,1.0550787203536274,1.054975777842018,1.0550770199012285,1322
2024-01-17 16:05:00+00:00,1.0550770199012285,1.0555967036678167,1.0548473329721297,1.0553844041128762,1221
2024-01-17 16:10:00+00:00,1.0553844041128762,1.0554591912190605,1.055256795491017,1.0553979478585533,223
2024-01-17 16:15:00+00:00,1.0553979478585533,1.0562305341687115,1.0553213893998166,1.055933032685557,477
2024-01-17 16:20:00+00:00,1.055933032685557,1.055988201506357,1.0556468918213193,1.0557102650335572,430
2024-01-17 16:25:00+00:00,1.0557102650335572,1.0559428906924184,1.0550201598775348,1.0550301790116436,911
2024-01-17 16:30:00+00:00,1.0550301790116436,1.0561549201731053,1.0548418211355393,1.0560941639534849,392
2024-01-17 16:35:00+00:00,1.0560941639534849,1.0562359331402997,1.0556771800808957,1.055796010756518,520
2024-01-17 16:40:00+00:00,1.055796010756518,1.0558320207892513,1.0554873823119948,1.0555170472345656,364
2024-01-17 16:45:00+00:00,1.0555170472345656,1.05577760059758,1.055461971783177,1.055503429311932,194
2024-01-17 16:50:00+00:00,1.055503429311932,1.055666457132764,1.0554239672593995,1.0555599943263305,743
2024-01-17 16:55:00+00:00,1.0555599943263305,1.0557977135925056,1.0552753230645568,1.0553770216344815,547
2024-01-17 17:00:00+00:00,1.0553770216344815,1.0556572239115964,1.0551365447548002,1.0553889295077954,806
2024-01-17 17:05:00+00:00,1.0553889295077954,1.0554076820411948,1.0552373780255608,1.055389054976955,396
2024-01-17 17:10:00+00:00,1.055389054976955,1.0555911233983473,1.0552800250956018,1.0555024139602225,500
2024-01-17 17:15:00+00:00,1.0555024139602225,1.0555721730521606,1.0541946944963365,1.0542793571565805,1349
2024-01-17 17:20:00+00:00,1.0542793571565805,1.0553873193575807,1.0542146596909188,1.0552919272756454,1227
2024-01-17 17:25:00+00:00,1.0552919272756454,1.0552938126893634,1.0550361983300003,1.0552353170300635,472
2024-01-17 17:30:00+00:00,1.0552353170300635,1.0556060555637845,1.0550550774346217,1.0555627684833575,326
2024-01-17 17:35:00+00:00,1.0555627684833575,1.0557326722878047,1.0547672142176463,1.054856543505067,1464
2024-01-17 17:40:00+00:00,1.054856543505067,1.0549261766432783,1.0543937081467365,1.0546292217821513,1053
2024-01-17 17:45:00+00:00,1.0546292217821513,1.0548382516750492,1.0540874822302406,1.0542957923871423,789
2024-01-17 17:50:00+00:00,1.0542957923871423,1.0552253991557616,1.0542464946735668,1.0550916400934367,1079
2024-01-17 17:55:00+00:00,1.0550916400934367,1.0551057139930735,1.0545723297785605,1.0548036984066258,409
2024-01-17 18:00:00+00:00,1.0548036984066258,1.055243254049919,1.0546884433694037,1.0552246072675502,699
2024-01-17 18:05:00+00:00,1.0552246072675502,1.0557097037335756,1.0548081817611359,1.05490254192633,647
2024-01-17 18:10:00+00:00,1.05490254192633,1.0551154944058383,1.054587308518699,1.054684905542186,1109
2024-01-17 18:15:00+00:00,1.054684905542186,1.0547046965020705,1.0544923975927734,1.0545765102139018,356
2024-01-17 18:20:00+00:00,1.0545765102139018,1.0554999224420563,1.054574734278993,1.0552745582008591,784
2024-01-17 18:25:00+00:00,1.0552745582008591,1.0553359412862002,1.054096073728929,1.054298506977112,1267
2024-01-17 18:30:00+00:00,1.054298506977112,1.054353397950665,1.0534546654029318,1.0536260418862464,374
2024-01-17 18:35:00+00:00,1.0536260418862464,1.0537595700259326,1.0525983824284533,1.052621248690049,267
2024-01-17 18:40:00+00:00,1.052621248690049,1.0526922479731498,1.051678703751945,1.0520699371953945,1249
2024-01-17 18:45:00+00:00,1.0520699371953945,1.0521001294353367,1.05147891822255,1.0516640485866957,1322
2024-01-17 18:50:00+00:00,1.0516640485866957,1.0517319310762847,1.0505855325979507,1.0508361359216456,702
2024-01-17 18:55:00+00:00,1.0508361359216456,1.0510569772917882,1.0502521828677354,1.05047141815374,164
2024-01-17 19:00:00+00:00,1.05047141815374,1.0505741703892317,1.049369422299647,1.0494342275931223,856
2024-01-17 19:05:00+00:00,1.0494342275931223,1.04949435021236,1.048858902063028,1.0489210601726615,519
2024-01-17 19:10:00+00:00,1.0489210601726615,1.0495832345458431,1.048776104870357,1.0495716117131282,922
2024-01-17 19:15:00+00:00,1.0495716117131282,1.0498924182343201,1.0494283733021792,1.049804400436059,295
2024-01-17 19:20:00+00:00,1.049804400436059,1.0499607449864572,1.049804305016748,1.0499237987176608,1227
2024-01-17 19:25:00+00:00,1.0499237987176608,1.0499635135968148,1.049415118846166,1.0494183766580947,1059
2024-01-17 19:30:00+00:00,1.0494183766580947,1.0496892546007912,1.0483813246537257,1.0486333671335633,1003
2024-01-17 19:35:00+00:00,1.0486333671335633,1.0487182646771915,1.0476965025979426,1.0480570612653168,817
2024-01-17 19:40:00+00:00,1.0480570612653168,1.048166462369499,1.0480145810187225,1.048055379224445,408
2024-01-17 19:45:00+00:00,1.048055379224445,1.0486487963178885,1.0480450644294328,1.0485312890040845,1415
2024-01-17 19:50:00+00:00,1.0485312890040845,1.0492324866949432,1.0484327945725926,1.0490253398653866,472
2024-01-17 19:55:00+00:00,1.0490253398653866,1.0494066636045507,1.0489833248995126,1.0493770845461226,612
2024-01-17 20:00:00+00:00,1.0493770845461226,1.0495381604573815,1.0489547717361256,1.0490110844519622,1396
2024-01-17 20:05:00+00:00,1.0490110844519622,1.0490475688361454,1.0490106233445864,1.049044941196808,157
2024-01-17 20:10:00+00:00,1.049044941196808,1.0490998118068589,1.0488950752200654,1.0488973707178684,275
2024-01-17 20:15:00+00:00,1.0488973707178684,1.0489470129328258,1.048686211834794,1.0488128349583103,1166
2024-01-17 20:20:00+00:00,1.0488128349583103,1.0499909219234802,1.0487770882803522,1.049902094157401,615
2024-01-17 20:25:00+00:00,1.049902094157401,1.0499908422046216,1.0488873095943843,1.0489981283299163,911
2024-01-17 20:30:00+00:00,1.0489981283299163,1.0490764221317441,1.048894476942358,1.0488960205221505,912
2024-01-17 20:35:00+00:00,1.0488960205221505,1.0496070151194183,1.0488596365394325,1.049552497745876,1258
2024-01-17 20:40:00+00:00,1.049552497745876,1.0498129021371538,1.0487662613929303,1.0488042237558124,968
2024-01-17 20:45:00+00:00,1.0488042237558124,1.0488760214610808,1.0483298547961242,1.048487617330962,696
2024-01-17 20:50:00+00:00,1.048487617330962,1.0486082972900768,1.0481805144899183,1.048231241926413,868
2024-01-17 20:55:00+00:00,1.048231241926413,1.0482649437781577,1.0481103243475827,1.0481351769199228,1133
2024-01-17 21:00:00+00:00,1.0481351769199228,1.0481589419016881,1.047290229904264,1.0473197502035407,630
2024-01-17 21:05:00+00:00,1.0473197502035407,1.0479492680751703,1.0473025889256027,1.0476524240225513,339
2024-01-17 21:10:00+00:00,1.0476524240225513,1.0480351421275147,1.0476476398249859,1.0480223958143418,780
2024-01-17 21:15:00+00:00,1.0480223958143418,1.0483906590448118,1.0480135356598923,1.0483097506253072,1499
2024-01-17 21:20:00+00:00,1.0483097506253072,1.048409940588748,1.04778666682707,1.047874506215596,257
2024-01-17 21:25:00+00:00,1.047874506215596,1.0479592387854972,1.0477542782468479,1.0479407899318098,343
2024-01-17 21:30:00+00:00,1.0479407899318098,1.0482515860175206,1.0473603584336013,1.047490468690033,1493
2024-01-17 21:35:00+00:00,1.047490468690033,1.0476911282260908,1.0470569776334548,1.0473372225833688,1261
2024-01-17 21:40:00+00:00,1.0473372225833688,1.0485505156057564,1.0472423920036764,1.0484858728867033,263
2024-01-17 21:45:00+00:00,1.0484858728867033,1.0487462725676695,1.0483810601484334,1.048557010229916,397
2024-01-17 21:50:00+00:00,1.048557010229916,1.0486809123986396,1.0476552831018922,1.0479553867120779,1067
2024-01-17 21:55:00+00:00,1.0479553867120779,1.0481071884182471,1.047825066690207,1.0480708375156436,1195
2024-01-17 22:00:00+00:00,1.0480708375156436,1.0481777068139637,1.0471545699968225,1.0473834099882042,1127
2024-01-17 22:05:00+00:00,1.0473834099882042,1.0474600726182686,1.0466218896675203,1.0467764458596422,1305
2024-01-17 22:10:00+00:00,1.0467764458596422,1.0469060669424277,1.046200331064932,1.046252469800584,809
2024-01-17 22:15:00+00:00,1.046252469800584,1.0465338228089924,1.0459434479015157,1.0460409649191222,1327
2024-01-17 22:20:00+00:00,1.0460409649191222,1.0467155878395633,1.0459219745935193,1.0465519397145433,934
2024-01-17 22:25:00+00:00,1.0465519397145433,1.0471997024572208,1.0464758319422307,1.0468755326313686,766
2024-01-17 22:30:00+00:00,1.0468755326313686,1.047311186040326,1.0467609584915318,1.0471702256484325,991
2024-01-17 22:35:00+00:00,1.0471702256484325,1.0474071076772777,1.0464693318376095,1.0466157885102856,700
2024-01-17 22:40:00+00:00,1.0466157885102856,1.0469388477565378,1.046344946981257,1.0463534467505826,948
2024-01-17 22:45:00+00:00,1.0463534467505826,1.046553503893013,1.0462940155043134,1.0465166784673712,1267
2024-01-17 22:50:00+00:00,1.0465166784673712,1.0466168974893855,1.0460801685835581,1.046208835128879,1441
2024-01-17 22:55:00+00:00,1.046208835128879,1.046243617372252,1.0459510949655384,1.0460841445909583,911
2024-01-17 23:00:00+00:00,1.0460841445909583,1.0464102063182148,1.0457961657125852,1.0463359154390166,108
2024-01-17 23:05:00+00:00,1.0463359154390166,1.0465812258890486,1.0460103704619725,1.046174375465993,969
2024-01-17 23:10:00+00:00,1.046174375465993,1.0464033998748181,1.0460785318891426,1.0463135478282257,452
2024-01-17 23:15:00+00:00,1.0463135478282257,1.047393106836505,1.04627646246893,1.0471677207799546,430
2024-01-17 23:20:00+00:00,1.0471677207799546,1.0473319758544388,1.046951212125319,1.0470986816409547,1333
2024-01-17 23:25:00+00:00,1.0470986816409547,1.047854782319922,1.0470403894579734,1.0477370651474707,724
2024-01-17 23:30:00+00:00,1.0477370651474707,1.0480531304088625,1.0473360937177456,1.0480510562650995,1206
2024-01-17 23:35:00+00:00,1.0480510562650995,1.0480955683967217,1.0472831678918486,1.0473031450256896,617
2024-01-17 23:40:00+00:00,1.0473031450256896,1.0474013303311753,1.0466747536703391,1.0467469553000914,949
2024-01-17 23:45:00+00:00,1.0467469553000914,1.0467590396351667,1.0462951706172123,1.0463316082629204,1031
2024-01-17 23:50:00+00:00,1.0463316082629204,1.04642702421543,1.0456748445624542,1.045905314498369,1350
2024-01-17 23:55:00+00:00,1.045905314498369,1.04621303843136,1.04565169929776,1.04587901534201,375
2024-01-18 00:00:00+00:00,1.04587901534201,1.0462411665130629,1.0458299296605365,1.0462213545782137,885
2024-01-18 00:05:00+00:00,1.0462213545782137,1.0469053508916613,1.0460567476699625,1.0468988657747729,668
2024-01-18 00:10:00+00:00,1.0468988657747729,1.04732102280399,1.0467392684049925,1.0470811178275115,749
2024-01-18 00:15:00+00:00,1.0470811178275115,1.0471673710076284,1.0468663283292723,1.0468687281259956,1288
2024-01-18 00:20:00+00:00,1.0468687281259956,1.0470766916922452,1.0456535467971264,1.0457997488793729,290
2024-01-18 00:25:00+00:00,1.0457997488793729,1.0458968348725404,1.0456191931357448,1.0458575761544728,865
2024-01-18 00:30:00+00:00,1.0458575761544728,1.0460608037045955,1.0456829060151398,1.0458919692821533,642
2024-01-18 00:35:00+00:00,1.0458919692821533,1.046065197737178,1.0458775934627371,1.0460085489786777,1354
2024-01-18 00:40:00+00:00,1.0460085489786777,1.0471462800444418,1.0458625925986753,1.0471310418284576,402
2024-01-18 00:45:00+00:00,1.0471310418284576,1.0480291623425066,1.047057581853913,1.0478015180262463,425
2024-01-18 00:50:00+00:00,1.0478015180262463,1.0482429457596356,1.0475266974152253,1.0482337680675495,227
2024-01-18 00:55:00+00:00,1.0482337680675495,1.0484276632628031,1.0475323166943686,1.0477504918752976,715
2024-01-18 01:00:00+00:00,1.0477504918752976,1.0479444488921799,1.0473877026574359,1.047502701634735,115
2024-01-18 01:05:00+00:00,1.047502701634735,1.0475411576336013,1.0473243057204409,1.047473976697771,800
2024-01-18 01:10:00+00:00,1.047473976697771,1.0475348587237665,1.0470548193230043,1.0470888167854315,413
2024-01-18 01:15:00+00:00,1.0470888167854315,1.0474813873764999,1.0469645418736042,1.047371773965422,660
2024-01-18 01:20:00+00:00,1.047371773965422,1.0476185873915587,1.0472201993848997,1.047579629528175,947
2024-01-18 01:25:00+00:00,1.047579629528175,1.0476492891592355,1.0468715509017328,1.047030536583435,1058
2024-01-18 01:30:00+00:00,1.047030536583435,1.0477460485005028,1.0469784901610133,1.047678029014725,185
2024-01-18 01:35:00+00:00,1.047678029014725,1.0479060949617605,1.0475817898472468,1.0477525767197415,308
2024-01-18 01:40:00+00:00,1.0477525767197415,1.0480112642682882,1.0467957447502685,1.0468677123966104,544
2024-01-18 01:45:00+00:00,1.0468677123966104,1.046908915293957,1.0468170726868669,1.0468617751605265,827
2024-01-18 01:50:00+00:00,1.0468617751605265,1.0471093613957032,1.0466557639026406,1.0470299045408469,1336
2024-01-18 01:55:00+00:00,1.0470299045408469,1.0478489778951938,1.0468213699692452,1.0475601164856037,294
2024-01-18 02:00:00+00:00,1.0475601164856037,1.047856237065105,1.0471371833302003,1.047404304277848,195
2024-01-18 02:05:00+00:00,1.047404304277848,1.0481717397028647,1.0473672332590473,1.047858845416434,980
2024-01-18 02:10:00+00:00,1.047858845416434,1.0481256340968113,1.047802873330091,1.047977851786435,1470
2024-01-18 02:15:00+00:00,1.047977851786435,1.0480673547152948,1.047123451987494,1.0473097372913902,1262
2024-01-18 02:20:00+00:00,1.0473097372913902,1.0474465608491956,1.0462826240626935,1.0465896245152564,891
2024-01-18 02:25:00+00:00,1.0465896245152564,1.047317108118158,1.046345196438563,1.0471979860642444,127
2024-01-18 02:30:00+00:00,1.0471979860642444,1.0479008492602924,1.0469253683559352,1.0478451461354488,906
2024-01-18 02:35:00+00:00,1.0478451461354488,1.0482363739657938,1.0477955484253498,1.0480352824732324,739
2024-01-18 02:40:00+00:00,1.0480352824732324,1.0488400946146028,1.0479565716302712,1.0488400198868963,725
2024-01-18 02:45:00+00:00,1.0488400198868963,1.049435269510199,1.0487622666549696,1.049415104034835,789
2024-01-18 02:50:00+00:00,1.049415104034835,1.0500369589276128,1.0491344746824525,1.0497947974940498,886
2024-01-18 02:55:00+00:00,1.0497947974940498,1.0498963281306495,1.0490809837021775,1.049337448360115,1108
2024-01-18 03:00:00+00:00,1.049337448360115,1.0503078868918665,1.0492090204522446,1.050266861622895,368
2024-01-18 03:05:00+00:00,1.050266861622895,1.050642739145462,1.05024127711901,1.050569496771172,204
2024-01-18 03:10:00+00:00,1.050569496771172,1.0506065472633652,1.0502697345557508,1.050387832937468,172
2024-01-18 03:15:00+00:00,1.050387832937468,1.0504163409742673,1.0500271349290418,1.050057869352782,668
2024-01-18 03:20:00+00:00,1.050057869352782,1.050220890778359,1.0500223618009183,1.0502136894254195,811
2024-01-18 03:25:00+00:00,1.0502136894254195,1.0503376040968353,1.0492070055225078,1.04935720913584,1199
2024-01-18 03:30:00+00:00,1.04935720913584,1.0497766178536545,1.0492173616158473,1.0497452998777883,706
2024-01-18 03:35:00+00:00,1.0497452998777883,1.049974437875508,1.048853941666546,1.0492657915433732,845
2024-01-18 03:40:00+00:00,1.0492657915433732,1.0495707762972704,1.0490132527182863,1.049481210064533,1467
2024-01-18 03:45:00+00:00,1.049481210064533,1.049608565479118,1.0490666458159337,1.0492284843173119,1149
2024-01-18 03:50:00+00:00,1.0492284843173119,1.0494369023042174,1.0490075671000996,1.0491107510644095,1067
2024-01-18 03:55:00+00:00,1.0491107510644095,1.0492716180352175,1.0487052476937677,1.0487346921368785,609
2024-01-18 04:00:00+00:00,1.0487346921368785,1.048779263211224,1.048501271078595,1.0486711233817847,313
2024-01-18 04:05:00+00:00,1.0486711233817847,1.049697962808387,1.0484806164493072,1.0496827656897607,1388
2024-01-18 04:10:00+00:00,1.0496827656897607,1.0507667313129236,1.049536421949372,1.0504306959550571,874
2024-01-18 04:15:00+00:00,1.0504306959550571,1.0506983448768095,1.0502549083737247,1.050637882356675,208
2024-01-18 04:20:00+00:00,1.050637882356675,1.0508298747051286,1.050550496536682,1.0506456075575177,775
2024-01-18 04:25:00+00:00,1.0506456075575177,1.0511812528216933,1.0505514769506756,1.051110098606117,227
2024-01-18 04:30:00+00:00,1.051110098606117,1.0517510878280631,1.0510014574192919,1.0517249824542756,1473
2024-01-18 04:35:00+00:00,1.0517249824542756,1.051889523476944,1.0511536013239744,1.051309646592191,839
2024-01-18 04:40:00+00:00,1.051309646592191,1.0514350924218276,1.0512335760087197,1.0512899666708413,1198
2024-01-18 04:45:00+00:00,1.0512899666708413,1.0514510901708738,1.050267419312269,1.0503532892669554,759
2024-01-18 04:50:00+00:00,1.0503532892669554,1.051401201486715,1.0502258470176724,1.0509641233305884,127
2024-01-18 04:55:00+00:00,1.0509641233305884,1.0523438440265591,1.0509398020329783,1.0520702758173806,993
2024-01-18 05:00:00+00:00,1.0520702758173806,1.05223388022462,1.0519044647986424,1.0521334434973846,1014
2024-01-18 05:05:00+00:00,1.0521334434973846,1.0525219137457207,1.0508549115732964,1.051036589056164,420
2024-01-18 05:10:00+00:00,1.051036589056164,1.051500970902635,1.0510288061394026,1.051377592893771,1103
2024-01-18 05:15:00+00:00,1.051377592893771,1.051655700761714,1.0508325683023898,1.0509233508999953,416
2024-01-18 05:20:00+00:00,1.0509233508999953,1.0509244888067049,1.0504025928249738,1.0505958046579873,1068
2024-01-18 05:25:00+00:00,1.0505958046579873,1.0509893660527327,1.0505851656355232,1.0509459558372867,1148
2024-01-18 05:30:00+00:00,1.0509459558372867,1.051203796074926,1.0506727738243955,1.051100736070778,292
2024-01-18 05:35:00+00:00,1.051100736070778,1.0512702147669106,1.0507307885078763,1.0508652323389789,508
2024-01-18 05:40:00+00:00,1.0508652323389789,1.0508789924962552,1.0505248410789465,1.0505449256566093,328
2024-01-18 05:45:00+00:00,1.0505449256566093,1.0506699691073547,1.0503381419162219,1.050632034769761,1118
2024-01-18 05:50:00+00:00,1.050632034769761,1.0507144126979,1.0502080243630663,1.0504379485971544,429
2024-01-18 05:55:00+00:00,1.0504379485971544,1.050478337200818,1.0497523873244852,1.0498763649665614,996
2024-01-18 06:00:00+00:00,1.0498763649665614,1.049929905842398,1.0496519337686283,1.0497227873818147,684
2024-01-18 06:05:00+00:00,1.0497227873818147,1.0500853575167046,1.0496589249177786,1.0499220208950912,216
2024-01-18 06:10:00+00:00,1.0499220208950912,1.0501204211721011,1.0498139281214987,1.0498495219596033,1335
2024-01-18 06:15:00+00:00,1.0498495219596033,1.0500202221760444,1.0488691363661076,1.049128533286964,1095
2024-01-18 06:20:00+00:00,1.049128533286964,1.0496948316259953,1.0490300285823448,1.0496683438154049,466
2024-01-18 06:25:00+00:00,1.0496683438154049,1.0500052541298384,1.0481730199576433,1.0482519153497616,1331
2024-01-18 06:30:00+00:00,1.0482519153497616,1.0482752189468507,1.047825404767025,1.0480389288237166,1092
2024-01-18 06:35:00+00:00,1.0480389288237166,1.0481580877078,1.0476790787597916,1.0477348935403086,1243
2024-01-18 06:40:00+00:00,1.0477348935403086,1.0478538638612018,1.0476888701464622,1.047833474328595,349
2024-01-18 06:45:00+00:00,1.047833474328595,1.0482542054763317,1.0477105215085816,1.0481486950198156,112
2024-01-18 06:50:00+00:00,1.0481486950198156,1.0487634291955432,1.0480949997672926,1.0487601665254025,186
2024-01-18 06:55:00+00:00,1.0487601665254025,1.0489236591576991,1.0481683567558098,1.0484075708019278,855
2024-01-18 07:00:00+00:00,1.0484075708019278,1.0489374978125894,1.0482678522131472,1.0487360276350233,1201
2024-01-18 07:05:00+00:00,1.0487360276350233,1.0490520480248675,1.0486784833738636,1.0488596832546984,1378
2024-01-18 07:10:00+00:00,1.0488596832546984,1.0490122384712817,1.04797432766476,1.047983078124897,1445
2024-01-18 07:15:00+00:00,1.047983078124897,1.048999956981184,1.0478062595862663,1.0489999047999548,938
2024-01-18 07:20:00+00:00,1.0489999047999548,1.0491500976974373,1.0482144604869414,1.0482662473122988,983
2024-01-18 07:25:00+00:00,1.0482662473122988,1.048650883206083,1.0481690956560403,1.048507085052946,506
2024-01-18 07:30:00+00:00,1.048507085052946,1.04885753054777,1.0482912166919824,1.0487324930768362,101
2024-01-18 07:35:00+00:00,1.0487324930768362,1.0489456537639619,1.048442922440494,1.0488980023516559,372
2024-01-18 07:40:00+00:00,1.0488980023516559,1.0490119131952589,1.0485505229437242,1.0486595999598485,177
2024-01-18 07:45:00+00:00,1.0486595999598485,1.0493304053336459,1.0486417082692199,1.049114326368953,1058
2024-01-18 07:50:00+00:00,1.049114326368953,1.0491812109628116,1.0481524763705476,1.0483168067198234,804
2024-01-18 07:55:00+00:00,1.0483168067198234,1.04860570223445,1.048290980394071,1.0483032683431914,1179
2024-01-18 08:00:00+00:00,1.0483032683431914,1.0483863778063067,1.047935206704009,1.0480286785753754,307
2024-01-18 08:05:00+00:00,1.0480286785753754,1.0481381509462853,1.047572081605428,1.0476947253153337,1377
2024-01-18 08:10:00+00:00,1.0476947253153337,1.0480388514705716,1.047606356784659,1.0479402776075428,1107
2024-01-18 08:15:00+00:00,1.0479402776075428,1.0487806114583036,1.047874371386469,1.0485258029946818,1368
2024-01-18 08:20:00+00:00,1.0485258029946818,1.048535739846691,1.0483658434167704,1.0483668172490854,1007
2024-01-18 08:25:00+00:00,1.0483668172490854,1.0488104159586042,1.0481754585509455,1.0487970046601964,574
2024-01-18 08:30:00+00:00,1.0487970046601964,1.0490210167223237,1.0486413129505123,1.0488440645307537,976
2024-01-18 08:35:00+00:00,1.0488440645307537,1.0488728316851776,1.0482942741930952,1.048396872972607,945
